label,stack_size,nop_ratio,leaveq_ratio,mov_ratio,add_ratio,inc_add_ratio,shr_div_ratio
icc,195.57142857142858,0.09435933147632312,0.0,0.3873738458234915,0.06789971123553373,609.6,14.3625
icc,195.3558648111332,0.09449093444909344,0.0,0.387267478122207,0.06795779402403503,604.8,14.325
icc,237.84386617100373,0.09451219512195122,0.0,0.38725145372500713,0.06792036689469594,633.4,10.936363636363636
icc,212.88631984585743,0.09251101321585903,0.0,0.3878807416402719,0.06701240657510923,616.0,14.475
icc,234.8,0.16338880484114976,0.0,0.3616175008286377,0.19676002651640703,13.4,0
icc,205.46762589928056,0.1654867256637168,0.0,0.3598150642432314,0.09115123265281413,221.6,15.104166666666666
icc,195.16831683168317,0.09341606342640468,0.0,0.3871730715358953,0.06754081034965748,606.0,14.33125
icc,195.20634920634922,0.0943921978404737,0.0,0.38728505668111135,0.06812012733574685,604.0,14.325
icc,173.52727272727273,0.0868929198361615,0.0,0.3843151461615382,0.0603007843419443,878.0,14.638743455497382
icc,173.56168359941944,0.0812875068194217,0.0,0.38466744748665566,0.056742252601666605,913.0,16.844444444444445
icc,195.74703557312253,0.0942936673625609,0.0,0.3870784472688043,0.06782825735862065,606.6,15.20625
icc,212.88631984585743,0.09247967479674797,0.0,0.3878795276502383,0.06700593723494487,616.0,14.475
icc,197.2,0.08626018544534982,0.0,0.3807697693443424,0.06174319567038523,705.0,16.475138121546962
icc,192.8013582342954,0.0904716073147257,0.0,0.3877209328589982,0.06354678412106839,669.6,14.776470588235295
icc,192.8013582342954,0.0904716073147257,0.0,0.3877209328589982,0.0635693715060139,669.6,14.776470588235295
icc,197.2,0.08609085810431856,0.0,0.38076006583634264,0.06170928832878866,705.0,16.475138121546962
icc,195.3558648111332,0.09449093444909344,0.0,0.387267478122207,0.06796100898259422,604.8,14.325
icc,195.57142857142858,0.09435933147632312,0.0,0.3873738458234915,0.06789971123553373,609.6,14.3625
icc,195.74703557312253,0.0942936673625609,0.0,0.3870784472688043,0.06782825735862065,606.6,15.20625
icc,192.8013582342954,0.0904716073147257,0.0,0.3877209328589982,0.06354678412106839,669.6,14.776470588235295
icc,237.84386617100373,0.09531886024423337,0.0,0.3872343301648551,0.06702038107761031,633.4,11.552884615384615
icc,195.20634920634922,0.0943921978404737,0.0,0.38728505668111135,0.06811691503133603,604.0,14.325
icc,192.8013582342954,0.0904716073147257,0.0,0.3877209328589982,0.0635693715060139,669.6,14.776470588235295
icc,173.56168359941944,0.0812875068194217,0.0,0.38466744748665566,0.05675185284743289,913.0,16.844444444444445
icc,234.8,0.16338880484114976,0.0,0.3616175008286377,0.19676002651640703,13.4,0
icc,173.52727272727273,0.0868929198361615,0.0,0.3843151461615382,0.0603007843419443,878.0,14.638743455497382
icc,212.88631984585743,0.09251101321585903,0.0,0.3878807416402719,0.06701240657510923,616.0,14.475
icc,205.46762589928056,0.16534040671971706,0.0,0.35981234156861264,0.09122621164541636,221.6,15.76086956521739
icc,195.16831683168317,0.09341606342640468,0.0,0.3871730715358953,0.06754081034965748,606.0,14.33125
icc,212.88631984585743,0.09247967479674797,0.0,0.3878795276502383,0.06700593723494487,616.0,14.475
icc,194.85714285714286,0.09891646277525341,0.0,0.3887120037924762,0.06971364787127099,597.2,12.49685534591195
icc,192.14940577249575,0.09428479173393607,0.0,0.38921784144093036,0.0650853306859547,656.4,13.023668639053254
icc,194.45544554455446,0.09795777085496711,0.0,0.38851757384755087,0.06952419742535121,593.6,12.465408805031446
icc,212.19267822736032,0.09703779366700716,0.0,0.3893726762591347,0.06861014408426118,602.8,12.61006289308176
icc,192.14940577249575,0.09428479173393607,0.0,0.38921784144093036,0.0650853306859547,656.4,13.023668639053254
icc,234.0,0.1619190404797601,0.0,0.36235215446984576,0.19835332469595018,13.6,0
icc,196.69483568075117,0.08998875140607424,0.0,0.38192052792202935,0.06340017490770909,691.2,14.722222222222221
icc,237.54189944134077,0.0989423404981235,0.0,0.3887366237699693,0.06895938026838211,617.2,10.082926829268292
icc,194.64015904572565,0.09905495274763738,0.0,0.38860479393371067,0.07001329024684778,592.4,12.459119496855346
icc,194.4920634920635,0.09898565932144106,0.0,0.38862076868116313,0.07008722145081492,591.6,12.459119496855346
icc,195.03557312252966,0.09888190076869321,0.0,0.3885925841391741,0.0696474663426521,593.4,12.49056603773585
icc,172.8121212121212,0.09066823667942302,0.0,0.3856519769624021,0.06156992169805216,862.2,13.010526315789473
icc,172.96952104499275,0.08645690834473324,0.0,0.385961810466761,0.05827692463123863,898.6,14.960893854748603
icc,204.9496402877698,0.168,0.0,0.36203365480138777,0.09187057726696113,222.6,13.145833333333334
icc,212.19267822736032,0.0970708446866485,0.0,0.3893739562650396,0.06860379492169523,602.8,12.61006289308176
icc,176.0,0.7744360902255639,0.005287009063444109,0.36265757397463994,0.03356018735146003,3613.0,8.581818181818182
icc,209.33059548254622,0.7159090909090909,0.0056315366049879325,0.3675369702115616,0.03607632255477723,3063.0,7.5327102803738315
icc,185.10794297352342,0.8724489795918368,0.004953998584571833,0.36657001867908223,0.03469569823524492,3393.0,6.046153846153846
icc,199.0125944584383,0.8571428571428571,0.005612722170252572,0.3720686573603279,0.037317802224892914,2566.0,6.864077669902913
icc,257.8076923076923,0.8631578947368421,0.005390835579514825,0.3713580189257506,0.036771530814180886,2744.0,5.1875
icc,212.86274509803923,0.6428571428571429,0.0,0.3451741417843113,0.027846027846027847,745.0,8.84375
icc,224.79601990049753,0.861878453038674,0.0055658627087198514,0.37219884793874936,0.03685512558912223,2622.0,6.912621359223301
icc,200.02025316455695,0.8571428571428571,0.005607476635514018,0.3720264711142908,0.03753569468172371,2567.0,6.864077669902913
icc,198.93467336683418,0.8620689655172413,0.0055762081784386614,0.37212780504480747,0.036963104046101626,2577.0,6.87378640776699
icc,206.90337078651686,0.8716577540106952,0.005076142131979695,0.3716117860331719,0.035103763629968344,2974.0,6.568807339449541
icc,200.12151898734177,0.8563218390804598,0.0056022408963585435,0.37198365394690613,0.03715460333701099,2579.0,6.883495145631068
icc,200.2233502538071,0.8538011695906432,0.005644402634054563,0.372086843129863,0.03728469986218319,2567.0,6.864077669902913
icc,224.79601990049753,0.8571428571428571,0.0055658627087198514,0.3721966076394323,0.03685490375470994,2622.0,6.912621359223301
icc,206.90337078651686,0.8716577540106952,0.005076142131979695,0.3716117860331719,0.035103763629968344,2974.0,6.568807339449541
icc,272.61538461538464,0.4146341463414634,0.0,0.31836164766115893,0.01489411217128229,64.0,0
icc,97.16666666666667,0.5625,77.0,0.6325503355704698,0.04697986577181208,3.0,0
icc,124.71502590673575,0.8756476683937824,14.495744680851065,0.6598783083327902,0.04408276393686997,181.0,11.46043165467626
icc,123.33772342427093,0.8730964467005076,14.179856115107913,0.6569697237904373,0.04572725491063808,172.0,12.068702290076336
icc,112.55767869780608,0.6533742331288344,14.31496062992126,0.648700015938872,0.04763549248699533,331.0,16.97142857142857
icc,119.49587978671838,0.8626373626373627,13.884892086330936,0.6572832237468569,0.04581328013789497,168.0,11.98473282442748
icc,119.67316341829086,0.734982332155477,15.453191489361702,0.6500328054636009,0.04500810195540445,268.0,17.874074074074073
icc,119.7933723196881,0.8700564971751412,13.844124700239808,0.6573643812211192,0.04587286588917509,168.0,11.977099236641221
icc,123.33772342427093,0.8775510204081632,14.179856115107913,0.6569718004886946,0.04573056048148745,172.0,12.068702290076336
icc,119.92992700729927,0.8674033149171271,13.872901678657074,0.6572389789685077,0.04579531585982449,172.0,11.977099236641221
icc,132.81121495327102,0.8708133971291866,13.395973154362416,0.6566281118345462,0.04551206434316354,168.0,9.278409090909092
icc,124.71502590673575,0.8756476683937824,14.495744680851065,0.6598783083327902,0.04408276393686997,181.0,11.46043165467626
icc,119.183908045977,0.8729281767955801,13.810874704491725,0.6574188350098159,0.04561993618068922,169.0,11.992366412213741
icc,122.36335403726709,0.8793969849246231,15.606936416184972,0.6528195044455652,0.04475779039933335,209.0,9.445086705202312
icc,177.19844357976655,0.7368421052631579,52.830357142857146,0.6092134103046954,0.03716080634705029,22.0,5.711864406779661
icc,119.92214111922141,0.8641304347826086,13.764285714285714,0.6574060615457168,0.04595094818647829,168.0,11.992366412213741
icc,209.16155419222903,0.7148148148148148,0.004662004662004662,0.36666760857893693,0.036367232755941115,3027.0,7.579439252336448
icc,257.8033573141487,0.8636363636363636,0.004344048653344918,0.3704733265731902,0.03698264508083033,2712.0,5.208333333333333
icc,200.52658227848102,0.8608247422680413,0.004516711833785004,0.37122445957950845,0.03744077583654131,2529.0,6.922330097087379
icc,176.47145488029466,0.776173285198556,0.004395604395604396,0.36198088827453573,0.03477002593536039,3590.0,8.590909090909092
icc,225.15136476426798,0.8676470588235294,0.0044964028776978415,0.3713157277771432,0.03698248862331604,2583.0,6.951456310679611
icc,207.62247191011235,0.8737864077669902,0.004084967320261438,0.3707584911161141,0.03513062632610421,2932.0,6.623853211009174
icc,200.32323232323233,0.8585858585858586,0.004512635379061372,0.3712165989410171,0.0376677749045684,2529.0,6.922330097087379
icc,207.62247191011235,0.8737864077669902,0.004084967320261438,0.3707584911161141,0.03513062632610421,2932.0,6.623853211009174
icc,185.71079429735235,0.8761467889908257,0.004181184668989547,0.3658711703615864,0.03488479817678176,3359.0,6.007575757575758
icc,199.1578947368421,0.865979381443299,0.004480286738351254,0.37143013825502535,0.03810086706435043,2539.0,6.932038834951456
icc,199.25628140703517,0.8585858585858586,0.004516711833785004,0.3712351945854484,0.03748961698200277,2526.0,6.922330097087379
icc,212.86274509803923,0.578125,0.0,0.34537092359210214,0.027317317178229515,739.0,8.424242424242424
icc,268.9230769230769,0.36585365853658536,0.0,0.31565539601667436,0.015516442797591477,65.0,0
icc,225.15136476426798,0.8634146341463415,0.0044964028776978415,0.3713134956417193,0.036988277727682595,2583.0,6.951456310679611
icc,200.44444444444446,0.8615384615384616,0.004528985507246377,0.3711131486803321,0.037402386417481524,2540.0,6.941747572815534
icc,211.7246963562753,0.09346114344402602,0.0,0.3685961364830117,0.07127285959991624,589.2,15.466165413533835
icc,190.5441696113074,0.09076279369166398,0.0,0.3683286162319284,0.06668400520156047,643.0,15.748251748251748
icc,240.0,0.1613394216133942,0.0,0.354889860289706,0.20270849404302735,11.0,0
icc,192.51529790660226,0.08364048766657216,0.0,0.3564235680132972,0.06493993588844157,657.2,18.67361111111111
icc,192.86307053941908,0.09492350486787204,0.0,0.36763849108472907,0.0699685671724061,579.4,15.285714285714286
icc,238.01174168297456,0.09100067159167226,0.0,0.3665748571696955,0.07059490541161631,606.4,11.1139896373057
icc,171.68195718654434,0.08340124966041837,0.0,0.3599036744770428,0.061727136464831266,778.8,17.774834437086092
icc,193.04781704781703,0.09421544856252165,0.0,0.3680805226663293,0.07217940472550528,583.0,15.323308270676693
icc,192.6153846153846,0.09421544856252165,0.0,0.3679454024000958,0.07266878536547554,577.4,15.278195488721805
icc,173.4218009478673,0.08867141162514829,0.0,0.3603498045397897,0.06379618879219437,828.2,15.463414634146341
icc,193.20910973084887,0.09537166900420757,0.0,0.36743411500879863,0.07234142296887408,580.0,16.338345864661655
icc,192.75,0.09441166261714683,0.0,0.3678813120003385,0.07251901666978175,578.2,15.278195488721805
icc,190.5441696113074,0.09076279369166398,0.0,0.3683286162319284,0.06668400520156047,643.0,15.748251748251748
icc,211.7246963562753,0.09346114344402602,0.0,0.36859740188404605,0.07128340336711433,589.2,15.466165413533835
icc,219.41176470588235,0.167420814479638,0.0,0.28396367537510764,0.09189948776839274,195.2,13.875
icc,190.5441696113074,0.09076279369166398,0.0,0.3683286162319284,0.06668400520156047,643.0,15.748251748251748
icc,219.41176470588235,0.16711833785004518,0.0,0.2839615300348285,0.09187612852534319,195.2,14.478260869565217
icc,211.7246963562753,0.09346114344402602,0.0,0.36859740188404605,0.07128340336711433,589.2,15.466165413533835
icc,192.51529790660226,0.0836642087351106,0.0,0.3564262663112109,0.06493993588844157,657.2,18.67361111111111
icc,192.6153846153846,0.09421544856252165,0.0,0.3679454024000958,0.07266878536547554,577.4,15.278195488721805
icc,238.01174168297456,0.09149007736293306,0.0,0.36656410325238986,0.07071506944001718,606.4,11.834254143646408
icc,211.7246963562753,0.09346114344402602,0.0,0.3685961364830117,0.07127285959991624,589.2,15.466165413533835
icc,240.0,0.1613394216133942,0.0,0.354889860289706,0.20270849404302735,11.0,0
icc,193.20910973084887,0.09537166900420757,0.0,0.36743411500879863,0.07234142296887408,580.0,16.338345864661655
icc,171.68195718654434,0.08340124966041837,0.0,0.3599036744770428,0.06172989177155201,778.8,17.774834437086092
icc,192.75,0.09441166261714683,0.0,0.3678813120003385,0.07251901666978175,578.2,15.278195488721805
icc,192.86307053941908,0.09492350486787204,0.0,0.36763849108472907,0.0699685671724061,579.4,15.285714285714286
icc,190.5441696113074,0.09076279369166398,0.0,0.3683286162319284,0.06668400520156047,643.0,15.748251748251748
icc,193.04781704781703,0.09421544856252165,0.0,0.3680805226663293,0.07217237586147515,583.0,15.323308270676693
icc,173.4218009478673,0.08867141162514829,0.0,0.3603498045397897,0.06379352584655042,828.2,15.463414634146341
icc,192.1032258064516,0.0836642087351106,0.0,0.3562517100634945,0.06720655310434702,614.4,16.67132867132867
icc,219.23529411764707,0.16984559491371481,0.0,0.28521760346457653,0.09263015035530209,196.0,11.916666666666666
icc,190.329203539823,0.08822585819698428,0.0,0.36858180749336256,0.06847349974600396,600.8,13.830985915492958
icc,173.13924050632912,0.08622222222222223,0.0,0.3603836079659631,0.06433748631456408,783.4,13.71165644171779
icc,192.88333333333333,0.09206896551724138,0.0,0.3681820356460712,0.07408906733596587,541.6,13.257575757575758
icc,192.58455114822547,0.09225984796129924,0.0,0.3680697905471038,0.07165202232292901,536.8,13.212121212121213
icc,239.1578947368421,0.16232771822358347,0.0,0.35522233712512924,0.20367976559806963,11.0,0
icc,192.45,0.09206896551724138,0.0,0.36801865627582947,0.07327827960798206,536.0,13.212121212121213
icc,211.56997971602433,0.09186798230690711,0.0,0.36853339668552837,0.07249506860754755,547.0,13.401515151515152
icc,238.31827111984282,0.09026608285618053,0.0,0.36651267518148994,0.07099725074025319,561.2,10.275280898876405
icc,211.56997971602433,0.09186798230690711,0.0,0.3685347232470996,0.07248813041960181,547.0,13.401515151515152
icc,192.6985446985447,0.09286209286209286,0.0,0.36749496011920413,0.07321339877874193,538.0,13.219696969696969
icc,190.329203539823,0.08822585819698428,0.0,0.36858180749336256,0.06847349974600396,600.8,13.830985915492958
icc,193.04564315352698,0.09319371727748692,0.0,0.3676616440268299,0.07405393889080718,537.8,13.25
icc,171.41807044410413,0.08290436196152805,0.0,0.3592412849913153,0.06431015678648301,732.4,15.773333333333333
icc,226.77306733167083,0.8,0.0055248618784530384,0.3462687818520448,0.03775234604720241,2623.0,6.912621359223301
icc,200.46464646464648,0.8070175438596491,0.0055658627087198514,0.34617367606982397,0.03826323930176033,2567.0,6.864077669902913
icc,209.86122448979592,0.6546184738955824,0.005595523581135092,0.33707912359707864,0.036488788295960986,3070.0,7.5327102803738315
icc,185.98373983739836,0.835,0.004971590909090909,0.3329040358578795,0.03497158789288797,3395.0,6.061538461538461
icc,200.38287153652394,0.8095238095238095,0.005591798695246971,0.3460745748697402,0.038035250700697354,2578.0,6.87378640776699
icc,208.3963963963964,0.8206521739130435,0.005084745762711864,0.34582273843899497,0.034634530017670126,2975.0,6.568807339449541
icc,226.77306733167083,0.8,0.0055248618784530384,0.3462667081876108,0.03774014276816941,2623.0,6.912621359223301
icc,258.74340527577937,0.7053571428571429,0.0053475935828877,0.34288763973245623,0.037880765504719145,2745.0,5.1875
icc,213.6153846153846,0.640625,0.0,0.23185792349726775,0.02715846994535519,746.0,8.84375
icc,208.3963963963964,0.8206521739130435,0.005084745762711864,0.34582273843899497,0.034634530017670126,2975.0,6.568807339449541
icc,176.86764705882354,0.6601307189542484,0.005247376311844078,0.33153705624764757,0.034380192602520905,3610.0,8.581818181818182
icc,201.58375634517768,0.6782178217821783,0.005555555555555556,0.3463592501197009,0.03819380501638982,2580.0,6.883495145631068
icc,256.0,0.38461538461538464,0.0,0.28113553113553114,0.01488095238095238,64.0,0
icc,201.68956743002545,0.6716417910447762,0.005597014925373134,0.3463941257208979,0.038092951972967484,2568.0,6.864077669902913
icc,201.48223350253807,0.6748768472906403,0.0055248618784530384,0.3462507063708508,0.036485590034642884,2568.0,6.864077669902913
icc,123.33772342427093,0.797979797979798,14.045130641330166,0.6396901102783455,0.045988215105862165,174.0,12.068702290076336
icc,119.49587978671838,0.7883597883597884,13.785714285714286,0.6403260007863206,0.04586440481331331,170.0,11.98473282442748
icc,122.36335403726709,0.8075117370892019,15.547024952015356,0.6302400555861938,0.04529983260975722,211.0,9.445086705202312
icc,119.67316341829086,0.663003663003663,15.720779220779221,0.6265715248185969,0.04397195905490901,273.0,17.874074074074073
icc,119.92214111922141,0.6966824644549763,13.666666666666666,0.6405320243435969,0.04604900326064871,170.0,11.992366412213741
icc,177.19844357976655,0.7254901960784313,52.830357142857146,0.5333694234977469,0.03822253398702279,22.0,5.711864406779661
icc,124.71502590673575,0.8048780487804879,14.495744680851065,0.6431611905091879,0.04407983867090165,183.0,11.46043165467626
icc,112.55767869780608,0.5749318801089919,14.286836935166994,0.6238375325970241,0.047646782481975763,333.0,16.97142857142857
icc,119.92992700729927,0.6933962264150944,13.872901678657074,0.6404171300549619,0.0445046177650984,174.0,11.977099236641221
icc,119.7933723196881,0.6889952153110048,13.844124700239808,0.640502222911497,0.046070486972704716,170.0,11.977099236641221
icc,132.81121495327102,0.7124463519313304,13.547511312217194,0.6369160433013792,0.04573990483951205,170.0,9.278409090909092
icc,123.33772342427093,0.797979797979798,14.07857142857143,0.6396921281327382,0.04599151459710108,174.0,12.068702290076336
icc,124.71502590673575,0.8048780487804879,14.495744680851065,0.6431611905091879,0.04407983867090165,183.0,11.46043165467626
icc,119.183908045977,0.783068783068783,13.586046511627908,0.6403950951503794,0.045983763300461944,171.0,11.992366412213741
icc,97.16666666666667,0.5333333333333333,154.0,0.5982142857142857,0.04728835978835979,3.0,0
icc,187.42857142857142,0.8301886792452831,0.004149377593360996,0.3313066131526622,0.033420170852050964,3362.0,6.0227272727272725
icc,252.57142857142858,0.36585365853658536,0.0,0.27852425415622867,0.015486221817353677,65.0,0
icc,202.00506329113924,0.6711111111111111,0.004516711833785004,0.3450805655832654,0.03815909634160543,2542.0,6.941747572815534
icc,200.76574307304787,0.8095238095238095,0.004524886877828055,0.34496007647668014,0.03840379441989864,2528.0,6.922330097087379
icc,226.7860696517413,0.8112244897959183,0.004476275738585497,0.34487565284499827,0.03785154917949424,2585.0,6.951456310679611
icc,209.2072072072072,0.824390243902439,0.0040551500405515,0.3446179482355471,0.03364958206789045,2934.0,6.623853211009174
icc,177.7058823529412,0.6389776357827476,0.00440852314474651,0.3303725703181216,0.03464459385756255,3588.0,8.590909090909092
icc,209.869918699187,0.6640625,0.004626060138781804,0.3357278957200691,0.03657065123711292,3035.0,7.579439252336448
icc,215.2233009708738,0.559322033898305,0.0,0.22868254207347968,0.027222808002519618,740.0,8.424242424242424
icc,202.0507614213198,0.6696428571428571,0.004456327985739751,0.3451411717717902,0.038446649666656424,2531.0,6.922330097087379
icc,209.2072072072072,0.824390243902439,0.0040551500405515,0.3446179482355471,0.03364958206789045,2934.0,6.623853211009174
icc,201.84303797468354,0.668141592920354,0.0044964028776978415,0.34506040350769607,0.03657325075121114,2531.0,6.922330097087379
icc,200.66331658291458,0.8138297872340425,0.004492362982929021,0.34482151743558,0.038184709123790794,2541.0,6.932038834951456
icc,226.7860696517413,0.8112244897959183,0.004476275738585497,0.3448735896239396,0.03785132273233067,2585.0,6.951456310679611
icc,258.90909090909093,0.6956521739130435,0.004306632213608958,0.3414788128721359,0.037885457451984336,2714.0,5.208333333333333
gcc,86.37849017580145,0.08175642891800097,0.00145985401459854,0.3951015301703397,0.04141258606661359,0.008333333333333333,8.763636363636364
gcc,88.41007194244604,0.0810840108401084,0.0012836970474967907,0.39702443227275525,0.0390024001477014,0.004726536124240378,8.38655462184874
gcc,85.94026776519053,0.08136291984964229,0.001466275659824047,0.3953709977051688,0.041468691946235384,0.005351681957186544,8.790909090909091
gcc,88.41007194244604,0.0810840108401084,0.0012836970474967907,0.39702443227275525,0.0390024001477014,0.004726536124240378,8.38655462184874
gcc,85.36891679748823,0.07792920515869386,0.0011376564277588168,0.38980058798367767,0.03794735305500296,0.012907608695652174,8.090225563909774
gcc,111.12166172106825,0.07956371986222732,0.001392757660167131,0.3952797580470944,0.041365471858018844,0.005061460592913955,6.616883116883117
gcc,95.52562814070352,0.08238636363636363,0.0014234875444839859,0.3955930305607433,0.040924301154308035,0.005271084337349397,8.845454545454546
gcc,86.13029989658739,0.08110408560311284,0.0014652014652014652,0.39517812352002246,0.04150514812930838,0.005339435545385202,8.763636363636364
gcc,86.27094105480869,0.0814419225634179,0.0014716703458425313,0.395227543441704,0.041471062219730945,0.005351681957186544,8.763636363636364
gcc,84.55696202531645,0.08685376661742984,0.0,0.3621910767115919,0.02560041438803056,0.0,10.914285714285715
gcc,64.34782608695652,0.10426540284360189,0.0,0.38820464234959734,0.016816674561819043,0.0,0
gcc,85.84804928131418,0.08126870137642131,0.001455604075691412,0.3950646176248797,0.04121486335387576,0.00532319391634981,8.790909090909091
gcc,77.33333333333333,0.07727387889536357,0.0010899182561307902,0.38710638720572166,0.03694280578190639,0.05885471898197243,10.626016260162602
gcc,78.07747035573122,0.07964992927864215,0.0010964912280701754,0.39154253005440365,0.0376003126792705,0.009019165727170236,7.75177304964539
gcc,95.52562814070352,0.08239611696460282,0.0014234875444839859,0.39559472118704914,0.04092874970084447,0.005271084337349397,8.845454545454546
gcc,64.34782608695652,0.10328638497652583,0.0,0.38747044917257684,0.017257683215130024,0.0,0
gcc,85.956745623069,0.08185787048265826,0.001467351430667645,0.39539316362618965,0.04146065303588681,0.005351681957186544,8.790909090909091
gcc,88.42446043165468,0.08151761517615176,0.001288659793814433,0.3970357434106261,0.03899001400193873,0.004726536124240378,8.38655462184874
gcc,95.52562814070352,0.08278067266698247,0.0014144271570014145,0.3955669552206904,0.04095757187132628,0.005271084337349397,8.845454545454546
gcc,77.29446064139941,0.07752723587534836,0.0010899182561307902,0.3870844674418679,0.03700319634264024,0.058761249338274216,10.626016260162602
gcc,86.39503619441572,0.08224163027656478,0.00145985401459854,0.39511422596704904,0.041508080251288375,0.008333333333333333,8.763636363636364
gcc,84.55696202531645,0.08687943262411348,0.0,0.36184707801249155,0.02568922305764411,0.0,10.942857142857143
gcc,111.12166172106825,0.08059323982524719,0.0013995801259622112,0.3953519300462147,0.041460252019815805,0.005065123010130246,6.793333333333333
gcc,85.38775510204081,0.07842240117130307,0.0011441647597254005,0.38982360231575014,0.03798237720921546,0.012907608695652174,8.090225563909774
gcc,78.07747035573122,0.08044554455445545,0.001100715465052284,0.39132765858135404,0.03754608502035783,0.009019165727170236,7.75177304964539
gcc,86.28748707342295,0.08192741837601651,0.001467351430667645,0.39524026417672514,0.041536008969395445,0.005351681957186544,8.763636363636364
gcc,95.52562814070352,0.08277087033747779,0.0014144271570014145,0.3955652642288587,0.040957396783598235,0.005271084337349397,8.845454545454546
gcc,85.86447638603696,0.0817474566128067,0.001448225923244026,0.39507719246539125,0.041279115125562364,0.00532319391634981,8.790909090909091
gcc,88.42446043165468,0.08151761517615176,0.001288659793814433,0.3970357434106261,0.03899001400193873,0.004726536124240378,8.38655462184874
gcc,86.14684591520165,0.08159046692607004,0.001466275659824047,0.39519085710276114,0.04147809002561134,0.005339435545385202,8.763636363636364
gcc,2.652299651144443e+16,0.08356685348278622,0.0005605381165919282,0.37717976847379364,0.03610842761940628,0.09578270192994996,8.472222222222221
gcc,3.776201448046999e+16,0.08504398826979472,0.0007757951900698216,0.38530098634502846,0.03937137676182103,0.015920398009950248,6.421568627450981
gcc,3.602879701896407e+16,0.08393727763868758,0.0007347538574577516,0.3862823370833117,0.039032609259163256,0.01125703564727955,4.813793103448276
gcc,3.3237376709386664e+16,0.08382779952026259,0.000676132521974307,0.38528367418215687,0.03763727734875238,0.010498687664041995,6.192660550458716
gcc,3.74173307783156e+16,0.08541609447953859,0.0007645259938837921,0.3853347259849202,0.039026884703680736,0.011964107676969093,6.431372549019608
gcc,69.38289962825279,0.09424083769633508,0.0,0.3691198735211758,0.027988799121079357,0.0,8.257142857142858
gcc,2.9350428120460776e+16,0.08766501650165016,0.0005633802816901409,0.38428532014511435,0.037295701337901443,0.015861027190332326,5.616541353383458
gcc,57.6,0.10857142857142857,0.0,0.37676373461422996,0.0204142900030021,0.0,0
gcc,3.678313873122552e+16,0.0864953080375357,0.0007564296520423601,0.3856779333447861,0.038910840061845045,0.011834319526627219,6.46078431372549
gcc,3.780070506907703e+16,0.08491620111731843,0.0007727975270479134,0.38546254295532645,0.03945567010309278,0.012012012012012012,6.421568627450981
gcc,3.780070506907703e+16,0.0845464725643897,0.000774593338497289,0.3853915380632938,0.03934657369771873,0.011976047904191617,6.421568627450981
gcc,3.678313873122552e+16,0.08648354636932282,0.0007564296520423601,0.38567586284646727,0.03891063117037896,0.011834319526627219,6.46078431372549
gcc,2.8733246220731468e+16,0.08173583315778386,0.0006006006006006006,0.38155908485024326,0.036666540520311666,0.020210896309314587,6.844036697247707
gcc,3.3237376709386664e+16,0.08382779952026259,0.000676132521974307,0.38528367418215687,0.03763727734875238,0.010498687664041995,6.192660550458716
gcc,3.756974353097676e+16,0.08492539394784548,0.0007716049382716049,0.3854257638923218,0.03947028743113572,0.012012012012012012,6.4411764705882355
gcc,7.453229928771544e+16,0.1,0.0011037527593818985,0.39305026971572293,0.0331204288976404,1053.0,3.5661764705882355
gcc,7.279693793886966e+16,0.028985507246376812,0.0009380863039399625,0.39041632743877464,0.03171633300126926,1220.0,3.9510489510489513
gcc,7.305641217310722e+16,0.15789473684210525,0.001091703056768559,0.39335500039157334,0.032879108256976534,1067.0,3.5661764705882355
gcc,58.56,0.058823529411764705,0.0,0.40089163237311387,0.01131687242798354,27.0,0
gcc,6.582245878219295e+16,0.10526315789473684,0.000999000999000999,0.3927054591893523,0.031803776149218234,1213.0,3.4405594405594404
gcc,7.498676452727467e+16,0.1,0.0011111111111111111,0.39306887678374497,0.03347926344283662,1047.0,3.5661764705882355
gcc,87.20379146919431,0.05555555555555555,0.0,0.38812966920108005,0.026851529758650964,312.0,3.435483870967742
gcc,7.52928329539166e+16,0.10526315789473684,0.0011148272017837235,0.39290371331322765,0.03322790100506209,1058.0,3.5588235294117645
gcc,7.170745995611109e+16,0.14285714285714285,0.0010504201680672268,0.39393613929568744,0.03306124511947031,1136.0,2.8547486033519553
gcc,5.270498306774165e+16,0.03278688524590164,0.000877963125548727,0.3845071406472989,0.029994710631630422,1656.0,4.4206896551724135
gcc,7.314331512176674e+16,0.10526315789473684,0.0008019246190858059,0.3923764342453663,0.031578472277942714,1393.0,3.2083333333333335
gcc,7.536974085274595e+16,0.15789473684210525,0.0011160714285714285,0.39298859590900864,0.03336082114818614,1050.0,3.5588235294117645
gcc,6.582245878219295e+16,0.10526315789473684,0.000999000999000999,0.3927054591893523,0.031803776149218234,1213.0,3.4405594405594404
gcc,7.305641217310722e+16,0.15,0.001091703056768559,0.3933524332861273,0.03287889368200536,1067.0,3.5661764705882355
gcc,7.536974085274595e+16,0.15,0.0011135857461024498,0.39308392829660954,0.033315713052613265,1048.0,3.5588235294117645
gcc,3.030680844530604e+16,0.9866204162537165,3.312925170068027,0.6006251949093393,0.04095694916764431,0.014423076923076924,6.404761904761905
gcc,2.98974782393997e+16,0.9868677042801557,3.316258351893096,0.6000683662270838,0.0408973966860371,0.013996889580093312,4.976470588235294
gcc,2.441121844778511e+16,0.989339893398934,3.3504587155963304,0.5920688425854808,0.04040067358609236,0.03690036900369004,5.2485207100591715
gcc,2.7477771708604188e+16,0.9872941176470589,3.309572301425662,0.6019046467739877,0.03977192593637298,0.02418207681365576,6.196969696969697
gcc,3.1072561606473224e+16,0.9862104187946884,3.3929411764705883,0.6014681595733398,0.04136679747276557,0.014705882352941176,6.365079365079365
gcc,2.7477771708604188e+16,0.9872941176470589,3.309572301425662,0.6019046467739877,0.039768567955459744,0.02418207681365576,6.196969696969697
gcc,3.0252962810511852e+16,0.9736561053755785,3.2915254237288134,0.5874429362185012,0.03969415834351169,0.14711538461538462,8.263157894736842
gcc,62.285714285714285,0.6052631578947368,1.5333333333333334,0.564011537608165,0.04126913689815842,0.0,0
gcc,3.0693417759916148e+16,0.986815415821501,3.413551401869159,0.6015230141862613,0.040850274488010395,0.014657980456026058,6.373015873015873
gcc,3.1212764930134696e+16,0.9862104187946884,3.4166666666666665,0.6016402890791479,0.04126506252512001,0.01468189233278956,6.373015873015873
gcc,3.030680844530604e+16,0.9861317483902923,3.312925170068027,0.6006229650612385,0.040956797113124964,0.014423076923076924,6.404761904761905
gcc,9.944336427875778e+16,0.9715808170515098,1.5466666666666666,0.5292975226185401,0.04034863341386007,0.0,6.673913043478261
gcc,3.12656679215417e+16,0.9861467419189328,3.395734597156398,0.6016794977458573,0.041170862878997926,0.01468189233278956,6.357142857142857
gcc,3.1212764930134696e+16,0.9871926229508197,3.395734597156398,0.6015470735598989,0.041087272079529134,0.021103896103896104,6.357142857142857
gcc,2.406097053092559e+16,0.9727653631284916,3.4906015037593985,0.591988073624703,0.03931866153005949,0.08441558441558442,7.515384615384615
gcc,57.6,0.07142857142857142,0.0,0.46678321678321677,0.017482517482517484,0.0,0
gcc,3.3971904371472544e+16,0.06666666666666667,0.0,0.43343830190943744,0.04032050659244569,0.014874141876430207,5.4324324324324325
gcc,3.34180146262855e+16,0.0625,0.0,0.43395438828061983,0.03994268920740753,0.014606741573033709,5.45045045045045
gcc,3.34180146262855e+16,0.06666666666666667,0.0,0.43395683615564257,0.03994291451843997,0.014606741573033709,5.45045045045045
gcc,3.04150767909474e+16,0.06666666666666667,0.0,0.43697325769854134,0.039009319286871964,0.01287128712871287,5.237288135593221
gcc,80.97297297297297,0.06666666666666667,0.0,0.4618082474988002,0.025756512964398667,0.0,7.0
gcc,3.4512149810495024e+16,0.06666666666666667,0.0,0.43320368404044135,0.04043557545819676,0.019406392694063926,5.423423423423423
gcc,2.5835776013598884e+16,0.029411764705882353,0.0,0.4330864938054893,0.03842845990658616,0.022593320235756387,5.97457627118644
gcc,3.984177985682415e+16,0.06666666666666667,0.0,0.4394282254636329,0.03834874124582956,0.01981981981981982,4.75
gcc,3.4544464557508596e+16,0.0625,0.0,0.4332607477661166,0.04053624753796302,0.014908256880733946,5.423423423423423
gcc,3.4351478721991788e+16,0.0625,0.0,0.4332312201088054,0.04076452228895158,0.014925373134328358,5.4324324324324325
gcc,3.28818967445804e+16,0.058823529411764705,0.0,0.4342692835515281,0.04046223887424576,0.014008620689655173,4.102564102564102
gcc,3.4544464557508596e+16,0.06666666666666667,0.0,0.43307628672748627,0.04046603918755532,0.014874141876430207,5.423423423423423
gcc,2.408191132338068e+16,0.016666666666666666,0.0,0.42857142857142855,0.03818735292212699,0.10894941634241245,7.288135593220339
gcc,3.04150767909474e+16,0.06666666666666667,0.0,0.43697325769854134,0.039009319286871964,0.01287128712871287,5.237288135593221
gcc,87.12513144058886,0.08069343976053879,0.0,0.37837740552263455,0.042150920814041905,0.006420545746388443,8.336448598130842
gcc,78.85075818036712,0.07831821929101401,0.0,0.37505120101769307,0.04025482288610563,0.009670079635949944,7.3478260869565215
gcc,87.50847457627118,0.07991469075398319,0.0,0.37881200189235414,0.04262800684158812,0.00645682001614205,8.30841121495327
gcc,87.19831223628692,0.08063700707785643,0.0,0.37869406135660005,0.04246297994425429,0.00645682001614205,8.336448598130842
gcc,7.560141013815398e+16,0.05599078341013825,0.0,0.29291822850194454,0.028640625471062917,0.0,10.82857142857143
gcc,86.57621707901038,0.07644157814871017,0.0,0.36822546548357354,0.03924751350612289,0.015759312320916905,8.147540983606557
gcc,56.592592592592595,0.07253886010362694,0.0,0.34021426704990854,0.01959759602822054,0.0,0
gcc,87.61016949152543,0.0800100326059694,0.0,0.3787644717471511,0.042411079406044966,0.009592326139088728,8.30841121495327
gcc,89.54578754578755,0.07937751903269144,0.0,0.379995238850976,0.03987859069988891,0.0056657223796034,7.956896551724138
gcc,96.68852459016394,0.08097416244282359,0.0,0.37908206730086613,0.04212959676274315,0.00631911532385466,8.401869158878505
gcc,89.54578754578755,0.07937751903269144,0.0,0.379995238850976,0.03987859069988891,0.0056657223796034,7.956896551724138
gcc,1.4092241461963068e+16,0.07902625124897811,0.0,0.36559346336175846,0.038679225866646544,0.05963855421686747,10.033898305084746
gcc,96.68852459016394,0.08097416244282359,0.0,0.3790803853099473,0.042138283853276955,0.00631911532385466,8.401869158878505
gcc,112.6841046277666,0.07924172848227952,0.0,0.3770705834353325,0.04225128304236724,0.006102212051868803,6.264900662251655
gcc,87.37288135593221,0.0792713567839196,0.0,0.3787971959168614,0.04254863644852576,0.00644122383252818,8.30841121495327
gcc,7.560141013815398e+16,0.05532503457814661,0.0,0.29267044599408015,0.03124466964330507,0.0,10.857142857142858
gcc,89.54578754578755,0.07993730407523511,0.0,0.3799996031667295,0.039786503700470245,0.0056657223796034,7.956896551724138
gcc,1.4081484025732562e+16,0.07954235903023699,0.0,0.36557434994629356,0.03869951509785552,0.05956678700361011,10.025423728813559
gcc,112.66800804828974,0.07986315913648696,0.0,0.377141531202867,0.04211946596539174,0.0061068702290076335,6.4353741496598635
gcc,96.68852459016394,0.08145859085290483,0.0,0.3791866931171142,0.042023370479347795,0.00631911532385466,8.401869158878505
gcc,87.19831223628692,0.08127923144987992,0.0,0.3787080047041088,0.042445954965877046,0.00645682001614205,8.336448598130842
gcc,89.54578754578755,0.07993730407523511,0.0,0.3799996031667295,0.039786503700470245,0.0056657223796034,7.956896551724138
gcc,78.83798882681565,0.0788050948410153,0.0,0.3748250396576776,0.04002092858951971,0.009670079635949944,7.3478260869565215
gcc,86.58898643256185,0.07693767194763305,0.0,0.36827950391141373,0.03921582378125537,0.015748031496062992,8.147540983606557
gcc,87.12513144058886,0.08131703666749814,0.0,0.37838202732624077,0.04202894637360263,0.006420545746388443,8.336448598130842
gcc,87.61016949152543,0.08063707047905694,0.0,0.3787692181840492,0.04247428864883043,0.009592326139088728,8.30841121495327
gcc,87.37288135593221,0.07989949748743719,0.0,0.37880196089151313,0.042557359721538825,0.00644122383252818,8.30841121495327
gcc,96.68852459016394,0.08145859085290483,0.0,0.3791850102961017,0.04201874600582262,0.00631911532385466,8.401869158878505
gcc,87.50847457627118,0.08054196462175386,0.0,0.37881676350284593,0.04250478872726776,0.00645682001614205,8.30841121495327
gcc,56.592592592592595,0.07179487179487179,0.0,0.3395045632333768,0.019035202086049544,0.0,0
gcc,1.907626067601823e+16,0.08375461128569477,0.0,0.36755387931034483,0.040037715517241376,0.014056224899598393,6.362745098039215
gcc,1.681562814376449e+16,0.08317745354782392,0.0,0.36733450104374116,0.03852004702833697,0.01235657546337158,6.128440366972477
gcc,1.447939095267634e+16,0.0825783609288764,0.0,0.35905204168632615,0.0376882134313409,0.02471315092674316,6.779816513761468
gcc,1.868971030770987e+16,0.08441558441558442,0.0,0.3682309702364513,0.03972190945592828,0.013861386138613862,6.392156862745098
gcc,2.7267914373554476e+16,0.08246398410332836,0.0,0.35588287747855835,0.03727362635580992,0.09399855386840203,8.277777777777779
gcc,6.857525677958948e+16,0.04825090470446321,0.0,0.2777163346799073,0.02636879052819074,0.0,8.228571428571428
gcc,1.9275594643374744e+16,0.08242591316333563,0.0,0.36788500354590586,0.04030876657029076,0.01407035175879397,6.352941176470588
gcc,1.681562814376449e+16,0.08317745354782392,0.0,0.36733450104374116,0.03852004702833697,0.01235657546337158,6.128440366972477
gcc,1.91754096400308e+16,0.0839927807857837,0.0,0.36776394170352356,0.040246111664191404,0.014112903225806451,6.372549019607843
gcc,1.868971030770987e+16,0.08441558441558442,0.0,0.36823292596782503,0.03972743157905918,0.013861386138613862,6.392156862745098
gcc,1.9255473980907756e+16,0.08310401761144744,0.0,0.36790517189770494,0.04032806691955612,0.018036072144288578,6.352941176470588
gcc,1.9275594643374744e+16,0.08312689237544729,0.0,0.3679168209842923,0.04032047232086447,0.014112903225806451,6.352941176470588
gcc,52.689655172413794,0.09392265193370165,0.0,0.3343074225599065,0.023085914669783752,0.0,0
gcc,1.8228007977973972e+16,0.0821262286601138,0.0,0.3666444774438015,0.040048133544984384,0.013295346628679962,4.76551724137931
gcc,1.4888413295972272e+16,0.0820419325432999,0.0,0.36022747539601474,0.038247644989218024,0.017517136329017517,5.533834586466165
gcc,3.693041856598517e+16,0.06896551724137931,0.0,0.37132825438887046,0.03468698244451805,1053.0,3.5661764705882355
gcc,3.6709938455143464e+16,0.06896551724137931,0.0,0.3712206708309275,0.03461760537504593,1059.0,3.5661764705882355
gcc,3.2362708901244908e+16,0.10344827586206896,0.0,0.3708462895066599,0.03260314660973686,1221.0,3.4405594405594404
gcc,3.5923552237019664e+16,0.06451612903225806,0.0,0.37159222409702425,0.034237763684438496,1074.0,3.5661764705882355
gcc,3.7116185258973016e+16,0.01904761904761905,0.0,0.37148258706467663,0.03482587064676617,1054.0,3.5588235294117645
gcc,3.707888256022028e+16,0.01904761904761905,0.0,0.37149069599400725,0.034663802875723404,1064.0,3.5588235294117645
gcc,3.5923552237019664e+16,0.06451612903225806,0.0,0.37158982183031214,0.03425047192986993,1074.0,3.5661764705882355
gcc,2.8314265654197396e+16,0.024691358024691357,0.0,0.3630265575746107,0.03258320095214856,1233.0,3.9510489510489513
gcc,3.2362708901244908e+16,0.10344827586206896,0.0,0.3708462895066599,0.03260314660973686,1221.0,3.4405594405594404
gcc,3.95569922953029e+16,0.017543859649122806,0.0,0.35888287401574803,0.03136811023622047,1662.0,4.4206896551724135
gcc,3.530477334681264e+16,0.018867924528301886,0.0,0.36967955525017177,0.034393153850958834,1142.0,2.8547486033519553
gcc,54.0,0.0625,0.0,0.3541666666666667,0.012096774193548387,27.0,0
gcc,2.889075031121315e+16,0.10714285714285714,0.0,0.3622104497766698,0.03272047366780929,1397.0,3.2083333333333335
gcc,8.911470567009454e+16,0.058823529411764705,0.0,0.27746225841036193,0.025354234881631944,310.0,3.435483870967742
gcc,3.7116185258973016e+16,0.018867924528301886,0.0,0.3714382564654743,0.03502755013193489,1056.0,3.5588235294117645
gcc,3.1212764930134696e+16,0.9591633466135459,3.3877068557919623,0.5850371134719455,0.040822936163321874,0.024752475247524754,6.357142857142857
gcc,2.98974782393997e+16,0.9607007575757576,3.2510917030567685,0.5806004256669317,0.040623741091832116,0.01751592356687898,4.976470588235294
gcc,62.476190476190474,0.6388888888888888,1.5333333333333334,0.5256076388888888,0.04079861111111111,0.0,0
gcc,2.7477771708604188e+16,0.9790013999066729,3.309572301425662,0.5855412844036697,0.03947623019182652,0.027377521613832854,6.196969696969697
gcc,9.944336427875778e+16,0.9750445632798574,1.5466666666666666,0.44244661169011074,0.04016325619880812,0.0,6.673913043478261
gcc,2.441121844778511e+16,0.9816924328722538,3.326047358834244,0.5690407980118736,0.040570780983938515,0.039850560398505604,5.2485207100591715
gcc,2.406097053092559e+16,0.9666897987508675,3.4775280898876404,0.5691741020892715,0.03877836538740632,0.0938337801608579,7.515384615384615
gcc,3.030680844530604e+16,0.9778978388998035,3.2757847533632285,0.5836746430533181,0.0407912732849417,0.017973856209150325,6.404761904761905
gcc,3.0252962810511852e+16,0.9546247818499127,3.2804054054054053,0.5636551414968535,0.038559098415076355,0.1944792973651192,8.263157894736842
gcc,3.030680844530604e+16,0.9778978388998035,3.2757847533632285,0.5836767947857759,0.040787737135863276,0.017973856209150325,6.404761904761905
gcc,2.7477771708604188e+16,0.9790013999066729,3.309572301425662,0.5855412844036697,0.03947623019182652,0.027377521613832854,6.196969696969697
gcc,3.1212764930134696e+16,0.9592850049652433,3.384433962264151,0.5850725123679837,0.041167582883388655,0.018211920529801324,6.373015873015873
gcc,3.0693417759916148e+16,0.9773869346733668,3.421545667447307,0.5847642287343199,0.04077025827009037,0.01818181818181818,6.373015873015873
gcc,3.12656679215417e+16,0.9595808383233533,3.420047732696897,0.5851546843096479,0.04097992519597372,0.01824212271973466,6.357142857142857
gcc,3.1072561606473224e+16,0.9772267206477733,3.400943396226415,0.5848325178773053,0.04091832894241626,0.01824212271973466,6.365079365079365
gcc,73.4478301015697,0.01,0.0,0.41164828627648375,0.041115636297075916,0.017321016166281754,5.423423423423423
gcc,72.50723638869745,0.02531645569620253,0.0,0.4052375073104165,0.03870296965364871,0.02845927379784102,5.97457627118644
gcc,95.4521510096576,0.018518518518518517,0.0,0.4098610849880431,0.04075019480345004,0.016304347826086956,4.102564102564102
gcc,8.346943019778086e+16,0.07142857142857142,0.0,0.3564153799576143,0.02799878897971541,0.0,7.0
gcc,73.49077490774907,0.00980392156862745,0.0,0.4117794944462221,0.04114480961740641,0.021839080459770115,5.423423423423423
gcc,75.6068237205524,0.041666666666666664,0.0,0.4155915784618007,0.039445249472275005,0.014940239043824702,5.237288135593221
gcc,73.1029411764706,0.08333333333333333,0.0,0.41151337209966526,0.041195891835079344,0.017341040462427744,5.4324324324324325
gcc,75.6068237205524,0.041666666666666664,0.0,0.4155915784618007,0.039445249472275005,0.014940239043824702,5.237288135593221
gcc,72.49409627611263,0.08333333333333333,0.0,0.41155199927566577,0.04098147288839594,0.01728110599078341,5.4324324324324325
gcc,81.31077471059662,0.038461538461538464,0.0,0.41220615887647094,0.04090480468248699,0.016930022573363433,5.45045045045045
gcc,1.2009599006321388e+16,0.008771929824561403,0.0,0.40119305718783016,0.0387107175738342,0.109717868338558,7.288135593220339
gcc,65.8360655737705,0.04,0.0,0.41070466052958826,0.03892333745018398,0.021778584392014518,4.75
gcc,81.31077471059662,0.038461538461538464,0.0,0.41220845887735746,0.04090503292043299,0.016930022573363433,5.45045045045045
gcc,73.32963988919667,0.009900990099009901,0.0,0.4115315212098645,0.04118236759946152,0.01728110599078341,5.423423423423423
gcc,52.57142857142857,0.07142857142857142,0.0,0.42308785897071366,0.019618993460335514,0.0,0
clang,181.31578947368422,0.11222493887530563,0.0,0.4099189078916052,0.053500391010166265,0.01664876476906552,4.316964285714286
clang,175.04,0.11420911528150134,0.0,0.4079060372415712,0.056596440891840155,0.018822100789313904,4.5
clang,158.96875,0.11256808553560621,0.0,0.4069160248047608,0.0529442250299337,0.017915309446254073,4.10077519379845
clang,174.86284289276807,0.11377564614974688,0.0,0.4076675081796015,0.056699129585007974,0.02230259192284509,4.538095238095238
clang,158.06946983546618,0.11630218687872763,0.0,0.39983026125805066,0.051990756219161376,0.06559633027522936,5.147540983606557
clang,173.72277227722773,0.11296296296296296,0.0,0.4075815638580109,0.05621749094263191,0.018787878787878787,4.497630331753554
clang,133.33333333333334,0.06382978723404255,0.0,0.37061469265367314,0.024287856071964018,0.038461538461538464,0
clang,182.0749506903353,0.1112214498510427,0.0,0.4044518872539796,0.05298235050615286,0.030319436924742826,4.60352422907489
clang,199.33333333333334,0.11388174807197944,0.0,0.407735878227382,0.05618725023073644,0.018452380952380953,4.523809523809524
clang,182.0749506903353,0.1112214498510427,0.0,0.4044518872539796,0.05298235050615286,0.030319436924742826,4.60352422907489
clang,173.87593052109182,0.11370340573880397,0.0,0.4080441874613767,0.05671937800303717,0.018833535844471446,4.5
clang,211.49295774647888,0.11313131313131314,0.0,0.4076984289384535,0.05619443876043017,0.018306636155606407,3.8666666666666667
clang,199.33333333333334,0.11385248008224107,0.0,0.4077339679922042,0.05617293204902365,0.018452380952380953,4.523809523809524
clang,174.74,0.11391724879097259,0.0,0.4078887960267827,0.0565482194491676,0.018810679611650484,4.5
clang,181.31578947368422,0.11222493887530563,0.0,0.4099189078916052,0.053500391010166265,0.01664876476906552,4.316964285714286
clang,157.11111111111111,0.11793214862681745,0.0,0.393499840276381,0.044521479868908316,0.006218905472636816,7.12
clang,156.96296296296296,0.1168412570507655,0.0,0.39363010620431915,0.04426756865435107,0.006218905472636816,7.12
clang,173.72277227722773,0.11290322580645161,0.0,0.4075660615972691,0.056300930900377494,0.018787878787878787,4.497630331753554
clang,158.06946983546618,0.11625596184419713,0.0,0.3998185097964297,0.051996575933811184,0.06559633027522936,5.147540983606557
clang,182.0749506903353,0.11117728806829462,0.0,0.4044397112945834,0.052969466165922824,0.030319436924742826,4.60352422907489
clang,173.87593052109182,0.11364245510586975,0.0,0.4080285502143661,0.05670762376949055,0.018833535844471446,4.5
clang,158.96875,0.11252268602540835,0.0,0.40690439003120166,0.052921266793665316,0.017915309446254073,4.10077519379845
clang,199.33333333333334,0.11379398921140509,0.0,0.4077186867551158,0.056138033130949706,0.018452380952380953,4.523809523809524
clang,181.31578947368422,0.11217008797653959,0.0,0.4099049707602339,0.05343482252141983,0.01664876476906552,4.316964285714286
clang,182.0749506903353,0.11117728806829462,0.0,0.4044397112945834,0.052969466165922824,0.030319436924742826,4.60352422907489
clang,199.33333333333334,0.11382322713257965,0.0,0.40772059684711065,0.056152350612541285,0.018452380952380953,4.523809523809524
clang,133.33333333333334,0.0625,0.0,0.36972778941070894,0.02452886628776548,0.038461538461538464,0
clang,211.05386416861828,0.1124558749369642,0.0,0.4076019004751188,0.05615494782786606,0.018306636155606407,3.8818897637795278
clang,175.04,0.11414790996784566,0.0,0.4078903809893922,0.05659426860687709,0.018822100789313904,4.5
clang,174.86284289276807,0.1137150466045273,0.0,0.4076518856672048,0.056696956777911374,0.02230259192284509,4.538095238095238
clang,181.31578947368422,0.11217008797653959,0.0,0.4099049707602339,0.05343482252141983,0.01664876476906552,4.316964285714286
clang,174.74,0.11385606874328678,0.0,0.4078731232168759,0.05667572837917023,0.018810679611650484,4.5
clang,174.85138539042822,0.12242128121606949,0.0,0.40763105943178546,0.056139837119242246,0.03484754200373367,4.577114427860696
clang,158.04051565377532,0.12224246104027525,0.0,0.40041744310312233,0.05162482590462081,0.07900999524036173,5.174468085106383
clang,175.07070707070707,0.12275449101796407,0.0,0.4077257773532845,0.05615944775448118,0.03254067584480601,4.557213930348259
clang,158.78978388998036,0.11879181025744982,0.0,0.4064411415518252,0.052745675598503176,0.027391487568478718,4.153846153846154
clang,173.74,0.1212691583759075,0.0,0.4074224264816317,0.05587596247233987,0.03247970018738289,4.554455445544554
clang,199.17037037037036,0.12255541069100391,0.0,0.4076197713377776,0.055739500732765214,0.03190184049079755,4.582089552238806
clang,181.15673289183223,0.12090367428003972,0.0,0.40972703339337674,0.05317194616653332,0.02885682574916759,4.362790697674418
clang,173.89473684210526,0.12237666939220496,0.0,0.4078962637806201,0.05600544917883902,0.03256105197244834,4.557213930348259
clang,182.86626746506985,0.12134060165556229,0.0,0.4042611050024238,0.05292881999866003,0.04265927977839335,4.660550458715596
clang,182.86626746506985,0.12134060165556229,0.0,0.4042611050024238,0.05292881999866003,0.04265927977839335,4.660550458715596
clang,174.76767676767676,0.1222707423580786,0.0,0.40770125993017253,0.05620604159287557,0.032520325203252036,4.557213930348259
clang,181.15673289183223,0.12090367428003972,0.0,0.40972703339337674,0.05317194616653332,0.02885682574916759,4.362790697674418
clang,199.17037037037036,0.12252346193952034,0.0,0.4076177599699987,0.0557392256905723,0.03190184049079755,4.582089552238806
clang,133.33333333333334,0.0967741935483871,0.0,0.3741794310722101,0.02500781494216943,0.038461538461538464,0
clang,211.90521327014218,0.12027579162410623,0.0,0.40764447169974033,0.055723771834845684,0.031914893617021274,3.8780487804878048
clang,164.81553398058253,0.11725846407927333,0.0,0.39597575939699,0.04223324067813588,0.006648936170212766,6.18
clang,157.94789579158316,0.38028169014084506,0.0,0.4147697084220788,0.03784830186238409,2273.0,5.3161764705882355
clang,181.26785714285714,0.3582089552238806,0.0,0.4206347482295694,0.03836837989312247,1737.0,5.935779816513762
clang,173.88832487309645,0.3770491803278688,0.0,0.4196642685851319,0.039509477689166496,1556.0,6.155339805825243
clang,163.4747474747475,0.2608695652173913,0.0,0.39774597026661035,0.03197577063645762,719.0,7.472222222222222
clang,210.77434679334917,0.4027777777777778,0.0,0.4192856137717529,0.03901449411323233,1656.0,4.476190476190476
clang,156.909426987061,0.2920353982300885,0.0,0.4115304814080895,0.0361813731204103,2126.0,7.8807339449541285
clang,182.69617706237423,0.3076923076923077,0.0,0.41679041632072117,0.03935950658284901,1808.0,6.4818181818181815
clang,181.26785714285714,0.3582089552238806,0.0,0.4206347482295694,0.03836837989312247,1737.0,5.935779816513762
clang,172.83627204030228,0.36923076923076925,0.0,0.41966051824745326,0.039542330135496,1554.0,6.155339805825243
clang,198.35235732009926,0.359375,0.0,0.4198002563296496,0.039126544627959274,1579.0,6.165048543689321
clang,182.69617706237423,0.3076923076923077,0.0,0.41679041632072117,0.03935950658284901,1808.0,6.4818181818181815
clang,131.55555555555554,0.11764705882352941,0.0,0.3918966119455117,0.019909186168354874,25.0,0
clang,173.9746835443038,0.36507936507936506,0.0,0.41966477269214364,0.03953233873909522,1565.0,6.174757281553398
clang,173.25944584382873,0.36507936507936506,0.0,0.41948529411764707,0.039264705882352945,1557.0,6.174757281553398
clang,198.35235732009926,0.36507936507936506,0.0,0.41980279425189376,0.03912073562217749,1579.0,6.165048543689321
clang,174.19289340101523,0.359375,0.0,0.4197490378546944,0.03951292554047198,1554.0,6.155339805825243
clang,106.53599516031458,0.12240484429065744,0.0,0.5537392089551076,0.048325198695344185,0.0045662100456621,11.053691275167786
clang,101.13427230046949,0.12081911262798635,0.0,0.5411309737982196,0.04554084137055466,0.007309941520467836,8.958115183246074
clang,103.20441988950276,0.11607717041800643,0.0,0.5333812915563924,0.0466023671231579,0.016455696202531647,16.281045751633986
clang,71.42857142857143,0.07042253521126761,0.0,0.4936312849162011,0.03843575418994413,0.0,0
clang,103.20441988950276,0.11607717041800643,0.0,0.5333812915563924,0.0466023671231579,0.016455696202531647,16.281045751633986
clang,106.56521739130434,0.1226252158894646,0.0,0.5535216083682398,0.048509057562734596,0.004573170731707317,11.073825503355705
clang,105.39419087136929,0.12244897959183673,0.0,0.553158267183558,0.04812780751953726,0.004559270516717325,11.073825503355705
clang,130.8057971014493,0.09317803660565724,0.0,0.4896986733399609,0.03189811799389805,0.0,3.971830985915493
clang,108.34285714285714,0.1245196003074558,0.0,0.5524117924382211,0.04694538409390453,0.007417102966841187,10.673076923076923
clang,108.34285714285714,0.1245196003074558,0.0,0.5524117924382211,0.04694538409390453,0.007417102966841187,10.673076923076923
clang,111.11682242990655,0.12255106294289288,0.0,0.5519280391270146,0.04803091854998993,0.0045,11.134228187919463
clang,97.10030661410426,0.1156441717791411,0.0,0.5309082470339106,0.04541525251646216,0.05221573342493988,15.119496855345911
clang,106.13589897775105,0.12263339070567986,0.0,0.5533039647577093,0.048295134778474254,0.0045708481462671405,11.060402684563758
clang,111.11682242990655,0.12260216847372811,0.0,0.5519301365802495,0.04803870153757287,0.0045,11.134228187919463
clang,106.61352657004831,0.12251941328731665,0.0,0.5534761227771692,0.04821280133000831,0.004556962025316456,11.053691275167786
clang,120.37919075144508,0.12271973466003316,0.0,0.5500254497975081,0.04800053112620887,0.004300047778308648,8.62051282051282
clang,133.8507462686567,0.09636767976278725,0.0,0.38954546811114094,0.03612677947891486,0.008955223880597015,6.473684210526316
clang,181.02904564315352,0.1022964509394572,0.0,0.3892550224802231,0.04671333447157248,0.016553067185978577,5.40952380952381
clang,163.94648829431438,0.10297277936962751,0.0,0.3833955515815357,0.046487090644908906,0.07245155855096883,5.963302752293578
clang,162.22545454545454,0.10211571675302246,0.0,0.39082832961042685,0.04612476176814148,0.018534119629317607,5.2342342342342345
clang,143.08196721311475,0.10340865568747606,0.0,0.39112745272604255,0.04500819059150315,0.027128862094951016,4.6571428571428575
clang,160.76271186440678,0.1017645636934977,0.0,0.38976042238549685,0.04724386454695184,0.016898608349900597,5.40952380952381
clang,181.02904564315352,0.1023201856148492,0.0,0.389257237819349,0.04674205646836531,0.016553067185978577,5.40952380952381
clang,160.2357894736842,0.1020260492040521,0.0,0.38977412419964697,0.04712688545411115,0.020771513353115726,5.428571428571429
clang,143.65271317829456,0.10090602238408243,0.0,0.38155566440293537,0.04512900620871338,0.1064406779661017,6.423423423423423
clang,206.82772277227724,0.1016489722159476,0.0,0.39022213407378026,0.046889461853761735,0.01643835616438356,4.0
clang,159.94947368421052,0.10204572803850782,0.0,0.3897905210178022,0.04719684965980054,0.01691542288557214,5.40952380952381
clang,104.0,0.08421052631578947,0.0,0.3726369753284204,0.026273630246715796,0.043478260869565216,0
clang,163.94648829431438,0.10297277936962751,0.0,0.3833955515815357,0.046487090644908906,0.07245155855096883,5.963302752293578
clang,162.22545454545454,0.10211571675302246,0.0,0.39082832961042685,0.04612476176814148,0.018534119629317607,5.2342342342342345
clang,159.4142259414226,0.10176358436606292,0.0,0.3895758443012192,0.046945051901516946,0.01684836471754212,5.428571428571429
clang,160.62579281183932,0.10216867469879518,0.0,0.3897828773991931,0.047558245294899604,0.016898608349900597,5.40952380952381
clang,198.79611650485438,0.11587096774193549,0.0,0.3884905142367881,0.05775682756245899,0.009417304296645085,4.523809523809524
clang,198.79611650485438,0.11587096774193549,0.0,0.38848870648016304,0.05762161357269825,0.009417304296645085,4.523809523809524
clang,173.7788697788698,0.11238348868175765,0.0,0.3882161166103617,0.05774291856646743,0.009586578789694428,4.497630331753554
clang,181.43790849673204,0.11187438665358194,0.0,0.39040327343288617,0.05493124103602463,0.008506113769271665,4.316964285714286
clang,174.7890818858561,0.11176157530601384,0.0,0.3887517958655714,0.057930685555274475,0.009598080383923215,4.5
clang,175.10669975186104,0.11117021276595744,0.0,0.38879644507168504,0.05800597891645251,0.009603841536614645,4.5
clang,179.52986512524086,0.11313131313131314,0.0,0.37932074628533125,0.05585968048262764,0.023605150214592276,4.60352422907489
clang,174.8910891089109,0.1121099947117927,0.0,0.3885887029587489,0.05805622337006974,0.013110846245530394,4.538095238095238
clang,158.94573643410854,0.11063829787234042,0.0,0.3797456693276075,0.05568842543873635,0.011698265429608713,4.108527131782946
clang,179.52986512524086,0.11313131313131314,0.0,0.37932074628533125,0.05585968048262764,0.023605150214592276,4.60352422907489
clang,131.55555555555554,0.10227272727272728,0.0,0.32643884892086333,0.02697841726618705,0.038461538461538464,0
clang,159.4018691588785,0.1200671704450042,0.0,0.32153010516583846,0.04661966947879348,0.006510416666666667,6.62
clang,173.89162561576356,0.11296395911780527,0.0,0.38874026542775,0.057931415297320966,0.00960960960960961,4.5
clang,158.5309090909091,0.10931577897466586,0.0,0.3758909282355718,0.05381333623804078,0.058049886621315196,5.147540983606557
clang,181.43790849673204,0.11187438665358194,0.0,0.39040327343288617,0.05493124103602463,0.008506113769271665,4.316964285714286
clang,208.44036697247705,0.10905452726363181,0.0,0.38673916081709203,0.05758956949835671,0.009620826259196379,3.8666666666666667
clang,179.52986512524086,0.11308562197092084,0.0,0.37930944596295496,0.055884083444428724,0.023605150214592276,4.60352422907489
clang,174.8910891089109,0.11205073995771671,0.0,0.3885739040192704,0.05804449141448042,0.013110846245530394,4.538095238095238
clang,181.43790849673204,0.1118195193722413,0.0,0.39039009904331246,0.05498000573675064,0.008506113769271665,4.316964285714286
clang,173.89162561576356,0.11290322580645161,0.0,0.38872546219607396,0.05800536928085909,0.00960960960960961,4.5
clang,208.47706422018348,0.10852713178294573,0.0,0.38665049856650857,0.057506446203501684,0.009620826259196379,3.8818897637795278
clang,158.94573643410854,0.11059347782053879,0.0,0.37973490552333306,0.05560181264814572,0.011698265429608713,4.108527131782946
clang,198.79611650485438,0.11581119422233686,0.0,0.3884760526548446,0.05770349310638456,0.009417304296645085,4.523809523809524
clang,198.79611650485438,0.11581119422233686,0.0,0.3884742450328044,0.05755897817691127,0.009417304296645085,4.523809523809524
clang,175.10669975186104,0.1111111111111111,0.0,0.3887816157715321,0.057989463396028514,0.009603841536614645,4.5
clang,159.4018691588785,0.12067510548523207,0.0,0.3214826458316478,0.04741045526519573,0.006510416666666667,6.62
clang,131.55555555555554,0.1,0.0,0.3256578947368421,0.02721291866028708,0.038461538461538464,0
clang,174.7890818858561,0.11170212765957446,0.0,0.3887369521327625,0.058128934644921415,0.009598080383923215,4.5
clang,179.52986512524086,0.11308562197092084,0.0,0.37930944596295496,0.055884083444428724,0.023605150214592276,4.60352422907489
clang,173.7788697788698,0.11232366249667287,0.0,0.3882014429278111,0.05773128658700798,0.009586578789694428,4.497630331753554
clang,158.5309090909091,0.10927218344965105,0.0,0.3758800100209496,0.05387712718255193,0.058049886621315196,5.147540983606557
clang,181.43790849673204,0.1118195193722413,0.0,0.39039009904331246,0.05498000573675064,0.008506113769271665,4.316964285714286
clang,131.55555555555554,0.11235955056179775,0.0,0.32707114259316294,0.02648598706498306,0.038461538461538464,0
clang,208.75925925925927,0.10449635769907059,0.0,0.3869407841609744,0.057111505904483224,0.01160092807424594,3.869918699186992
clang,180.2729044834308,0.10858072387149248,0.0,0.37897623898925126,0.05571896634343797,0.025068119891008173,4.651376146788991
clang,181.24561403508773,0.10907288051561725,0.0,0.39001641744686516,0.054754403869192884,0.009809264305177113,4.3534883720930235
clang,174.84,0.10799251537022186,0.0,0.38847834484696153,0.05760325893372264,0.013422818791946308,4.567164179104478
clang,162.05714285714285,0.12826797385620914,0.0,0.3237702461306063,0.04564146215726943,0.006596306068601583,6.18
clang,180.2729044834308,0.10858072387149248,0.0,0.37897623898925126,0.05571896634343797,0.025068119891008173,4.651376146788991
clang,174.77694235588973,0.1072961373390558,0.0,0.3884992634822959,0.057865657159806745,0.011036174126302882,4.54726368159204
clang,158.44357976653697,0.11072874493927126,0.0,0.3791390111813827,0.054949680053038935,0.012868410128684102,4.153846153846154
clang,199.01960784313727,0.11102423768569195,0.0,0.3882878645343368,0.057174074945123866,0.010830324909747292,4.5721393034825875
clang,173.75682382133996,0.1078536847767617,0.0,0.38798686763169676,0.05733472616027459,0.011022657685241886,4.544554455445544
clang,181.24561403508773,0.10907288051561725,0.0,0.39001641744686516,0.05474996672139149,0.009809264305177113,4.3534883720930235
clang,199.01960784313727,0.11102423768569195,0.0,0.3882897670202602,0.057296847056517795,0.010830324909747292,4.5721393034825875
clang,175.09774436090225,0.10720986330742428,0.0,0.38854382679165894,0.05760221732384677,0.011042944785276074,4.54726368159204
clang,173.87064676616916,0.1089082020640956,0.0,0.38851571507343724,0.057626948719234045,0.011049723756906077,4.54726368159204
clang,158.47619047619048,0.10656231186032511,0.0,0.3763767768088114,0.053390937941702,0.061711079943899017,5.165957446808511
clang,174.00503778337531,0.16083916083916083,0.0,0.39668752796660556,0.04111167640262105,1572.0,6.174757281553398
clang,181.02178217821782,0.21705426356589147,0.0,0.38712646900773345,0.04237751454405271,1817.0,6.4818181818181815
clang,129.77777777777777,0.2222222222222222,0.0,0.34512362637362637,0.021291208791208792,25.0,0
clang,158.62124248496994,0.30864197530864196,0.0,0.38511850855768087,0.03974221758738348,2282.0,5.3161764705882355
clang,208.2237762237762,0.19078947368421054,0.0,0.3942489419676503,0.0409125166676329,1663.0,4.476190476190476
clang,181.02178217821782,0.21705426356589147,0.0,0.38712646900773345,0.04237751454405271,1817.0,6.4818181818181815
clang,172.92,0.25555555555555554,0.0,0.39623478239739507,0.040987291327485235,1564.0,6.174757281553398
clang,198.26172839506174,0.27380952380952384,0.0,0.39655296315814687,0.04091409955444833,1586.0,6.165048543689321
clang,181.36888888888888,0.3132530120481928,0.0,0.39762531419375324,0.039301803620157914,1743.0,5.935779816513762
clang,198.26172839506174,0.27380952380952384,0.0,0.39655058837620144,0.040901877414139,1586.0,6.165048543689321
clang,159.68627450980392,0.36,0.0,0.31599966251371037,0.03404392946536547,722.0,7.472222222222222
clang,157.9445471349353,0.19875776397515527,0.0,0.38438105915109855,0.038240996848092776,2146.0,7.8807339449541285
clang,173.93939393939394,0.16783216783216784,0.0,0.39663603302535877,0.04131855710634952,1563.0,6.155339805825243
clang,181.36888888888888,0.3132530120481928,0.0,0.39762531419375324,0.039301803620157914,1743.0,5.935779816513762
clang,174.26262626262627,0.16901408450704225,0.0,0.3967417639373624,0.04130452117056056,1561.0,6.155339805825243
clang,172.87218045112783,0.24731182795698925,0.0,0.39652298604046915,0.04138835439314647,1561.0,6.155339805825243
clang,106.15514131088395,0.1110180142438207,0.0,0.5456997515674908,0.0496470681020545,0.00558659217877095,11.060402684563758
clang,105.41315945465323,0.11161637040099215,0.0,0.5455444422295964,0.04933378672576402,0.005572441742654508,11.073825503355705
clang,108.35978835978835,0.11419984973703982,0.0,0.5454551817052473,0.04810596119188844,0.008289703315881327,10.673076923076923
clang,111.1355140186916,0.11269324654190399,0.0,0.5449465124907247,0.04929816967598318,0.0055,11.134228187919463
clang,111.1355140186916,0.11269324654190399,0.0,0.5449444064416644,0.049297979153864885,0.0055,11.134228187919463
clang,97.12133158125273,0.10499852114758947,0.0,0.5259484833179833,0.04750289669924834,0.059429749227069735,15.119496855345911
clang,71.42857142857143,0.09090909090909091,0.0,0.48519468407554206,0.04150151550477967,0.0,0
clang,120.39768786127168,0.10728269381362568,0.0,0.5416735478253036,0.049274100319786206,0.005255613951266125,8.62051282051282
clang,106.6328502415459,0.10893512851897184,0.0,0.5458440513200877,0.04949737244938217,0.007594936708860759,11.053691275167786
clang,103.22651933701657,0.1160431198478123,0.0,0.5270674646354734,0.05289565953330915,0.027426160337552744,16.281045751633986
clang,106.58454106280193,0.10902409146590446,0.0,0.5458833839267034,0.04977361276137167,0.005589430894308943,11.073825503355705
clang,103.22651933701657,0.1160431198478123,0.0,0.5270674646354734,0.05289565953330915,0.027426160337552744,16.281045751633986
clang,108.35978835978835,0.11419984973703982,0.0,0.5454551817052473,0.04810596119188844,0.008289703315881327,10.673076923076923
clang,101.14929577464788,0.11005756857433119,0.0,0.5329774700040876,0.047921325350453244,0.011695906432748537,8.958115183246074
clang,130.8521739130435,0.08680555555555555,0.0,0.4498945836520701,0.03705431274138478,0.0,3.971830985915493
clang,106.55535390199637,0.10834014717906787,0.0,0.5460309679765665,0.049618335698558336,0.005580923389142567,11.053691275167786
clang,160.35220125786162,0.1012450082217524,0.0,0.36819002012630997,0.049292109098480114,0.020689655172413793,5.428571428571429
clang,160.8945147679325,0.10150375939849623,0.0,0.368125688445707,0.04944054727810308,0.016831683168316833,5.40952380952381
clang,143.96296296296296,0.10527237694867753,0.0,0.3559270317982695,0.04690190266547523,0.10153640614562458,6.423423423423423
clang,180.75051546391754,0.10296483566996092,0.0,0.36755911203474156,0.04880872378994686,0.016488845780795344,5.40952380952381
clang,160.8421052631579,0.1013846514902605,0.0,0.36812954678303345,0.04950025175505102,0.016831683168316833,5.40952380952381
clang,103.33333333333333,0.11956521739130435,0.0,0.32586043574360596,0.026839280075781496,0.043478260869565216,0
clang,206.5511811023622,0.10086073714411829,0.0,0.36674887329630396,0.048658322330012334,0.01639344262295082,4.0
clang,162.75453047775946,0.09801110912022935,0.0,0.35704525820271865,0.04932650434598635,0.07472712006717044,5.963302752293578
clang,162.6715063520871,0.10310160427807487,0.0,0.36952499084956686,0.04743991215584204,0.018471872376154493,5.2342342342342345
clang,162.6715063520871,0.10310160427807487,0.0,0.36952499084956686,0.04743991215584204,0.018471872376154493,5.2342342342342345
clang,180.75051546391754,0.10296483566996092,0.0,0.36756118772518326,0.04881464665288743,0.016488845780795344,5.40952380952381
clang,159.56666666666666,0.10213665179619628,0.0,0.3678049003997755,0.049238822896024007,0.01678183613030602,5.428571428571429
clang,132.61313868613138,0.14285714285714285,0.0,0.3110479935911441,0.03823465151846187,0.008928571428571428,6.473684210526316
clang,143.85573770491803,0.10412722453616055,0.0,0.3626844548689031,0.046632307102201336,0.02706766917293233,4.6571428571428575
clang,162.75453047775946,0.09801110912022935,0.0,0.35704525820271865,0.04932650434598635,0.07472712006717044,5.963302752293578
clang,160.1006289308176,0.10230239734156184,0.0,0.368081095459487,0.049395137973307426,0.01684836471754212,5.40952380952381
