compiler,aaa,aad,aam,aas,adc,add,and,call,cbw,clc,cld,cli,cmc,cmp,cmpsb,cmpsw,cwd,daa,das,dec,div,esc,hlt,idiv,imul,in,inc,int,into,iret,jcc,jcxz,jmp,lahf,lds,lea,les,lock,lodsb,lodsw,loop,mov,movsb,movsw,mul,neg,nop,not,or,out,pop,popf,push,pushf,rcl,rcr,rep,ret,retn,retf,rol,ror,sahf,sal,sar,sbb,scasb,scasw,shl,shr,stc,std,sti,stosb,stosw,sub,test,wait,xchg,xlat,xor
icc,0.0007244043786220219,0.0008853831294269157,0.0,0.0,0.000643915003219575,0.030988409529942047,0.0051513200257566,0.05505473277527367,0.0,0.0,0.0,0.0,0.0,0.06487443657437218,0.0,0.0,0.0,0.00040244687701223436,0.0,0.006197681905988409,0.00024146812620734064,0.0,8.048937540244688e-05,8.048937540244688e-05,0.008129426915647135,0.23188989053444944,0.022858982614294913,0.004024468770122344,0.0,0.0,0.0,0.0,0.042176432710882165,0.0,0.0,0.08684803605924019,0.0,0.002495170637475853,0.0,0.0,0.0,0.2957984546039923,0.004104958145524791,0.00016097875080489375,0.008692852543464262,0.0049098518995492595,0.004829362524146813,0.00024146812620734064,0.07662588538312942,0.0,0.05553766902768834,0.0,0.053766902768834515,0.0,0.0,0.0,0.007002575660012878,0.00901481004507405,0.0,0.0,0.0,0.0009658725048293626,0.0,0.0,0.008209916291049581,0.00024146812620734064,0.0,0.0,0.0028976175144880875,0.0028171281390856405,0.0,0.0,0.0,0.0,0.0,0.016097875080489377,0.04475209272376046,0.0,0.00016097875080489375,0.0,0.06680618158403091
icc,0.0010999304988970476,0.0007856646420693198,0.0,0.0,0.0008400568095971958,0.030761792524098754,0.01005046384431753,0.07032907261354365,0.0,0.0,0.0,0.0,0.0,0.0661408757138972,0.0,0.0,6.043574169763998e-06,0.0006285317136554558,0.0,0.003795364578611791,0.0009488411446529478,0.0,6.043574169763998e-06,7.856646420693197e-05,0.0016922007675339195,0.21339860393436677,0.016329737406702325,0.004562898498171819,0.0,0.0,0.0,0.0,0.04060677484664431,0.0,0.0,0.03329405010122987,2.4174296679055993e-05,0.0,0.0,0.0,0.0,0.38402683346931377,0.0009488411446529478,0.00028404798597890795,0.0020608587918895236,0.0015955035808176957,0.0013235427431783156,0.0005801831202973439,0.044746623152932645,7.252289003716798e-05,0.04580424863264134,0.0,0.04565315927839724,0.0,0.0,0.0,0.00023569939262079595,0.010769649170519445,0.0,0.0,0.0,9.065361254645998e-05,0.0,0.0,0.0006889674553530958,7.252289003716798e-05,0.0,0.0,0.005294170972713262,0.004532680627322999,0.0,0.003867887468648959,0.0,0.0,0.0,0.00878131326866709,0.056779379324932766,0.0,1.8130722509291996e-05,0.0,0.03899314054331732
icc,0.0002871500358937545,0.0,0.0,0.0,0.00014357501794687725,0.04278535534816942,0.0020100502512562816,0.05269203158650395,0.0,0.0,0.0,0.0,0.0,0.029576453697056714,0.0,0.0,0.0,0.0010050251256281408,0.0,0.00014357501794687725,0.00043072505384063173,0.0,0.00014357501794687725,0.0,0.004020100502512563,0.1323761665470208,0.00043072505384063173,0.0038765254845656858,0.0,0.0,0.0,0.0,0.0416367552045944,0.0,0.0,0.031155778894472363,0.0,0.001722900215362527,0.0,0.0,0.0,0.6222541277817659,0.014357501794687724,0.0,0.004594400574300072,0.0010050251256281408,0.010768126346015794,0.0,0.005312275664034458,0.001722900215362527,0.0018664752333094042,0.0,0.01665470208183776,0.0,0.0,0.0,0.001722900215362527,0.02182340272792534,0.0,0.0,0.0,0.001722900215362527,0.0,0.0,0.0007178750897343862,0.0,0.0,0.0,0.00014357501794687725,0.002297200287150036,0.0,0.005168700646087581,0.0,0.0,0.0,0.015506101938262743,0.03575017946877243,0.0,0.0002871500358937545,0.0,0.0007178750897343862
icc,0.0006507592190889371,0.0004338394793926247,0.0,0.0,0.0004338394793926247,0.022559652928416486,0.01475054229934924,0.06529284164859002,0.0,0.0,0.0,0.0,0.0,0.05900216919739696,0.0,0.0,0.0,0.00021691973969631235,0.0,0.0034707158351409977,0.0006507592190889371,0.0,0.00021691973969631235,0.0,0.0008676789587852494,0.20021691973969633,0.02212581344902386,0.006290672451193058,0.0,0.0,0.0,0.0,0.039913232104121475,0.0,0.0,0.04642082429501085,0.0,0.0021691973969631237,0.0,0.0,0.0,0.3229934924078091,0.006073752711496746,0.0,0.0021691973969631237,0.0017353579175704988,0.010195227765726681,0.0019522776572668114,0.09544468546637744,0.0006507592190889371,0.06312364425162689,0.0,0.057917570498915404,0.0,0.0,0.0,0.0021691973969631237,0.015618221258134491,0.0,0.0,0.0,0.0026030368763557484,0.0,0.0,0.0006507592190889371,0.0,0.0,0.0,0.006724511930585683,0.005856832971800434,0.0,0.020390455531453362,0.0,0.0,0.0,0.006941431670281995,0.043600867678958787,0.0,0.0004338394793926247,0.0,0.0720173535791757
icc,0.0003869220352099052,0.0003869220352099052,0.0,0.0,0.0003869220352099052,0.021280711936544787,0.010833816985877346,0.07177403753143742,0.0,0.0,0.0,0.0,0.0,0.05610369510543625,0.0,0.0,0.0,0.0003869220352099052,0.0,0.004062681369704005,0.0005803830528148578,0.0,0.0001934610176049526,0.0,0.0007738440704198104,0.2623331398723157,0.02089378990133488,0.006964596633778294,0.0,0.0,0.0,0.0,0.04178757980266976,0.0,0.0,0.07486941381311665,0.0,0.0021280711936544788,0.0,0.0,0.0,0.3010253433933062,0.003869220352099052,0.0,0.0021280711936544788,0.0017411491584445734,0.011801122073902109,0.0005803830528148578,0.08763784097504353,0.0,0.06016637647514026,0.0,0.0555233120526214,0.0,0.0,0.0,0.001934610176049526,0.014509576320371444,0.0,0.0,0.0,0.0025149932288643837,0.0,0.0,0.0005803830528148578,0.0,0.0,0.0,0.00522344747533372,0.005416908492938673,0.0,0.0,0.0,0.0,0.0,0.006384213580963436,0.04933255948926291,0.0,0.0003869220352099052,0.0,0.0702263493905978
icc,0.00042045514269196406,0.0006569611604561939,0.0,0.0,0.004756398801702843,0.24191937772638883,0.005281967730067798,0.025017080990171862,0.0,0.00010511378567299102,0.0004467335891102118,0.0004467335891102118,5.255689283649551e-05,0.03066694697009513,0.0,0.0,0.0,0.0003416198034372208,0.0,0.0018394912492773426,0.0017343774636043518,0.0,7.883533925474326e-05,0.0011562516424029011,0.0032059704630262257,0.10243338413832974,0.0049929048194670735,0.0027066799810795184,0.0,5.255689283649551e-05,0.0,0.0,0.028853734167236033,2.6278446418247754e-05,0.0,0.03610658537867241,0.0,0.002207389499132811,0.0,0.0,0.0008934671782204236,0.3282966311031692,0.001077416303148158,0.0,0.006070321122615231,0.0012876438744941399,0.02199505965207337,0.007883533925474326,0.03437220791506806,0.0024176170704787933,0.016686813475587325,0.00013139223209123876,0.013796184369580071,0.00010511378567299102,0.0,0.0,0.00010511378567299102,0.01308666631628738,0.0,0.0,2.6278446418247754e-05,0.0006569611604561939,0.0,0.0,0.00023650601776422977,0.00015767067850948652,0.0,0.0,0.0030482997845167393,0.003179692016607978,0.0006306827140379461,0.013507121458979345,0.0004467335891102118,0.0,0.0,0.012140642245230463,0.01624007988647711,0.0,0.0026015661954065274,0.0,0.022073894991328114
icc,0.0003232584451268789,0.0,0.0,0.0,0.0003232584451268789,0.047680620656214645,0.002424438338451592,0.0491352836592856,0.0,0.0,0.0,0.0,0.0,0.0307095522870535,0.0,0.0,0.0,0.0003232584451268789,0.0,0.00048488766769031843,0.0003232584451268789,0.0,0.00016162922256343946,0.0,0.004202359786649426,0.1420720866332633,0.00016162922256343946,0.004202359786649426,0.0,0.0,0.0,0.0,0.04848876676903184,0.0,0.0,0.03022466461936318,0.0,0.0014546630030709553,0.0,0.0,0.0,0.610150315176984,0.01179893324713108,0.0,0.004848876676903184,0.0014546630030709553,0.010829157911750445,0.0,0.005010505899466624,0.0014546630030709553,0.002101179893324713,0.0,0.016647809924034265,0.0,0.0,0.0,0.0019395506707612737,0.02101179893324713,0.0,0.0,0.0,0.0019395506707612737,0.0,0.0,0.0009697753353806369,0.0,0.0,0.0,0.00016162922256343946,0.002424438338451592,0.0,0.004202359786649426,0.0,0.0,0.0,0.01535477614352675,0.03782123807984484,0.0,0.00016162922256343946,0.0,0.0008081461128171974
icc,0.00061667488899852,0.000709176122348298,0.0,0.0,0.00570424272323631,0.27796620621608287,0.004717562900838678,0.021706956092747903,0.0,0.000123334977799704,0.000524173655648742,0.000524173655648742,6.1667488899852e-05,0.022847804637395164,0.0,0.0,0.0,0.000555007400098668,0.0,0.001973359644795264,0.00018500246669955598,0.0,9.250123334977799e-05,0.0,0.0014800197335964479,0.08540947212629502,0.00323754316724223,0.002250863344844598,0.0,6.1667488899852e-05,0.0,0.0,0.024173655648741982,3.0833744449926e-05,0.0,0.03955969412925506,0.0,0.0008941785890478539,0.0,0.0,0.001048347311297484,0.32538850518006907,0.000339171188949186,0.0,0.0016341884558460779,0.001202516033547114,0.02503700049333991,0.008972619634928465,0.029723729649728664,0.000986679822397632,0.018346077947705968,0.00015416872224963,0.015386038480513073,0.000123334977799704,0.0,0.0,0.000123334977799704,0.014214356191415886,0.0,0.0,3.0833744449926e-05,0.000647508633448446,0.0,0.0,0.000277503700049334,0.00015416872224963,0.0,0.0,0.0028058707449432657,0.002281697089294524,0.00030833744449926,0.010514306857424766,0.000524173655648742,0.0,0.0,0.013782683769116922,0.011161815490873212,0.0,0.0031142081894425257,0.0,0.017976073014306856
icc,0.0007396058957155687,0.0004226319404088964,0.0,0.0,0.00036980294785778436,0.04965925299804533,0.005124412277457869,0.03930477045802737,0.0,0.0,0.0,0.0,0.0,0.025357916424533784,0.0,0.0,0.0,0.00036980294785778436,0.0,0.0012678958212266893,0.002165988694595594,0.0,5.282899255111205e-05,0.0019546727243911458,0.006233821121031222,0.1485551270537271,0.0007924348882666808,0.0026942786201067147,0.0,0.0,0.0,0.0,0.04088964023456073,0.0,0.0,0.049976226953352,0.0,0.0007396058957155687,0.0,0.0,0.0,0.6196312536319932,0.01653547466849807,0.0004226319404088964,0.006656453061440118,0.006128163135928998,0.005018754292355645,0.0,0.005335728247662317,0.0,0.0006867769031644567,0.0,0.0087696127634846,0.0,0.0,0.0,0.009192244703893496,0.014263827988800253,0.0,0.0,0.0,0.0007396058957155687,0.0,0.0,0.002007501716942258,0.0,0.0,0.0,5.282899255111205e-05,0.005335728247662317,0.0,0.0,0.0,0.0,0.0,0.010407311532569075,0.038512335569760685,0.0,0.0001056579851022241,0.0,0.0012678958212266893
icc,0.00015661707126076742,0.00015661707126076742,0.0,0.0,0.00015661707126076742,0.04494909945184025,0.0023492560689115116,0.04729835552075176,0.0,0.0,0.0,0.0,0.0,0.030070477682067345,0.0,0.0,0.0,0.0,0.0,0.00046985121378230227,0.00046985121378230227,0.0,0.00015661707126076742,0.0,0.0031323414252153485,0.16115896632732968,0.00031323414252153485,0.0034455755677368833,0.0,0.0,0.0,0.0,0.04338292873923258,0.0,0.0,0.05090054815974941,0.0,0.0025058731401722788,0.0,0.0,0.0,0.6048551292090838,0.012685982772122162,0.0,0.003758809710258418,0.001096319498825372,0.011276429130775254,0.0,0.005324980422866093,0.0,0.0020360219263899767,0.0,0.016758026624902115,0.0,0.0,0.0,0.001879404855129209,0.021613155833985903,0.0,0.0,0.0,0.0015661707126076742,0.0,0.0,0.0007830853563038371,0.0,0.0,0.0,0.00015661707126076742,0.0023492560689115116,0.0,0.0,0.0,0.0,0.0,0.015505090054815976,0.0350822239624119,0.0,0.00015661707126076742,0.0,0.0007830853563038371
icc,0.0002873037845743986,0.000417896413926398,0.0,0.0,0.004884164337764777,0.23908898581764046,0.005719957165617573,0.02692820017238227,0.0,0.0001044741034815995,0.00044401493979679785,0.00044401493979679785,5.223705174079975e-05,0.03066314937184945,0.0,0.0,0.0,0.0007313187243711965,0.0,0.0015932300780943924,0.000626844620889597,0.0,7.835557761119962e-05,0.0,0.0021939561731135894,0.032726512915611045,0.003917778880559981,0.00211560059550239,0.0,5.223705174079975e-05,0.0,0.0,0.026745370491289472,2.6118525870399875e-05,0.0,0.03536448402852143,0.00013059262935199937,0.0007052001985007966,0.0,0.0,0.0008880298795935957,0.3317052785540784,0.00033954083631519835,0.0,0.002742445216391987,0.0008880298795935957,0.02321936949878549,0.007704965131767963,0.03418915036435344,0.0008619113537231958,0.022618643403766292,0.00013059262935199937,0.015070389427220728,0.0001044741034815995,0.0,0.0,0.0001044741034815995,0.01470473006503513,0.0,0.0,2.6118525870399875e-05,0.0005746075691487972,0.0,0.0,0.00023506673283359887,0.000208948206963199,0.0,0.0,0.003317052785540784,0.002664089638780787,0.00026118525870399875,0.006634105571081568,0.00044401493979679785,0.0,0.0,0.01217123305560634,0.020450805756523104,0.0,0.002664089638780787,0.0,0.021939561731135895
icc,0.0003788516585283718,0.000589324802155245,0.0,0.0,0.007619127799292811,0.36698097322781614,0.005430207105573329,0.014480552281528877,0.0,0.00016837851490149856,0.000715608688331369,0.000715608688331369,8.418925745074928e-05,0.022268058595723186,0.0,0.0,0.0,0.0003788516585283718,0.0,0.0018521636639164843,0.0002104731436268732,0.0,0.00012628388617612392,0.0,0.001978447550092608,0.09159791210641523,0.003451759555480721,0.0013049334904866139,0.0,8.418925745074928e-05,0.0,0.0,0.02302576191277993,4.209462872537464e-05,0.0,0.03809563899646405,0.0,0.0002946624010776225,0.0,0.0,0.001431217376662738,0.25702980299713757,0.00046304091597912107,0.0,0.002188920693719481,0.0008418925745074928,0.0235729920862098,0.006314194308806196,0.028245495874726384,0.0004209462872537464,0.016164337430543862,0.0002104731436268732,0.01414379525172588,0.00016837851490149856,0.0,0.0,0.00016837851490149856,0.011618117528203402,0.0,0.0,4.209462872537464e-05,0.0002104731436268732,0.0,0.0,0.0003788516585283718,0.00012628388617612392,0.0,0.0,0.002778245495874726,0.002694056238423977,0.0004209462872537464,0.0008418925745074928,0.000715608688331369,0.0,0.0,0.010860414211146658,0.010986698097322781,0.0,0.004125273615086715,0.0,0.013975416736824382
icc,0.0008539392589292345,0.000408405732531373,0.0,0.0,0.006608747308234944,0.3285809757184228,0.005309274522907849,0.023650404692953146,0.0,0.00014851117546595382,0.0006311724957303038,0.0006311724957303038,7.425558773297691e-05,0.023576149105220167,0.0,0.0,0.0,0.000742555877329769,0.0,0.001633622930125492,0.00018563896933244226,0.0,0.00011138338159946537,0.0,0.0018563896933244226,0.09074032820969778,0.004269696294646172,0.002858840127719611,0.0,7.425558773297691e-05,0.0,0.0,0.022944976609489864,3.7127793866488455e-05,0.0,0.02977649068092374,0.0,0.0007796836711962575,0.0,0.0,0.0012623449914606075,0.2903022202420732,0.000408405732531373,0.0,0.0020791564565233534,0.001225217197594119,0.021831142793495212,0.005569169079973268,0.03352639786143907,0.0009653226405286998,0.020605925595901093,0.00018563896933244226,0.017895596643647434,0.00014851117546595382,0.0,0.0,0.00014851117546595382,0.01176951065567684,0.0,0.0,3.7127793866488455e-05,0.0003712779386648845,0.0,0.0,0.00033415014479839606,0.00014851117546595382,0.0,0.0,0.003267245860250984,0.002710328952253657,0.0003712779386648845,0.009727481993019975,0.0006311724957303038,0.0,0.0,0.0102843989010173,0.012363555357540655,0.0,0.00360139600504938,0.0,0.019789114130838347
icc,0.0005815942524803285,0.000752651385562778,0.0,0.0,0.006055422511118714,0.31655833048238113,0.011495039343140608,0.017379404721176873,0.0,0.00013684570646595962,0.0005815942524803285,0.0005815942524803285,6.842285323297981e-05,0.02545330140266849,0.0,0.0,0.0,0.0004105371193978789,0.0,0.0018132056106739652,0.00017105713308244953,0.0,0.00010263427984946972,0.0,0.0016079370509750257,0.09822100581594252,0.004379062606910708,0.0013000342114266165,0.0,6.842285323297981e-05,0.0,0.0,0.023024290112897708,3.4211426616489905e-05,0.0,0.03848785494355115,0.0,0.0009921313718782073,0.0,0.0,0.001163188504960657,0.2677728361272665,0.0005815942524803285,0.0,0.001778994184057475,0.0008552856654122477,0.020287375983578514,0.005131713992473486,0.053301402668491274,0.00034211426616489907,0.015600410537119398,0.00017105713308244953,0.012966130687649674,0.00013684570646595962,0.0,0.0,0.00013684570646595962,0.010160793705097503,0.0,0.0,3.4211426616489905e-05,0.0006500171057133082,0.0,0.0,0.0003079028395484092,0.00023947998631542936,0.0,0.0,0.02216900444748546,0.005952788231269244,0.00034211426616489907,0.0006842285323297981,0.0005815942524803285,0.0,0.0,0.009305508039685256,0.012692439274717755,0.0,0.003352719808416011,0.0,0.0366062264796442
icc,0.0005533651518295636,0.0003458532198934772,0.0,0.0,0.006087016670125199,0.3075672684512693,0.005429895552327592,0.026008162135989485,0.0,0.0001383412879573909,0.0005879504738189113,0.0005879504738189113,6.917064397869545e-05,0.028325378709275782,0.0,0.0,0.0,0.0004841945078508681,0.0,0.002075119319360863,0.00044960918586152036,0.0,0.00010375596596804317,0.0,0.002974337691083904,0.09649304835028014,0.004599847824583247,0.00273224043715847,0.0,6.917064397869545e-05,0.0,0.0,0.02459016393442623,3.458532198934772e-05,0.0,0.028774987895137303,0.0,0.0013142422355952134,0.0,0.0,0.0011759009476378225,0.29688040395656085,0.0004841945078508681,0.0,0.0031472643010306426,0.0012104862696271702,0.020612851905651243,0.005187798298402158,0.03655668534274054,0.0015909248115099951,0.02151207027737428,0.0001729266099467386,0.0181918793663969,0.0001383412879573909,0.0,0.0,0.0001383412879573909,0.011482326900463443,0.0,0.0,3.458532198934772e-05,0.0005533651518295636,0.0,0.0,0.00031126789790412947,0.00020751193193608634,0.0,0.0,0.003078093657051947,0.002835996403126513,0.0003458532198934772,0.011620668188420833,0.0005879504738189113,0.0,0.0,0.010098914020889534,0.014837103133430172,0.0,0.0035277028429134675,0.0,0.022515044615065365
icc,0.00035802879574457205,0.0006137636498478378,0.0,0.0,0.004756668286320743,0.23698948929749636,0.006751400148326215,0.021660742142546607,0.0,0.00010229394164130629,0.00043474925197555176,0.00043474925197555176,5.1146970820653144e-05,0.03403830908114467,0.0,0.0,5.1146970820653144e-05,0.0002813083395135923,0.0,0.0021993197452880855,0.0010485129018233895,0.0,7.672045623097972e-05,0.0,0.002403907628570698,0.1288647929826356,0.005063550111244662,0.0011763803288750224,0.0,5.1146970820653144e-05,0.0,0.0,0.027517070301511393,2.5573485410326572e-05,7.672045623097972e-05,0.04631358207810143,0.00010229394164130629,0.00043474925197555176,0.0,0.0,0.0008694985039511035,0.3087231158734624,0.0007672045623097972,0.0,0.004066184180241925,0.0010485129018233895,0.023144004296345548,0.007569751681456666,0.034600925760171854,0.00025573485410326573,0.01976830422218244,0.00012786742705163287,0.013042477559266552,0.00010229394164130629,0.0,0.0,0.00010229394164130629,0.013605094238293737,0.0,0.0,2.5573485410326572e-05,0.0006137636498478378,0.0,0.0,0.00023016136869293916,0.0013298212413369818,0.0,0.0,0.0035291409866250673,0.004858962227962049,0.00033245531033424544,0.0005114697082065315,0.00043474925197555176,0.0,0.0,0.012505434365649694,0.022734828529780322,0.0,0.00268521596808429,0.0,0.021379433803033015
icc,0.0006088280060882801,0.0009132420091324201,0.0,0.0,0.0006088280060882801,0.021917808219178082,0.008625063419583967,0.07397260273972603,0.0,0.0,0.00020294266869609335,0.0,0.0,0.07397260273972603,0.0,0.0,0.0,0.0004058853373921867,0.0,0.004769152714358194,0.0010147133434804667,0.0,0.00010147133434804668,0.0,0.0009132420091324201,0.21298833079654997,0.0197869101978691,0.0035514967021816335,0.0,0.0,0.0,0.0,0.0382546930492136,0.0,0.0,0.034601725012683916,0.00030441400304414006,0.00213089802130898,0.0,0.0,0.0,0.3171993911719939,0.0027397260273972603,0.0,0.0027397260273972603,0.0017250126839167936,0.0077118214104515475,0.0011161846778285135,0.09274479959411466,0.0008117706747843734,0.05763571790969051,0.0,0.0549974632166413,0.0,0.0,0.0,0.0015220700152207,0.013597158802638254,0.0,0.0,0.0,0.005175038051750381,0.0,0.0,0.0010147133434804667,0.0,0.0,0.0,0.0036529680365296802,0.00426179604261796,0.0,0.017453069507864027,0.0,0.0,0.0,0.008929477422628108,0.04403855910705226,0.0,0.00030441400304414006,0.0,0.0778285134449518
icc,0.00021358393848782572,0.00021358393848782572,0.0,0.0,0.00042716787697565144,0.021785561725758223,0.012601452370781717,0.06685177274668945,0.0,0.0,0.0,0.0,0.0,0.05766766339171294,0.0,0.0,0.0,0.00042716787697565144,0.0,0.00299017513882956,0.0017086715079026058,0.0,0.00021358393848782572,0.0008543357539513029,0.00149508756941478,0.19457496796240922,0.021144809910294746,0.005766766339171294,0.0,0.0,0.0,0.0,0.039085860743272104,0.0,0.0,0.043998291328492097,0.0,0.002349423323366083,0.0,0.0,0.0,0.33660828705681334,0.0034173430158052115,0.0,0.0025630072618539087,0.0017086715079026058,0.01046561298590346,0.0008543357539513029,0.0905595899188381,0.0006407518154634772,0.06364801366937206,0.0,0.05830841520717642,0.0,0.0,0.0,0.0021358393848782574,0.0149508756941478,0.0,0.0,0.0,0.002776591200341734,0.0,0.0,0.0008543357539513029,0.0,0.0,0.0,0.005553182400683468,0.005553182400683468,0.0,0.022212729602733874,0.0,0.0,0.0,0.006834686031610423,0.04335753951302862,0.0,0.00042716787697565144,0.0,0.07240495514737291
icc,0.0006939625260235947,0.00041637751561415684,0.0,0.0,0.0002775850104094379,0.04344205412907703,0.0034698126301179735,0.04829979181124219,0.0,0.0,0.0,0.0,0.0,0.031228313671061762,0.0,0.0,0.0,0.00013879250520471896,0.0,0.00041637751561415684,0.00041637751561415684,0.0,0.00013879250520471896,0.0,0.005135322692574601,0.1589174184594032,0.00013879250520471896,0.0034698126301179735,0.0,0.0,0.0,0.0,0.04524635669673838,0.0,0.0,0.04941013185287994,0.0,0.0015267175572519084,0.0,0.0,0.0,0.5991672449687717,0.017626648160999306,0.0,0.005690492713393476,0.0012491325468424704,0.009993060374739763,0.0008327550312283137,0.009021512838306732,0.0,0.0018043025676613463,0.0,0.01734906315058987,0.0,0.0,0.0,0.0016655100624566274,0.022068008327550313,0.0,0.0,0.0,0.002498265093684941,0.0,0.0,0.0006939625260235947,0.0,0.0,0.0,0.00013879250520471896,0.002081887578070784,0.0,0.0,0.0,0.0,0.0,0.016238723108952118,0.03289382373351839,0.0,0.0002775850104094379,0.0,0.0008327550312283137
icc,0.0,0.0,0.0,0.0,0.00022857142857142857,0.02217142857142857,0.012114285714285715,0.0672,0.0,0.0,0.0,0.0,0.0,0.058742857142857145,0.0,0.0,0.0,0.0,0.0,0.0029714285714285715,0.0006857142857142857,0.0,0.00022857142857142857,0.0,0.0009142857142857143,0.20022857142857142,0.02262857142857143,0.005942857142857143,0.0,0.0,0.0,0.0,0.03817142857142857,0.0,0.0,0.048,0.0,0.0038857142857142857,0.0,0.0,0.0,0.3298285714285714,0.0038857142857142857,0.0,0.002057142857142857,0.002057142857142857,0.013257142857142858,0.0006857142857142857,0.08594285714285714,0.0016,0.064,0.0,0.05828571428571429,0.0,0.0,0.0,0.002285714285714286,0.017142857142857144,0.0,0.0,0.0,0.002057142857142857,0.0,0.0,0.0006857142857142857,0.00022857142857142857,0.0,0.0,0.005942857142857143,0.005942857142857143,0.0,0.025142857142857144,0.0,0.0,0.0,0.006628571428571429,0.04411428571428572,0.0,0.00045714285714285713,0.0,0.06765714285714286
icc,0.00021258503401360543,0.0005314625850340137,0.0,0.0,0.006412981859410431,0.31473214285714285,0.0050311791383219956,0.025616496598639456,0.0,0.0001417233560090703,0.0006023242630385487,0.0006023242630385487,7.086167800453515e-05,0.02660856009070295,0.0,0.0,0.0,0.00035430839002267573,0.0,0.0020195578231292518,0.00017715419501133787,0.0,0.00010629251700680272,0.0,0.0017006802721088435,0.09644274376417233,0.004747732426303855,0.0030470521541950115,0.0,7.086167800453515e-05,0.0,0.0,0.024872448979591837,3.5430839002267575e-05,0.0,0.03220663265306122,0.0,0.0007794784580498867,0.0,0.0,0.0012046485260770975,0.2927295918367347,0.0015235260770975058,0.0,0.0018778344671201814,0.00116921768707483,0.020975056689342405,0.005314625850340136,0.03571428571428571,0.001736111111111111,0.021116780045351474,0.00017715419501133787,0.01767998866213152,0.0001417233560090703,0.0,0.0,0.0001417233560090703,0.0116921768707483,0.0,0.0,3.5430839002267575e-05,0.0012046485260770975,0.0,0.0,0.00031887755102040814,0.00031887755102040814,0.0,0.0,0.003153344671201814,0.002586451247165533,0.00035430839002267573,0.010700113378684806,0.0006023242630385487,0.0,0.0,0.01009778911564626,0.013463718820861678,0.0,0.0034367913832199547,0.0,0.021541950113378686
icc,0.0005913800444717793,0.0005677248426929082,0.0,0.0,0.004541798741543266,0.2205847565879737,0.008397596631499266,0.04087618867388939,0.0,9.462080711548469e-05,0.00040213843024080996,0.00040213843024080996,4.7310403557742344e-05,0.03940956616359938,0.0,0.0,0.0,0.0004257936320196811,0.0,0.0017268297298575956,0.0008042768604816199,0.0,7.096560533661353e-05,9.462080711548469e-05,0.0022235889672138904,0.12180063395940767,0.004305246723754553,0.002199933765435019,0.0,4.7310403557742344e-05,0.0,0.0,0.027227137247480722,2.3655201778871172e-05,0.0,0.027865827695510242,0.00011827600889435586,0.0012064152907224298,0.0,0.0,0.0008042768604816199,0.3219946066139944,0.0006150352462506505,0.0,0.00281496901168567,0.001632208922742111,0.018001608553720964,0.004257936320196811,0.045725505038557976,0.0012773808960590434,0.03482045701849837,0.00011827600889435586,0.018876851019539197,9.462080711548469e-05,0.0,0.0,9.462080711548469e-05,0.013649051426408668,0.0,0.0,2.3655201778871172e-05,0.0023418649761082462,0.0,0.0,0.0019870369494251784,0.0002838624213464541,0.0,0.0,0.0033117282490419645,0.0036192458721672894,0.00023655201778871173,0.008799735061740076,0.00040213843024080996,0.0,0.0,0.010455599186261058,0.02419927141978521,0.0,0.002578416993896958,0.0,0.03330652410465061
icc,0.0005155968032998196,0.0005155968032998196,0.0,0.0,0.0002577984016499098,0.02423304975509152,0.013921113689095127,0.06522299561742717,0.0,0.0,0.0,0.0,0.0,0.05826243877287961,0.0,0.0,0.0,0.0,0.0,0.0028357824181490074,0.0005155968032998196,0.0,0.0002577984016499098,0.0,0.0007733952049497294,0.2003093580819799,0.02036607373034287,0.006702758442897654,0.0,0.0,0.0,0.0,0.037122969837587005,0.0,0.0,0.05207527713328177,0.0,0.0018045888115493685,0.0,0.0,0.0,0.3325599381283836,0.003609177623098737,0.0,0.0020623872131992783,0.0020623872131992783,0.01211652487754576,0.0007733952049497294,0.08636246455271977,0.0018045888115493685,0.060324825986078884,0.0,0.054137664346481054,0.0,0.0,0.0,0.002577984016499098,0.016241299303944315,0.0,0.0,0.0,0.001288992008249549,0.0,0.0,0.0007733952049497294,0.0,0.0,0.0,0.006702758442897654,0.006702758442897654,0.0,0.025522041763341066,0.0,0.0,0.0,0.006702758442897654,0.04537251869038412,0.0,0.0005155968032998196,0.0,0.06548079401907708
icc,0.001013993104846887,0.0006083958629081322,0.0,0.0,0.0006083958629081322,0.024640032447779354,0.006286757250050699,0.0601297911174204,0.0,0.0,0.0,0.0,0.0,0.07280470492800649,0.0,0.0,0.0,0.0003041979314540661,0.0,0.006590955181504766,0.0012167917258162643,0.0,0.00010139931048468871,0.0009125937943621984,0.00466436828229568,0.22662745893327926,0.029203001419590348,0.003447576556479416,0.0,0.0,0.0,0.0,0.047556276617319,0.0,0.0,0.036807949705942,0.0,0.002129385520178463,0.0,0.0,0.0,0.3274183735550598,0.003954573108902859,0.0,0.005779760697627256,0.0025349827621172177,0.007097951733928209,0.00040559724193875484,0.06753194078280268,0.001419590346785642,0.056580815250456294,0.0,0.0547556276617319,0.0,0.0,0.0,0.0031433786250253497,0.012877712431555466,0.0,0.0,0.0,0.0015209896572703305,0.0,0.0,0.004461569661326303,0.0,0.0,0.0,0.0033461772459947273,0.0035489758669641045,0.0,0.04421009937132427,0.0,0.0,0.0,0.012877712431555466,0.04421009937132427,0.0,0.0003041979314540661,0.0,0.05627661731900223
icc,0.0005766312594840668,0.0005766312594840668,0.0,0.0,0.005493171471927162,0.2723216995447648,0.005584218512898331,0.029408194233687405,0.0,0.00012139605462822458,0.0005766312594840668,0.0005159332321699545,6.069802731411229e-05,0.04400606980273141,0.0,0.0,0.0,0.0004855842185128983,0.0,0.0019423368740515933,0.0007283763277693475,0.0,9.104704097116843e-05,0.0,0.002731411229135053,0.13396054628224582,0.0042185128983308045,0.0013353566009104705,0.0,6.069802731411229e-05,0.0,0.0,0.025857359635811837,3.0349013657056145e-05,0.0,0.04094081942336874,0.00012139605462822458,0.001426403641881639,0.0,0.0,0.001031866464339909,0.2798786039453718,0.0008497723823975721,0.0,0.0033080424886191197,0.0010925644916540212,0.019666160849772383,0.004916540212443096,0.04512898330804249,0.00030349013657056146,0.020091047040971168,0.00015174506828528073,0.013748103186646434,0.00012139605462822458,0.0,0.0,0.00018209408194233686,0.010986342943854324,0.0,0.0,3.0349013657056145e-05,0.002276176024279211,0.0,0.0,0.0006069802731411229,0.0011229135053110774,0.0,0.0,0.002761760242792109,0.0027921092564491654,0.00030349013657056146,0.0006069802731411229,0.0005159332321699545,0.0,0.0,0.010045523520485584,0.020576631259484068,0.0,0.003065250379362671,0.0,0.029984825493171472
icc,0.0010244049412473637,0.0009641458270563423,0.0,0.0,0.0014863914833785276,0.06571925948244116,0.013913159920993606,0.05011884436409896,0.0,1.339091426467142e-05,5.691138562485354e-05,5.691138562485354e-05,6.69545713233571e-06,0.0613103009607981,0.0,0.0,6.69545713233571e-06,0.0008670616986374745,0.0,0.003397944494660373,0.0005925479562117103,0.0,1.0043185698503565e-05,4.686819992634997e-05,0.0016705165545177598,0.1839309028823943,0.010123531184091594,0.0024840145960965485,0.0,6.69545713233571e-06,0.0,0.0,0.030768973251648755,3.347728566167855e-06,0.0,0.03554618191557028,0.0,6.69545713233571e-06,0.0,0.0,0.00011382277124970708,0.40649459341836564,0.0019316393826788523,0.00016738642830839277,0.0018847711827525025,0.0024806668675303807,0.009561112784975394,0.0017039938401794382,0.0369924006561548,0.00012386595694821064,0.040571122493388234,1.6738642830839274e-05,0.015058083090623012,1.339091426467142e-05,0.0,0.0,1.339091426467142e-05,0.012172341066586321,0.0,0.0,3.347728566167855e-06,2.678182852934284e-05,0.0,0.0,0.0009641458270563423,0.0008904957986006494,0.0,0.0,0.005014897392119447,0.007676341602222892,3.347728566167855e-05,0.003026346623815741,5.691138562485354e-05,0.0,0.0,0.011392320310669212,0.051113119748250814,0.0,0.0006661979846674032,0.0,0.03120083023668441
icc,0.0010911074740861974,0.00027277686852154935,0.0,0.0,0.0005455537370430987,0.02536824877250409,0.014729950900163666,0.06273867975995635,0.0,0.0,0.0,0.0,0.0,0.05646481178396072,0.0,0.0,0.0,0.0005455537370430987,0.0,0.002727768685215494,0.0005455537370430987,0.0,0.00027277686852154935,0.0,0.0008183306055646482,0.19639934533551553,0.020731042007637753,0.007364975450081833,0.0,0.0,0.0,0.0,0.03464266230223677,0.0,0.0,0.05319148936170213,0.0,0.0010911074740861974,0.0,0.0,0.0,0.33606110201854883,0.0038188761593016913,0.0,0.002182214948172395,0.002182214948172395,0.01282051282051282,0.0008183306055646482,0.08401527550463721,0.001363884342607747,0.06137479541734861,0.0,0.05455537370430987,0.0,0.0,0.0,0.002727768685215494,0.01718494271685761,0.0,0.0,0.0,0.0008183306055646482,0.0,0.0,0.0008183306055646482,0.0,0.0,0.0,0.0070921985815602835,0.0070921985815602835,0.0,0.02536824877250409,0.0,0.0,0.0,0.0070921985815602835,0.045553737043098744,0.0,0.0005455537370430987,0.0,0.06464811783960721
icc,0.0007407123609567961,0.0005810760762678314,0.0,0.0,0.0007407123609567961,0.031275940896261956,0.010172024060380829,0.06829240258993909,0.0,0.0,0.0,0.0,0.0,0.06717494859711633,0.0,0.0,6.385451387558587e-06,0.0006896287498563274,0.0,0.004010063471386792,0.0007343269095692374,0.0,6.385451387558587e-06,7.662541665070304e-05,0.0015516646871767364,0.21517694085794925,0.01612965020497299,0.003409831040956285,0.0,0.0,0.0,0.0,0.040809419817886924,0.0,0.0,0.03395783047903656,0.0,6.385451387558587e-06,0.0,0.0,0.0,0.38490862419064403,0.000957817708133788,0.00030011621521525356,0.0017879263885164042,0.0016602173607652324,0.0012451630205739244,0.0005810760762678314,0.04365733113673806,7.662541665070304e-05,0.04575814464324483,0.0,0.04561766471271854,0.0,0.0,0.0,0.00022349079856455052,0.010957434581050534,0.0,0.0,0.0,5.746906248802728e-05,0.0,0.0,0.0006385451387558586,7.662541665070304e-05,0.0,0.0,0.005363779165549212,0.0045655977421043895,0.0,0.001730457326028377,0.0,0.0,0.0,0.008875777428706435,0.05686244460620921,0.0,1.2770902775117174e-05,0.0,0.038063675721236735
icc,0.0007581329276524578,0.0006800527922463907,0.0,0.0,0.0008286569209224538,0.04101473951459343,0.012165388839074321,0.04318838973573652,0.0,0.0,0.0,0.0,0.0,0.026904903432503503,0.0,0.0,2.5187140453570025e-06,0.0007077586467453177,0.0,0.0012568383086331444,0.0003979568191664064,0.0,2.5187140453570025e-06,5.793042304321106e-05,0.0072941958753538795,0.12025852080961544,0.0005037428090714005,0.0019444472430156059,0.0,0.0,0.0,0.0,0.030068408273471896,0.0,0.0,0.02825745287486021,0.0,0.0,0.0,0.0,0.0,0.658699134569854,0.009737348499350172,0.0004987053809806865,0.007389907009077446,0.0037478464994912196,0.0005591545180692546,0.0002594275466717713,0.008034697804688838,5.5411708997854054e-05,3.2743282589641034e-05,0.0,0.0068760893438246165,0.0,0.0,0.0,0.0005138176652528285,0.01830853239570005,0.0,0.0,0.0,2.5187140453570027e-05,0.0,0.0,0.0005364860916610416,0.0,0.0,0.0,0.0024053719133159375,0.006077656991446447,0.0,0.012240950260435032,0.0,0.0,0.0,0.006893720342142116,0.037480983708957555,0.0,2.5187140453570025e-06,0.0,0.0016699074120716927
icc,0.00012866700977869275,0.0,0.0,0.0,0.000514668039114771,0.04644879053010808,0.0028306742151312406,0.046062789500772,0.0,0.0,0.0,0.0,0.0,0.02907874420998456,0.0,0.0,0.0,0.000514668039114771,0.0,0.00038600102933607824,0.0024446731857951623,0.0,0.00012866700977869275,0.0,0.0051466803911477095,0.1542717447246526,0.00012866700977869275,0.003988677303139475,0.0,0.0,0.0,0.0,0.041302110138960374,0.0,0.00012866700977869275,0.049279464745239324,0.0,0.0018013381369016985,0.0,0.0,0.0,0.5968862583633556,0.011580030880082347,0.0,0.006433350488934638,0.0016726711271230056,0.011065362840967576,0.0,0.005661348430262481,0.0,0.0016726711271230056,0.0,0.015568708183221822,0.0,0.0,0.0,0.001544004117344313,0.020972722593926917,0.0,0.0,0.0,0.0016726711271230056,0.0,0.0,0.001029336078229542,0.0,0.0,0.0,0.00038600102933607824,0.002959341224909933,0.00012866700977869275,0.0,0.0,0.0,0.0,0.01453937210499228,0.03564076170869789,0.0,0.0002573340195573855,0.0,0.0006433350488934637
icc,0.0006094858156028369,0.0011081560283687944,0.0,0.0,0.0011081560283687944,0.024046985815602835,0.0062056737588652485,0.06466090425531915,0.0,0.0,0.0,0.0,0.0,0.0678191489361702,0.0,0.0,5.5407801418439715e-05,0.0007757092198581561,0.0,0.007646276595744681,0.0020500886524822694,0.0,5.5407801418439715e-05,0.0,0.0023825354609929078,0.27770390070921985,0.026706560283687942,0.002881205673758865,0.0,0.0,0.0,0.0,0.04881427304964539,0.0,5.5407801418439715e-05,0.06809618794326242,0.00016622340425531914,0.002881205673758865,0.0,0.0,0.0,0.2958776595744681,0.004100177304964539,0.0,0.004100177304964539,0.0017176418439716313,0.004986702127659575,0.0002770390070921986,0.06826241134751773,0.0,0.057180851063829786,0.0,0.05634973404255319,0.0,0.0,0.0,0.0024933510638297874,0.014184397163120567,0.0,0.0,0.0,0.0009973404255319148,0.0,0.0,0.002327127659574468,5.5407801418439715e-05,0.0,0.0,0.0030474290780141845,0.0038231382978723403,5.5407801418439715e-05,0.0,0.0,0.0,0.0,0.012743794326241134,0.04848182624113475,0.0,0.00016622340425531914,0.0,0.06028368794326241
icc,0.0005141077206882995,0.00060483261257447,0.0,0.0,0.0055342184050564,0.27326337436114556,0.004989869053739378,0.019112710557353252,0.0,0.000120966522514894,0.0005141077206882995,0.0005141077206882995,6.0483261257447e-05,0.025523936250642636,0.0,0.0,0.0,0.0005141077206882995,0.0,0.002056430882753198,0.0003931411981734055,0.0,9.07248918861705e-05,0.0,0.002540296972812774,0.08764024556204071,0.003780203828590438,0.002298363927782986,0.0,6.0483261257447e-05,0.0,0.0,0.024767895484924547,3.02416306287235e-05,0.0,0.04003991895242991,0.0,0.0006955575044606405,0.0,0.0,0.001028215441376599,0.32473462969123296,0.000544349351317023,0.0,0.0027519883872138386,0.001270148486406387,0.024677170593038377,0.008800314512958539,0.02936462334049052,0.0008165240269755345,0.017479662503402184,0.0001512081531436175,0.014969607161218134,0.000120966522514894,0.0,0.0,0.000120966522514894,0.014153083134242598,0.0,0.0,3.02416306287235e-05,0.000302416306287235,0.0,0.0,0.0002721746756585115,0.000181449783772341,0.0,0.0,0.0030544046935010736,0.002903196540357456,0.000302416306287235,0.00725799135089364,0.0005141077206882995,0.0,0.0,0.013457525629781957,0.012580518341548975,0.0,0.0029636798016149032,0.0,0.01717724619711495
icc,0.0005679801206957757,0.0007099751508697196,0.0,0.0,0.006425275115370962,0.3146964856230032,0.005111821086261981,0.02584309549165779,0.0,0.00014199503017394392,0.0006034788782392617,0.0006034788782392617,7.099751508697196e-05,0.027085552005679803,0.0,0.0,0.0,0.0001774937877174299,0.0,0.0017039403620873268,0.00046148384806531773,0.0,0.00010649627263045793,0.0,0.002981895633652822,0.09531416400425985,0.0039048633297834577,0.002946396876109336,0.0,7.099751508697196e-05,0.0,0.0,0.024423145189918352,3.549875754348598e-05,0.0,0.029250976215832447,0.0,0.0009584664536741214,0.0,0.0,0.0012069577564785233,0.2909123180688676,0.00046148384806531773,0.0,0.0033723819666311677,0.0012779552715654952,0.020624778132765354,0.005324813631522897,0.0362087326943557,0.0013134540291089812,0.021086261980830672,0.0001774937877174299,0.017252396166134186,0.00014199503017394392,0.0,0.0,0.00014199503017394392,0.01146609868654597,0.0,0.0,3.549875754348598e-05,0.0005679801206957757,0.0,0.0,0.0003194888178913738,0.00014199503017394392,0.0,0.0,0.003230386936457224,0.002981895633652822,0.0003549875754348598,0.010188143414980476,0.0006034788782392617,0.0,0.0,0.009868654597089101,0.01537096201632943,0.0,0.0034078807241746537,0.0,0.02154774582889599
icc,0.0006615631792836216,0.0005670541536716756,0.0,0.0,0.0007560722048955675,0.031093469426330216,0.005481523485492865,0.05670541536716756,0.0,0.0,0.0,0.0,0.0,0.06209242982704848,0.0,0.0,0.0,0.0004725451280597297,0.0,0.004441924203761459,0.0002835270768358378,0.0,9.450902561194594e-05,9.450902561194594e-05,0.006332104716000378,0.1919478310178622,0.02069747660901616,0.0047254512805972974,0.0,0.0,0.0,0.0,0.041111426141196485,0.0,0.0,0.058595595879406485,0.0,0.0013231263585672432,0.0,0.0,0.0,0.32841886400151216,0.0037803610244778376,0.00018901805122389188,0.006899158869672054,0.0035913429732539457,0.005859559587940649,0.0002835270768358378,0.07957659956525848,0.0002835270768358378,0.05755599659767508,0.0,0.055476798034212266,0.0,0.0,0.0,0.008033267177015404,0.010112465740478216,0.0,0.0,0.0,0.0010395992817314053,0.0,0.0,0.005859559587940649,0.0002835270768358378,0.0,0.0,0.0031187978451942162,0.00302428881958227,0.0,0.01256970040638881,0.0,0.0,0.0,0.013798317739344108,0.045553350344957944,0.0,0.0002835270768358378,0.0,0.06814100746621303
icc,0.00047611490239644503,0.0014680209490557053,0.0,0.0,0.007221076019679416,0.34641326773528014,0.0051182352007617836,0.01805269004919854,0.0,0.00015870496746548166,0.0006744961117282971,0.0006744961117282971,7.935248373274083e-05,0.024916679892080622,0.0,0.0,0.0,0.0005554673861291858,0.0,0.0019441358514521504,0.0001983812093318521,0.0,0.00011902872559911126,0.0,0.0018647833677194097,0.1039517536898905,0.005316616410093636,0.001229963497857483,0.0,7.935248373274083e-05,0.0,0.0,0.025432471036343437,3.9676241866370415e-05,0.0,0.0376924297730519,0.0,0.0007538485954610379,0.0,0.0,0.0013489922234565942,0.26860815743532773,0.0006348198698619266,0.0,0.0021425170607840024,0.0007935248373274084,0.02249642913823203,0.005951436279955562,0.03051102999523885,0.0003967624186637042,0.015553086811617203,0.0001983812093318521,0.013529598476432312,0.00015870496746548166,0.0,0.0,0.00015870496746548166,0.011029995238850976,0.0,0.0,3.9676241866370415e-05,0.0008728773210601492,0.0,0.0,0.0003570861767973338,0.0002777336930645929,0.0,0.0,0.0026979844469131884,0.0026186319631804475,0.0003967624186637042,0.0007935248373274084,0.0006744961117282971,0.0,0.0,0.010276146643389938,0.013489922234565943,0.0,0.003967624186637042,0.0,0.01614823043961276
icc,0.0004724502450835646,0.00041339396444811904,0.0,0.0,0.005403649678143271,0.26906041457509006,0.005256008976554657,0.020994507765900904,0.0,0.00011811256127089116,0.0005019783854012874,0.0005019783854012874,5.905628063544558e-05,0.026043819760231502,0.0,0.0,0.0,0.0006496190869899013,0.0,0.0017421602787456446,0.0007382035079430698,0.0,8.858442095316836e-05,0.0,0.0025984763479596053,0.08932262446111144,0.0042225240654343585,0.0027165889092304967,0.0,5.905628063544558e-05,0.0,0.0,0.02456741274434536,2.952814031772279e-05,8.858442095316836e-05,0.03767790704541428,0.0,0.000561034666036733,0.0,0.0,0.0010039567708025748,0.32439614953050255,0.00044292210476584183,0.0,0.0029232858914545563,0.0010039567708025748,0.024035906218626352,0.008592688832457332,0.03280576389299002,0.0008858442095316837,0.018602728400165358,0.00014764070158861394,0.0150298234217209,0.00011811256127089116,0.0,0.0,0.00011811256127089116,0.013907754089647433,0.0,0.0,2.952814031772279e-05,0.0006791472273076242,0.0,0.0,0.00026575326285950513,0.0002362251225417823,0.0,0.0,0.002775645189865942,0.0030413984527254473,0.00038386582413039625,0.007736372763243371,0.0005019783854012874,0.0,0.0,0.01322860686233981,0.01195889682867773,0.0,0.0029823421720900018,0.0,0.02040394495954645
icc,0.0004355519259561726,0.0004627739213284334,0.0,0.0,0.004981625153123724,0.2514767932489452,0.005988838981897373,0.024989791751735404,0.0,0.00010888798148904315,0.0004627739213284334,0.0004627739213284334,5.444399074452157e-05,0.028555873145501565,0.0,0.0,0.0,0.00032666394446712944,0.0,0.001959983666802777,0.0009255478426568668,0.0,8.166598611678236e-05,5.444399074452157e-05,0.002449979583503471,0.0936436640805771,0.003838301347488771,0.002286647611269906,0.0,5.444399074452157e-05,0.0,0.0,0.025370899686947054,2.7221995372260786e-05,8.166598611678236e-05,0.03743024363685858,0.0,0.0009255478426568668,0.0,0.0,0.0009255478426568668,0.33025724785626787,0.0004355519259561726,0.0,0.0028583095140873828,0.001279433782496257,0.02322036205253845,0.008003266639444671,0.03593303389138424,0.0010072138287736492,0.02041649652919559,0.00013610997686130393,0.016088199265006126,0.00010888798148904315,0.0,0.0,0.00010888798148904315,0.013774329658363959,0.0,0.0,2.7221995372260786e-05,0.00103443582414591,0.0,0.0,0.0004355519259561726,0.0001905539676058255,0.0,0.0,0.0031033074724377296,0.0037566353613719887,0.00035388593983939025,0.007213828773649109,0.0004627739213284334,0.0,0.0,0.013692663672247175,0.014100993602831088,0.0,0.0028038655233428612,0.0,0.02390091193684497
icc,0.0006141248720573184,0.0007505970658478335,0.0,0.0,0.00624360286591607,0.30597065847833504,0.005493005800068236,0.024189696349368815,0.0,0.0001364721937905152,0.0005800068236096896,0.0005800068236096896,6.82360968952576e-05,0.028829750938246333,0.0,0.0,0.0,0.0005117707267144319,0.0,0.002695325827362675,0.000170590242238144,0.0,0.00010235414534288638,0.0,0.003172978505629478,0.10030706243602866,0.0050835892186966904,0.002968270214943705,0.0,6.82360968952576e-05,0.0,0.0,0.024803821221426135,3.41180484476288e-05,0.0,0.031320368474923234,0.0,0.00037529853292391673,0.0,0.0,0.001160013647219379,0.2928693278744456,0.0005800068236096896,0.00023882633913340157,0.0034118048447628795,0.002354145342886387,0.020095530535653362,0.00511770726714432,0.03401569430228591,0.0007164790174002047,0.019924940293415218,0.000170590242238144,0.01722961446605254,0.0001364721937905152,0.0,0.0,0.0001364721937905152,0.010917775503241215,0.0,0.0,3.41180484476288e-05,0.00020470829068577277,0.0,0.0,0.002149437052200614,0.0003070624360286592,0.0,0.0,0.003138860457181849,0.003002388263391334,0.000341180484476288,0.007983623336745137,0.0005800068236096896,0.0,0.0,0.012009553053565335,0.01695667007847151,0.0,0.0032412146025247355,0.0,0.021119071989082226
icc,0.001102804972961175,0.0009821856790435464,0.0,0.0,0.0014646628547140604,0.060504935339442796,0.02770797494564952,0.054677874688041174,0.0,1.1487551801678906e-05,4.8822095157135346e-05,4.8822095157135346e-05,5.743775900839453e-06,0.063503186359681,0.0,0.0,5.743775900839453e-06,0.0009994170067460647,0.0,0.003598475601875917,0.0005341711587780691,0.0,8.61566385125918e-06,9.190041441343125e-05,0.0014704066306149,0.1807738589271201,0.010961996306752096,0.0024698236373609647,0.0,5.743775900839453e-06,0.0,0.0,0.03256146558185886,2.8718879504197265e-06,0.0,0.060728942599575536,0.0,5.743775900839453e-06,0.0,0.0,9.764419031427069e-05,0.37454013894193905,0.00220560994592235,0.00013497873366972714,0.0016570793473921822,0.002736909216749999,0.010160739568584992,0.0015938978124829483,0.07742609914331583,2.8718879504197263e-05,0.040272484728735826,1.4359439752098631e-05,0.015826974494763113,1.1487551801678906e-05,0.0,0.0,1.1487551801678906e-05,0.012429531049416576,0.0,0.0,2.8718879504197265e-06,2.5846991553777537e-05,0.0,0.0,0.0009936732308452254,0.000976441903142707,0.0,0.0,0.004833387420556399,0.007708147258926545,2.8718879504197263e-05,5.7437759008394525e-05,4.8822095157135346e-05,0.0,0.0,0.010821273797181528,0.05024942346849395,0.0,0.0006634061165469568,0.0,0.033945715573961165
icc,0.0004332755632582322,0.0004332755632582322,0.0,0.0,0.0002166377816291161,0.02296360485268631,0.013648180242634315,0.0658578856152513,0.0,0.0,0.0,0.0,0.0,0.058708838821490465,0.0,0.0,0.0,0.0,0.0,0.0025996533795493936,0.0006499133448873484,0.0,0.0002166377816291161,0.0,0.0008665511265164644,0.2003899480069324,0.022097053726169845,0.006065857885615251,0.0,0.0,0.0,0.0,0.039428076256499134,0.0,0.0,0.04636048526863085,0.0,0.002383015597920277,0.0,0.0,0.0,0.32214038128249567,0.005849220103986135,0.0,0.002166377816291161,0.0017331022530329288,0.01169844020797227,0.001949740034662045,0.09510398613518198,0.0006499133448873484,0.0632582322357019,0.0,0.05805892547660312,0.0,0.0,0.0,0.002166377816291161,0.015814558058925475,0.0,0.0,0.0,0.0028162911611785096,0.0,0.0,0.0006499133448873484,0.0,0.0,0.0,0.006065857885615251,0.005849220103986135,0.0,0.020363951473136917,0.0,0.0,0.0,0.007149046793760832,0.04419410745233969,0.0,0.0008665511265164644,0.0,0.07214038128249567
icc,0.00046129007457522875,0.0005381717536711002,0.0,0.0,0.007034673637272238,0.3393172906896287,0.005151072499423388,0.020950257553624972,0.0,0.0001537633581917429,0.0006534942723149074,0.0006534942723149074,7.688167909587145e-05,0.02283385869147382,0.0,0.0,0.0,0.0005766125932190359,0.0,0.0019989236564926577,0.00019220419773967863,0.0,0.00011532251864380719,0.0,0.001845160298300915,0.08829860844160836,0.003805643115245637,0.0028830629660951796,0.0,7.688167909587145e-05,0.0,0.0,0.02241100945644653,3.844083954793573e-05,0.0,0.030560467440608904,0.0,0.000422849235027293,0.0,0.0,0.0013069885446298148,0.28503882524794344,0.000422849235027293,0.0,0.0020373644960405934,0.001268547705081879,0.0219497193818713,0.005766125932190359,0.03121396171292381,0.0006534942723149074,0.019643269008995157,0.00019220419773967863,0.017529022833858692,0.0001537633581917429,0.0,0.0,0.0001537633581917429,0.011686015222572461,0.0,0.0,3.844083954793573e-05,0.00011532251864380719,0.0,0.0,0.00034596755593142153,0.00023064503728761437,0.0,0.0,0.0033443530406704084,0.0026139770892596296,0.00038440839547935725,0.008610748058737603,0.0006534942723149074,0.0,0.0,0.010379026677942646,0.01187821942031214,0.0,0.003651879757053894,0.0,0.01725993695702314
icc,0.000532998902649318,0.00040758739614359617,0.0,0.0,0.005800282175889638,0.2854992945602759,0.005455400532998903,0.022197836651512776,0.0,0.0001254115065057219,0.000532998902649318,0.000532998902649318,6.270575325286095e-05,0.04185609029628468,0.0,0.0,0.0,0.0003762345195171657,0.0,0.0020692898573444114,0.00015676438313215238,0.0,9.405862987929142e-05,0.0,0.0016303495845743847,0.07311490829283587,0.0064273397084182475,0.0009092334221664838,0.0,6.270575325286095e-05,0.0,0.0,0.028531117730051733,3.135287662643048e-05,0.0,0.03680827715942938,0.0,0.0005643517792757486,0.0,0.0,0.001065997805298636,0.28872864085279826,0.002759053143125882,3.135287662643048e-05,0.001849819720959398,0.0017557610910801066,0.018749020222605425,0.004796990123843862,0.034143282646182785,0.0008465276689136229,0.018780373099231855,0.00015676438313215238,0.013826618592255839,0.0001254115065057219,0.0,0.0,0.0001254115065057219,0.011098918325756388,0.0,0.0,3.135287662643048e-05,0.0002508230130114438,0.0,0.0,0.0002821758896378743,0.0018811725975858284,0.0,0.0,0.004201285467941684,0.002978523279510895,0.00031352876626430476,0.012353033390813607,0.000532998902649318,0.0,0.0,0.010032920520457752,0.02037936980717981,0.0,0.002978523279510895,0.0,0.020222605424047656
icc,0.00038248231019315357,0.0,0.0,0.0,0.0,0.028112449799196786,0.011665710460891184,0.06234461656148403,0.0,0.0,0.0,0.0,0.0,0.05737234652897304,0.0,0.0,0.0,0.00038248231019315357,0.0,0.004016064257028112,0.002868617326448652,0.0,0.00019124115509657678,0.0,0.0013386880856760374,0.19812583668005354,0.024670109007458405,0.006693440428380187,0.0,0.0,0.0,0.0,0.03767450755402563,0.0,0.00019124115509657678,0.04322050105182635,0.0,0.0015299292407726143,0.0,0.0,0.0,0.3207114170969593,0.004207305412124689,0.0,0.0034423407917383822,0.0017211703958691911,0.010518263530311723,0.0005737234652897303,0.08682348441384585,0.0011474469305794606,0.06330082233696692,0.0,0.058902275769745646,0.0,0.0,0.0,0.002677376171352075,0.015108051252629566,0.0,0.0,0.0,0.0019124115509657677,0.0,0.0,0.0005737234652897303,0.0,0.0,0.0,0.0051635111876075735,0.007075922738573341,0.00019124115509657678,0.02027156244023714,0.0,0.0,0.0,0.007840887358959648,0.04455918913750239,0.0,0.00038248231019315357,0.0,0.07075922738573341
icc,0.0006078055022392835,0.0006397952655150352,0.0,0.0,0.005630198336532309,0.28742802303262954,0.005438259756877799,0.024472168905950095,0.0,0.00012795905310300704,0.0005438259756877799,0.0005438259756877799,6.397952655150352e-05,0.03659628918746001,0.0,0.0,0.0,0.0005118362124120282,0.0,0.0019513755598208574,0.0004158669225847729,0.0,9.596928982725528e-05,0.0,0.0028150991682661546,0.05786948176583493,0.005342290467050544,0.0027511196417146513,0.0,6.397952655150352e-05,0.0,0.0,0.028662827895073576,3.198976327575176e-05,0.0,0.03400511836212412,0.0,0.000799744081893794,0.0,0.0,0.0010876519513755597,0.299872040946897,0.0018234165067178502,3.198976327575176e-05,0.0029750479846449135,0.0016634676903390915,0.01980166346769034,0.005022392834293026,0.0336212412028151,0.0009916826615483044,0.020409468969929623,0.0001599488163787588,0.016250799744081893,0.00012795905310300704,0.0,0.0,0.00012795905310300704,0.011260396673064619,0.0,0.0,3.198976327575176e-05,0.0003198976327575176,0.0,0.0,0.00028790786948176584,0.0001599488163787588,0.0,0.0,0.004254638515674984,0.0030390275111964174,0.0003198976327575176,0.008157389635316698,0.0005438259756877799,0.0,0.0,0.010268714011516316,0.01561100447856686,0.0,0.003071017274472169,0.0,0.02034548944337812
icc,0.00037376191366099795,0.0011212857409829938,0.0,0.0,0.0005606428704914969,0.04653335825079424,0.002616333395626986,0.04728088207811624,0.0,0.0,0.0,0.0,0.0,0.03176976266118482,0.0,0.0,0.0,0.0005606428704914969,0.0,0.00037376191366099795,0.00037376191366099795,0.0,0.00018688095683049897,0.0,0.0031769762661184825,0.13903943188189125,0.00018688095683049897,0.004111381050270977,0.0,0.0,0.0,0.0,0.04316950102784526,0.0,0.0,0.030274715006540834,0.0,0.0020556905251354887,0.0,0.0,0.0,0.6096056811810876,0.008409643057372454,0.0,0.0039245000934404785,0.0007475238273219959,0.012521024107643431,0.0,0.006167071575406466,0.0018688095683049898,0.0024294524387964865,0.0,0.0181274528125584,0.0,0.0,0.0,0.0022425714819659876,0.02186507194916838,0.0,0.0,0.0,0.0011212857409829938,0.0,0.0,0.0009344047841524949,0.0,0.0,0.0,0.00018688095683049897,0.0028032143524574847,0.0,0.005045785834423472,0.0,0.0,0.0,0.01663240515791441,0.037563072322930297,0.0,0.00018688095683049897,0.0,0.0009344047841524949
icc,0.00033960050631348215,0.0006792010126269643,0.0,0.0,0.005649717514124294,0.27677441264548797,0.00546448087431694,0.02908215244975456,0.0,0.0001234910932049026,0.0005865826927232874,0.000524837146120836,6.17455466024513e-05,0.0426044271556914,0.0,0.0,0.0,0.000524837146120836,0.0,0.0019758574912784417,0.0007100737859281899,0.0,9.261831990367695e-05,0.0,0.002716804050507857,0.1324133246889568,0.0044765521286777195,0.0013275292519527029,0.0,6.17455466024513e-05,0.0,0.0,0.025778765706523418,3.087277330122565e-05,0.0,0.03933191318576148,0.0001234910932049026,0.0013892747985551543,0.0,0.0,0.001049674292241672,0.2794603439226946,0.0006483282393257386,0.0,0.0033033867432311443,0.0009879287456392208,0.01972770213948319,0.004877898181593653,0.04467290296687351,0.0003087277330122565,0.020345157605507702,0.00015436386650612824,0.01398536630545522,0.0001234910932049026,0.0,0.0,0.0001852366398073539,0.011175943935043686,0.0,0.0,3.087277330122565e-05,0.0022537124509894725,0.0,0.0,0.0004939643728196104,0.0011114198388441233,0.0,0.0,0.0026859312772066313,0.002716804050507857,0.0003087277330122565,0.000617455466024513,0.000524837146120836,0.0,0.0,0.009910160229693434,0.020406903152110155,0.0,0.003087277330122565,0.0,0.029390880182766817
icc,0.0006281900274833137,0.0007459756576364351,0.0,0.0,0.007341970946211229,0.3435806831566549,0.006438947781703966,0.01794267765999215,0.0,0.00015704750687082843,0.0006674519042010208,0.0006674519042010208,7.852375343541422e-05,0.025873576756968983,0.0,0.0,0.0,0.0014919513152728701,0.0,0.0017667844522968198,0.00019630938358853554,0.0,0.00011778563015312132,0.0,0.001845308205732234,0.09972516686297606,0.0038869257950530037,0.0012563800549666275,0.0,7.852375343541422e-05,0.0,0.0,0.024499411071849234,3.926187671770711e-05,0.0,0.03898704358068315,0.0,0.0004711425206124853,0.0,0.0,0.0013349038084020416,0.2612092658029054,0.0008244994110718492,0.0,0.002080879466038477,0.0008244994110718492,0.02308598351001178,0.0063604240282685515,0.031684334511189634,0.00039261876717707107,0.018610129564193167,0.00019630938358853554,0.0154691794267766,0.00015704750687082843,0.0,0.0,0.00015704750687082843,0.011935610522182961,0.0,0.0,3.926187671770711e-05,0.00031409501374165687,0.0,0.0,0.00035335689045936394,0.00011778563015312132,0.0,0.0,0.0026698076168040832,0.0026698076168040832,0.00039261876717707107,0.0007852375343541421,0.0006674519042010208,0.0,0.0,0.010639968590498625,0.01397722811150373,7.852375343541422e-05,0.0038869257950530037,0.0,0.01680408323517864
icc,0.0009416195856873823,0.0005136106831022085,0.0,0.0,0.0005992124636192433,0.04305769560006848,0.0016264338298236604,0.05846601609313474,0.0,0.0,0.0,0.0,0.0,0.028334189351138503,0.0,0.0,0.0,0.001027221366204417,0.0,0.0009416195856873823,0.0008560178051703475,0.0,8.560178051703475e-05,0.0,0.00667693888032871,0.12574901557952406,0.000342407122068139,0.0023112480739599386,0.0,0.0,0.0,0.0,0.03552473891456942,0.0,0.0,0.02465331278890601,0.0,0.0011984249272384865,0.0,0.0,0.0,0.6446670090737887,0.009844204759458996,0.0,0.007361753124464989,0.004451292586885807,0.008046567368601267,0.0,0.00830337271015237,0.001369628488272556,0.0011128231467214518,0.0,0.012155452833418935,0.0,0.0,0.0,0.0011984249272384865,0.016863550761855847,0.0,0.0,0.0,0.005649717514124294,0.0,0.0,0.000684814244136278,0.0,0.0,0.0,8.560178051703475e-05,0.001712035610340695,0.0,0.014894709809964048,0.0,0.0,0.0,0.011727443930833761,0.03492552645095018,8.560178051703475e-05,0.00025680534155110427,0.0,0.00042800890258517377
icc,0.0005128956623681126,0.0003663540445486518,0.0,0.0,0.006557737397420867,0.3238936107854631,0.005055685814771395,0.023483294255568582,0.0,0.00014654161781946072,0.0006228018757327081,0.0006228018757327081,7.327080890973036e-05,0.024069460726846424,0.0,0.0,0.0,0.00047626025791324734,0.0,0.0016852286049237983,0.0002564478311840563,0.0,0.00010990621336459555,0.0,0.0017584994138335288,0.0939698124267292,0.004213071512309496,0.002674384525205158,0.0,7.327080890973036e-05,0.0,0.0,0.025205158264947247,3.663540445486518e-05,0.0,0.02996776084407972,0.0,0.000805978898007034,0.0,0.0,0.0012456037514654162,0.2886503516998828,0.0006228018757327081,0.0,0.0020515826494724504,0.0012456037514654162,0.021541617819460727,0.005605216881594373,0.03421746776084408,0.0010624267291910903,0.019343493552168817,0.0001831770222743259,0.017218640093786635,0.00014654161781946072,0.0,0.0,0.00014654161781946072,0.011686694021101993,0.0,0.0,3.663540445486518e-05,0.0006594372801875733,0.0,0.0,0.0003297186400937866,0.0002198124267291911,0.0,0.0,0.0032971864009378664,0.0027476553341148884,0.0003663540445486518,0.011723329425556858,0.0006228018757327081,0.0,0.0,0.010404454865181711,0.01406799531066823,0.0,0.0035169988276670576,0.0,0.020259378663540446
icc,0.0003674069235793599,0.0007348138471587198,0.0,0.0,0.007266492488569563,0.3566704768125408,0.005266165904637492,0.015839320705421295,0.0,0.00016329196603527107,0.0006939908556499021,0.0006939908556499021,8.164598301763554e-05,0.022493468321358588,0.0,0.0,0.0,0.000530698889614631,0.0,0.0018778576094056173,0.00020411495754408884,0.0,0.0001224689745264533,0.0,0.001918680600914435,0.09507674722403658,0.0035107772697583277,0.0013471587197909864,0.0,8.164598301763554e-05,0.0,0.0,0.022901698236446767,4.082299150881777e-05,0.0,0.03886348791639451,0.0,0.0004490529065969954,0.0,0.0,0.0013879817112998042,0.25861365120836055,0.0004490529065969954,0.0,0.002204441541476159,0.0009389288047028086,0.02322828216851731,0.0062050947093403004,0.031882756368386674,0.0004082299150881777,0.017064010450685826,0.00020411495754408884,0.01408393207054213,0.00016329196603527107,0.0,0.0,0.00016329196603527107,0.011675375571521882,0.0,0.0,4.082299150881777e-05,0.0005715218811234487,0.0,0.0,0.0003674069235793599,0.0003674069235793599,0.0,0.0,0.0035924232527759633,0.004245591116917048,0.0004082299150881777,0.0008164598301763554,0.0006939908556499021,0.0,0.0,0.010613977792292619,0.01224689745264533,0.0,0.004000653167864141,0.0,0.017431417374265186
icc,0.00042426813746287653,0.0006364022061943148,0.0,0.0,0.0006364022061943148,0.023759015697921087,0.01103097157403479,0.06618582944420874,0.0,0.0,0.0,0.0,0.0,0.05897327110733984,0.0,0.0,0.0,0.00021213406873143826,0.0,0.002545608824777259,0.00042426813746287653,0.0,0.00021213406873143826,0.0,0.0006364022061943148,0.20980059397539244,0.02460755197284684,0.008061094611794654,0.0,0.0,0.0,0.0,0.03818413237165889,0.0,0.0,0.04560882477725923,0.0,0.002333474756045821,0.0,0.0,0.0,0.3360203648705982,0.005303351718285956,0.0,0.0019092066185829445,0.0019092066185829445,0.010394569367840474,0.0006364022061943148,0.08718710224862113,0.0006364022061943148,0.058336868901145526,0.0,0.053245651251591,0.0,0.0,0.0,0.002333474756045821,0.013788714467543487,0.0,0.0,0.0,0.002545608824777259,0.0,0.0,0.0006364022061943148,0.0,0.0,0.0,0.0057276198557488335,0.005939753924480272,0.0,0.025031820110309716,0.0,0.0,0.0,0.00615188799321171,0.04900296987696224,0.0,0.00042426813746287653,0.0,0.06957997454391175
icc,0.0,0.0,0.0,0.0,0.0,0.04369428613181353,0.0021920210434020165,0.0526085050416484,0.0,0.0,0.0,0.0,0.0,0.025281309367236594,0.0,0.0,0.0,0.00014613473622680112,0.0,0.00043840420868040335,0.00029226947245360223,0.0,0.00014613473622680112,0.0,0.005553119976618442,0.1600175361683472,0.00043840420868040335,0.007452871547566856,0.0,0.0,0.0,0.0,0.037410492474061086,0.0,0.0,0.055385065029957624,0.0,0.002338155779628818,0.0,0.0,0.0,0.6035364606166886,0.013005991524185299,0.0005845389449072045,0.006283793657752448,0.001169077889814409,0.009937162063422475,0.0,0.00394563787812363,0.0,0.0018997515709484145,0.0,0.016805494666082128,0.0,0.0,0.0,0.0020458863071752156,0.020458863071752157,0.0,0.0,0.0,0.0010229431535876078,0.0,0.0,0.0036533684056700277,0.0,0.0,0.0,0.00014613473622680112,0.0024842905158556187,0.0,0.0,0.0,0.0,0.0,0.017828437819669734,0.03667981879292708,0.0,0.00029226947245360223,0.0,0.0007306736811340056
icc,0.00042197330059843484,0.0006521405554703085,0.0,0.0,0.006751572809574957,0.3382691422433635,0.005140402025471843,0.021827528003682675,0.0,0.00015344483658124905,0.0006521405554703085,0.0006521405554703085,7.672241829062452e-05,0.022748197023170172,0.0,0.0,0.0,0.0007672241829062452,0.0,0.0018796992481203006,0.0001918060457265613,0.0,0.00011508362743593678,0.0,0.0018413380389749885,0.0885376707073807,0.003951204541967163,0.002800368267607795,0.0,7.672241829062452e-05,0.0,0.0,0.02290164185975142,3.836120914531226e-05,0.0,0.0300368267607795,0.0,0.0006521405554703085,0.0,0.0,0.001304281110940617,0.28521558999539665,0.00042197330059843484,0.0,0.0020331440847015498,0.0012659199017953046,0.022134417676845174,0.005754181371796839,0.0322234156820623,0.000882307810342182,0.019487494245818627,0.0001918060457265613,0.017607794997698326,0.00015344483658124905,0.0,0.0,0.00015344483658124905,0.011623446371029614,0.0,0.0,3.836120914531226e-05,0.0003068896731624981,0.0,0.0,0.0003452508823078103,0.00015344483658124905,0.0,0.0,0.0033374251956421667,0.002608562221881234,0.0003836120914531226,0.009014884149148382,0.0006521405554703085,0.0,0.0,0.01035752646923431,0.011623446371029614,0.0,0.0036443148688046646,0.0,0.01818321313487801
icc,0.0005422013374299657,0.0007229351165732876,0.0,0.0,0.006506416049159588,0.3195373215253931,0.0053497198626423275,0.023929152358575817,0.0,0.0001445870233146575,0.0006144948490872944,0.0006144948490872944,7.229351165732875e-05,0.026640159045725646,0.0,0.0,0.0,0.0003253208024579794,0.0,0.001915778058919212,0.001915778058919212,0.0,0.00010844026748599314,0.0016627507681185613,0.003144767757093801,0.09260798843303814,0.003903849629495753,0.0026748599313211638,0.0,7.229351165732875e-05,0.0,0.0,0.024724380986806436,3.6146755828664375e-05,0.0,0.028628230616302187,0.0,0.0009036688957166094,0.0,0.0,0.0012289896981745889,0.2912344117115489,0.0004699078257726369,0.0,0.0033255015362371227,0.0011928429423459245,0.02107355864811133,0.005458160130128321,0.036219049340321705,0.0011205494306885957,0.019591541659136093,0.0001807337791433219,0.01716970901861558,0.0001445870233146575,0.0,0.0,0.0001445870233146575,0.011241641062714622,0.0,0.0,3.6146755828664375e-05,0.0007952286282306163,0.0,0.0,0.0003614675582866438,0.0001445870233146575,0.0,0.0,0.0032170612687511296,0.0026748599313211638,0.0003614675582866438,0.009145129224652087,0.0006144948490872944,0.0,0.0,0.010012651364540033,0.01254292427254654,0.0,0.0033977950478944513,0.0,0.021362732694740646
icc,0.0,0.0002446183953033268,0.0,0.0,0.0002446183953033268,0.024951076320939333,0.014187866927592954,0.06433463796477495,0.0,0.0,0.0,0.0,0.0,0.05577299412915851,0.0,0.0,0.0,0.0002446183953033268,0.0,0.0026908023483365948,0.0004892367906066536,0.0,0.0002446183953033268,0.0,0.0007338551859099804,0.24535225048923678,0.02054794520547945,0.0066046966731898235,0.0,0.0,0.0,0.0,0.033268101761252444,0.0,0.0,0.08170254403131115,0.0,0.001223091976516634,0.0,0.0,0.0,0.3065068493150685,0.004403131115459882,0.0004892367906066536,0.002446183953033268,0.0019569471624266144,0.01296477495107632,0.0007338551859099804,0.08268101761252446,0.0,0.06335616438356165,0.0,0.0574853228962818,0.0,0.0,0.0,0.0026908023483365948,0.016389432485322895,0.0,0.0,0.0,0.001223091976516634,0.0,0.0,0.0007338551859099804,0.0,0.0,0.0,0.0066046966731898235,0.007093933463796477,0.0,0.0,0.0,0.0,0.0,0.007583170254403131,0.04500978473581213,0.0,0.0007338551859099804,0.0,0.0638454011741683
icc,0.00038001796448559384,0.0005873004905686451,0.0,0.0,0.006045740344088993,0.30705451530435984,0.0049747806259932284,0.028328611898016998,0.0,0.00013818835072203412,0.0005873004905686451,0.0005873004905686451,6.909417536101706e-05,0.0271194638291992,0.0,0.0,0.0,0.0005527534028881365,0.0,0.001934636910108478,0.0005527534028881365,0.0,0.0001036412630415256,0.0,0.0029710495405237338,0.09414081392938575,0.004352933047744075,0.002729219926760174,0.0,6.909417536101706e-05,0.0,0.0,0.02352656671042631,3.454708768050853e-05,0.0,0.029572307054515305,0.0,0.0018309956470669523,0.0,0.0,0.0011746009811372902,0.2983831962965522,0.0006909417536101706,0.0,0.003247426241967802,0.0014509776825813584,0.020417328819180545,0.00518206315207628,0.03852000276376701,0.0020382781731500036,0.022041041940164444,0.00017273543840254265,0.0174117321909763,0.00013818835072203412,0.0,0.0,0.00013818835072203412,0.011435086022248325,0.0,0.0,3.454708768050853e-05,0.0011746009811372902,0.0,0.0,0.0004836592275271195,0.00017273543840254265,0.0,0.0,0.0030746908035652596,0.0027637670144406825,0.0003454708768050853,0.009984108339666967,0.0005873004905686451,0.0,0.0,0.010433220479513576,0.01437158847509155,0.0,0.0032819733296483105,0.0,0.023837490499550886
icc,0.00017461148943600488,0.00017461148943600488,0.0,0.0,0.0005238344683080147,0.045573598742797275,0.0024445608521040684,0.047319713637157326,0.0,0.0,0.0,0.0,0.0,0.030906233630172867,0.0,0.0,0.0,0.0,0.0,0.00017461148943600488,0.00034922297887200976,0.0,0.00017461148943600488,0.0,0.002968395320412083,0.1354985158023398,0.00034922297887200976,0.004016064257028112,0.0,0.0,0.0,0.0,0.041906757464641176,0.0,0.0,0.031604679587916885,0.0,0.001746114894360049,0.0,0.0,0.0,0.6111402130260171,0.011873581281648332,0.0,0.003666841278156103,0.0006984459577440195,0.012222804260520342,0.0,0.004539898725336127,0.001571503404924044,0.0022699493626680634,0.0,0.018508817880216518,0.0,0.0,0.0,0.0020953378732320588,0.023397939584424654,0.0,0.0,0.0,0.0012222804260520342,0.0,0.0,0.0008730574471800245,0.0,0.0,0.0,0.00017461148943600488,0.0026191723415400735,0.0,0.005762179151388162,0.0,0.0,0.0,0.017286537454164485,0.03823991618648507,0.0,0.00017461148943600488,0.0,0.0008730574471800245
icc,0.0013090867696861038,0.000597626568769743,0.0,0.0,0.005037138222487834,0.25996755741483824,0.008452147186886366,0.02364893707845983,0.0,0.00011383363214661772,0.0004837929366231253,0.0004837929366231253,5.691681607330886e-05,0.039016477418253225,0.0,0.0,0.0,0.0004837929366231253,0.0,0.0024758814991889355,0.0012237115455761404,0.0,8.537522410996328e-05,0.00011383363214661772,0.003187341700105296,0.07544323970517089,0.006346224992173938,0.0017644212982725746,0.0,5.691681607330886e-05,0.0,0.0,0.029340618685790718,2.845840803665443e-05,0.0,0.051054384017758046,0.0,0.0010529610973562138,0.0,0.0,0.0009675858732462506,0.2966789037821224,0.0024758814991889355,5.691681607330886e-05,0.004325678021571473,0.003101966475995333,0.01844104840775207,0.004439511653718091,0.038333475625373516,0.0002845840803665443,0.01772958820683571,0.00014229204018327215,0.012777825208457839,0.00011383363214661772,0.0,0.0,0.00011383363214661772,0.010501152565525484,0.0,0.0,2.845840803665443e-05,0.0013660035857594125,0.0,0.0,0.00025612567232988985,0.0006545433848430519,0.0,0.0,0.004211844389424855,0.00648851703235721,0.0002845840803665443,0.0005691681607330886,0.0004837929366231253,0.0,0.0,0.010358860525342212,0.020831554682831044,0.0,0.0027604655795554797,0.0,0.024388855687412846
icc,0.0004049179120960024,0.0006625929470661857,0.0,0.0,0.006625929470661857,0.32905101965692407,0.007509386733416771,0.018221306044320106,0.0,0.00014724287712581904,0.0006257822277847309,0.0006257822277847309,7.362143856290952e-05,0.027276742987557976,0.0,0.0,0.0,0.0006257822277847309,0.0,0.001987778841198557,0.0001840535964072738,0.0,0.00011043215784436428,0.0,0.0017301038062283738,0.10468968563645734,0.0046749613487447545,0.0013988073326952808,0.0,7.362143856290952e-05,0.0,0.0,0.02458956048001178,3.681071928145476e-05,0.0,0.04152249134948097,0.0,0.0010307001398807334,0.0,0.0,0.0012515644555694619,0.26154016049473605,0.0006257822277847309,0.0,0.0019141574026356476,0.0008466465434734594,0.021313406463962306,0.005521607892218214,0.04424648457630862,0.0003681071928145476,0.016417580799528823,0.0001840535964072738,0.013435912537730988,0.00014724287712581904,0.0,0.0,0.00014724287712581904,0.0108223514687477,0.0,0.0,3.681071928145476e-05,0.0006994036663476404,0.0,0.0,0.00033129647353309286,0.00025767503497018334,0.0,0.0,0.010785540749466244,0.0028344253846720167,0.0003681071928145476,0.0007362143856290952,0.0006257822277847309,0.0,0.0,0.009938894205992786,0.013435912537730988,0.0,0.0036074504895825667,0.0,0.02955900758300817
icc,0.0004892183795581982,0.0007150114778158281,0.0,0.0,0.006924321679900651,0.33229217626914537,0.005757724005569563,0.022090091446204795,0.0,0.00015052873217175327,0.0006397471117299514,0.0006397471117299514,7.526436608587664e-05,0.023934068415308773,0.0,0.0,0.0,0.0004139540134723215,0.0,0.0018063447860610395,0.00018816091521469162,0.0,0.00011289654912881497,0.0,0.0018063447860610395,0.09061829676739548,0.0041771723177661535,0.0027471493621344972,0.0,7.526436608587664e-05,0.0,0.0,0.023068528205321192,3.763218304293832e-05,0.0,0.030293907349565347,0.0,0.0007150114778158281,0.0,0.0,0.0012794942234599029,0.2863432807737177,0.0007902758439017047,0.0,0.0020321378843186693,0.0012418620404169645,0.02175140179881835,0.0060587814699130695,0.03356790727430098,0.000940804576073458,0.01975689609754262,0.00018816091521469162,0.017423700748880444,0.00015052873217175327,0.0,0.0,0.00015052873217175327,0.01166597674331088,0.0,0.0,3.763218304293832e-05,0.00030105746434350654,0.0,0.0,0.0003386896473864449,0.00015052873217175327,0.0,0.0,0.0033492642908215108,0.0025966206299627443,0.00037632183042938324,0.008881195198133443,0.0006397471117299514,0.0,0.0,0.010198321604636285,0.012606781319384338,0.0,0.0035750573890791404,0.0,0.01859029842321153
icc,0.0004953135715918617,0.0006477177474662806,0.0,0.0,0.0068581879143488535,0.3362036119789682,0.005181741979730245,0.02156519088623028,0.0,0.00015240417587441895,0.0006477177474662806,0.0006477177474662806,7.620208793720948e-05,0.02347024308466052,0.0,0.0,0.0,0.00041911148365465214,0.0,0.002019355330336051,0.0001905052198430237,0.0,0.00011430313190581421,0.0,0.0018288501104930274,0.0893088470624095,0.004000609616703498,0.0028575782976453554,0.0,7.620208793720948e-05,0.0,0.0,0.022555818029414004,3.810104396860474e-05,0.0,0.030480835174883793,0.0,0.0006096167034976758,0.0,0.0,0.0012954354949325612,0.2854530214127867,0.00041911148365465214,0.0,0.002019355330336051,0.0012573344509639564,0.022060504457822143,0.005715156595290711,0.031623866493941936,0.0009906271431837233,0.020041149127486092,0.0001905052198430237,0.01775508648936981,0.00015240417587441895,0.0,0.0,0.00015240417587441895,0.011773222586298865,0.0,0.0,3.810104396860474e-05,0.00015240417587441895,0.0,0.0,0.00034290939571744267,0.00015240417587441895,0.0,0.0,0.0033147908252686123,0.002628972033833727,0.0003810104396860474,0.009106149508496532,0.0006477177474662806,0.0,0.0,0.01036348395946049,0.011963727806141888,0.0,0.003657700220986055,0.0,0.01783128857730702
icc,0.0,0.0,0.0,0.0,0.0022123893805309734,0.051991150442477874,0.004424778761061947,0.04314159292035398,0.0,0.0,0.0,0.0,0.0,0.02654867256637168,0.0,0.0,0.0,0.0,0.0,0.0011061946902654867,0.00663716814159292,0.0,0.0011061946902654867,0.0,0.02654867256637168,0.1404867256637168,0.0011061946902654867,0.014380530973451327,0.0,0.0,0.0,0.0,0.023230088495575223,0.0,0.0,0.03871681415929203,0.0,0.0,0.0,0.0,0.0,0.5387168141592921,0.0022123893805309734,0.0,0.033185840707964605,0.0022123893805309734,0.02101769911504425,0.0,0.02765486725663717,0.0,0.016592920353982302,0.0,0.02101769911504425,0.0,0.0,0.0,0.0022123893805309734,0.024336283185840708,0.0,0.0,0.0,0.0022123893805309734,0.0,0.0,0.004424778761061947,0.0022123893805309734,0.0,0.0,0.00663716814159292,0.018805309734513276,0.0,0.0,0.0,0.0,0.0,0.017699115044247787,0.015486725663716814,0.0,0.00331858407079646,0.0,0.014380530973451327
icc,0.0015143164141878085,0.0013918349395108534,0.0,0.0,0.002321580679104104,0.030074769372950522,0.009202812620045764,0.07077759034400592,0.0,0.0,0.0,0.0,0.0,0.06557769500999337,0.0,0.0,5.567339758043414e-06,0.0005734359950784716,0.0,0.0038247624137758254,0.0006736481107232532,0.0,5.567339758043414e-06,6.680807709652097e-05,0.001397402279268897,0.24936671510252256,0.016267766773002856,0.0034740200090190906,0.0,0.0,0.0,0.0,0.042116925269598426,0.0,0.0,0.06230966657202189,0.0,0.0,0.0,0.0,0.0,0.35669945829784155,0.0009687171178995541,0.0003173383662084746,0.0016089611900745467,0.001531018433461939,0.0010856312528184657,0.0005233299372560809,0.04629243008813099,0.0,0.047121963712079454,0.0,0.04702731893619272,0.0,0.0,0.0,0.00021155891080564974,0.010728263713749658,0.0,0.0,0.0,0.00010577945540282487,0.0,0.0,0.0006402440721749926,8.351009637065121e-05,0.0,0.0,0.004849152929255814,0.004019619305307345,0.0,0.0,0.0,0.0,0.0,0.00831760559851686,0.05655860460196305,0.0,1.6702019274130242e-05,0.0,0.040925514561377135
icc,0.0004998667022127433,0.0006998133830978405,0.0,0.0,0.0008331111703545721,0.059684084244201546,0.003432418021860837,0.04488802985870435,0.0,0.0,0.0,0.0,0.0,0.024526792855238604,0.0,0.0,0.0,0.0004665422553985604,0.0,0.0008997600639829379,0.000866435617168755,0.0,3.332444681418288e-05,0.00013329778725673153,0.00866435617168755,0.13283124500133298,0.00026659557451346307,0.0010663822980538523,0.0,0.0,0.0,0.0,0.030125299920021328,0.0,0.0,0.04118901626233005,0.0001999466808850973,0.0015662490002665956,0.0,0.0,0.0,0.6231338309784058,0.01619568115169288,0.0,0.009697414022927219,0.005698480405225273,0.004765395894428153,0.0006998133830978405,0.012296720874433485,0.0,0.0004332178085843775,0.0,0.01086376966142362,0.0,0.0,0.0,0.0007997867235403892,0.016328978938949613,0.0,0.0,0.0,0.001766195681151693,0.0,0.0,0.0007997867235403892,0.0,0.0,0.0,0.003732338043188483,0.005398560383897627,0.0,0.0,0.0,0.0,0.0,0.011030391895494535,0.0323247134097574,6.664889362836577e-05,6.664889362836577e-05,0.0,0.0048653692348707015
icc,0.0003853294566854661,0.0006655690615476232,0.0,0.0,0.006515570813045154,0.3121518898658353,0.0054296423442042946,0.024450905524223212,0.0,0.00014011980243107858,0.0005955091603320839,0.0005955091603320839,7.005990121553929e-05,0.030791326584229516,0.0,0.0,0.0,0.0004553893579010054,0.0,0.0018215574316040215,0.0002452096542543875,0.0,0.00010508985182330893,0.0,0.0016464076785651731,0.11241111150033278,0.005184432689949907,0.001085928468840859,0.0,7.005990121553929e-05,0.0,0.0,0.028864679300802186,3.5029950607769645e-05,0.0,0.0439625880127509,0.0,0.000490419308508775,0.0,0.0,0.0011910183206641678,0.2651767261008162,0.0018215574316040215,0.0,0.0018565873822117911,0.0007706589133709322,0.02056258100676078,0.005359582442988756,0.03271797386765685,0.0005604792097243143,0.01656916663747504,0.00017514975303884822,0.013626650786422391,0.00014011980243107858,0.0,0.0,0.00014011980243107858,0.010929344589624128,0.0,0.0,3.5029950607769645e-05,0.00042035940729323574,0.0,0.0,0.0003152695554699268,0.0015062878761340946,0.0,0.0,0.0023119767401127964,0.003257785406522577,0.00035029950607769645,0.0010508985182330892,0.0005955091603320839,0.0,0.0,0.009913476021998808,0.022979647598696886,0.0,0.0034679651101691945,0.0,0.0188110834763723
icc,0.00032829940906106366,0.00032829940906106366,0.0,0.0,0.0007660319544758153,0.01871306631648063,0.009301816590063471,0.07124097176625083,0.0,0.0,0.0,0.0,0.0,0.05832786167651565,0.0,0.0,0.0,0.0001094331363536879,0.0,0.004486758590501204,0.0012037644998905668,0.0,0.0001094331363536879,0.0,0.0004377325454147516,0.10067848544539286,0.018384766907419567,0.0036112934996717005,0.0,0.0,0.0,0.0,0.04563361785948785,0.0,0.0,0.032501641497045305,0.00032829940906106366,0.0015320639089516305,0.0,0.0,0.0,0.3320201356970891,0.0018603633180126942,0.0,0.002188662727073758,0.000984898227183191,0.007222586999343401,0.0004377325454147516,0.08207485226526592,0.00032829940906106366,0.05909389363099146,0.0,0.056576931494856646,0.0,0.0,0.0,0.0014226307725979427,0.016305537316699495,0.0,0.0,0.0,0.002188662727073758,0.0,0.0,0.00032829940906106366,0.0,0.0,0.0,0.0041584591814401405,0.003939592908732764,0.0,0.010615014226307727,0.0,0.0,0.0,0.006347121908513898,0.05745239658568615,0.0,0.0002188662727073758,0.0,0.06762967826657912
icc,0.0006018778589198299,0.0006018778589198299,0.0,0.0,0.007543535831795201,0.3505336650349089,0.005336650349089158,0.01689270524034989,0.0,0.0001605007623786213,0.0006821282401091405,0.0006821282401091405,8.025038118931065e-05,0.023593612069657332,0.0,0.0,0.0,0.0004413770965412086,0.0,0.001725383195570179,0.00028087633416258725,0.0,0.00012037557178396597,0.0,0.0018858839579488002,0.10155685739507263,0.0038118931064922558,0.0012438809084343151,0.0,8.025038118931065e-05,0.0,0.0,0.026121499077120615,4.0125190594655326e-05,0.0,0.038480057780274454,0.0,0.0005617526683251745,0.0,0.0,0.001364256480218281,0.25944948238504134,0.0006821282401091405,0.0,0.002126635101516732,0.0008426290024877619,0.0233528609260894,0.006139154160982265,0.03157852499799374,0.0004012519059465532,0.01596982585667282,0.0002006259529732766,0.013803065564561432,0.0001605007623786213,0.0,0.0,0.0001605007623786213,0.011636305272450045,0.0,0.0,4.0125190594655326e-05,0.0007222534307037958,0.0,0.0,0.0003611267153518979,0.0002006259529732766,0.0,0.0,0.002688387769841907,0.002688387769841907,0.0004012519059465532,0.0008025038118931064,0.0006821282401091405,0.0,0.0,0.010753551079367627,0.013522189230398845,0.0,0.0039723938688708774,0.0,0.017293957146296446
icc,0.00015762925598991173,0.0,0.0,0.0,0.00031525851197982345,0.026796973518284993,0.009615384615384616,0.058795712484237074,0.0,0.0,0.0,0.0,0.0,0.06573139974779318,0.0,0.0,0.0,0.0004728877679697352,0.0,0.006620428751576293,0.00031525851197982345,0.0,0.00015762925598991173,0.0,0.005832282471626734,0.23991172761664564,0.0255359394703657,0.005832282471626734,0.0,0.0,0.0,0.0,0.03814627994955864,0.0,0.0,0.06872635561160151,0.0,0.0007881462799495586,0.0,0.0,0.0,0.29665825977301385,0.003940731399747793,0.00031525851197982345,0.0069356872635561164,0.005359394703656999,0.008827238335435058,0.0004728877679697352,0.07629255989911728,0.0,0.058795712484237074,0.0,0.054539722572509455,0.0,0.0,0.0,0.0020491803278688526,0.012925598991172762,0.0,0.0,0.0,0.0009457755359394704,0.0,0.0,0.006462799495586381,0.0,0.0,0.0,0.00457124842370744,0.005201765447667087,0.0,0.0,0.0,0.0,0.0,0.013240857503152586,0.0471311475409836,0.0,0.00031525851197982345,0.0,0.06320933165195461
icc,0.0004116304307151143,0.0003742094824682857,0.0,0.0,0.006735770684429144,0.32893013508962315,0.005201511806309172,0.0220035175691352,0.0,0.0001496837929873143,0.0006361561201960857,0.0006361561201960857,7.484189649365715e-05,0.02731729222018486,0.0,0.0,0.0,0.0005238932754556001,0.0,0.002020731205328743,0.0005987351719492572,0.0,0.00011226284474048572,0.0,0.003255622497474086,0.10242113535156981,0.004078883358904314,0.001309733188639,0.0,7.484189649365715e-05,0.0,0.0,0.023911985929723458,3.7420948246828576e-05,0.0,0.04045204505482169,0.0,0.0016091007746136287,0.0,0.0,0.0012723122403921715,0.27152640047898813,0.0010103656026643716,0.0,0.003592411031695543,0.001309733188639,0.021629308086666917,0.005613142237024286,0.03577442652396812,0.0003742094824682857,0.018710474123414287,0.00018710474123414286,0.013845750851326572,0.0001496837929873143,0.0,0.0,0.0001496837929873143,0.011301126370542229,0.0,0.0,3.7420948246828576e-05,0.001234891292145343,0.0,0.0,0.0006735770684429144,0.0001496837929873143,0.0,0.0,0.002544624480784343,0.0028814130150058,0.0003742094824682857,0.0007484189649365714,0.0006361561201960857,0.0,0.0,0.010852074991580286,0.01418253938554803,0.0,0.0036672529281892,0.0,0.020806047225236688
