label,nop_total,1B_R,2B_R,3B_R,4B_R,5B_R,6B_R,7B_R,8B_R,9B_R,OTHERS
icc,0.008580958071402323,0.1886237332461589,0.05851585485452762,0.07093821510297482,0.08303367113435764,0.12258908139915005,0.041189931350114416,0.2621771820856489,0.12585812356979406,0.04707420725727362,0.0
icc,0.009011012733166087,0.20471869328493647,0.06134301270417423,0.0751361161524501,0.0780399274047187,0.11578947368421053,0.042105263157894736,0.25263157894736843,0.12631578947368421,0.043920145190562615,0.0
icc,0.00940802621051075,0.22168480451430875,0.06166868198307134,0.06972994760177348,0.07859733978234583,0.11366384522370013,0.03869407496977025,0.24748085449415558,0.12374042724707779,0.044740024183796856,0.0
icc,0.00948259003848382,0.2151750972762646,0.05992217898832685,0.07198443579766536,0.07898832684824902,0.11439688715953307,0.04085603112840467,0.2501945525291829,0.1245136186770428,0.04396887159533074,0.0
icc,0.02554833966425683,0.7529976019184652,0.11510791366906475,0.014388489208633094,0.014388489208633094,0.02158273381294964,0.004796163069544364,0.03597122302158273,0.03117505995203837,0.009592326139088728,0.0
icc,0.009421745586286253,0.22128174123337363,0.062071745264006446,0.06972994760177348,0.07900040306328093,0.11326078194276501,0.03909713825070536,0.2470777912132205,0.12374042724707779,0.044740024183796856,0.0
icc,0.009011012733166087,0.20471869328493647,0.06134301270417423,0.0751361161524501,0.0780399274047187,0.11578947368421053,0.042105263157894736,0.25263157894736843,0.12631578947368421,0.043920145190562615,0.0
icc,0.00941724835378743,0.22163907953169157,0.06176826806620912,0.06984255147355672,0.07872426322163908,0.11344368187323375,0.03875656035526847,0.2470730722648365,0.12353653613241825,0.04521598708114655,0.0
icc,0.009182189798929888,0.21650294695481337,0.06051080550098232,0.07111984282907662,0.07976424361493124,0.11552062868369352,0.03889980353634578,0.24715127701375245,0.12534381139489195,0.04518664047151277,0.0
icc,0.00944807317934803,0.21877486077963404,0.061256961018297536,0.06921241050119331,0.08035003977724742,0.11336515513126491,0.03898170246618934,0.24860779634049324,0.1249005568814638,0.04455051710421639,0.0
icc,0.009416916357630695,0.22083668543845536,0.06154465004022526,0.07039420756234915,0.07843925985518906,0.11343523732904263,0.03901850362027353,0.24738535800482703,0.12429605792437651,0.044650040225261464,0.0
icc,0.007386292049892907,0.47867803837953093,0.10021321961620469,0.04371002132196162,0.039445628997867806,0.060767590618336885,0.019189765458422176,0.15778251599147122,0.0767590618336887,0.023454157782515993,0.0
icc,0.009482625026750596,0.2151750972762646,0.05992217898832685,0.07198443579766536,0.07898832684824902,0.11439688715953307,0.04085603112840467,0.2501945525291829,0.1245136186770428,0.04396887159533074,0.0
icc,0.009141787937170682,0.17764955967203158,0.058912845429699365,0.07227452171272396,0.08290312784694807,0.11752201639842089,0.04069237777102946,0.27512906164591555,0.13027634375948982,0.04464014576374127,0.0
icc,0.00926161924795406,0.18998673740053051,0.05968169761273209,0.07194960212201591,0.08057029177718833,0.11671087533156499,0.04343501326259947,0.26690981432360744,0.1263262599469496,0.04442970822281167,0.0
icc,0.00941724835378743,0.22163907953169157,0.06176826806620912,0.06984255147355672,0.07872426322163908,0.11344368187323375,0.03875656035526847,0.2470730722648365,0.12353653613241825,0.04521598708114655,0.0
icc,0.009141787937170682,0.17764955967203158,0.058912845429699365,0.07227452171272396,0.08290312784694807,0.11752201639842089,0.04069237777102946,0.27512906164591555,0.13027634375948982,0.04464014576374127,0.0
icc,0.00940802621051075,0.22168480451430875,0.06166868198307134,0.06972994760177348,0.07859733978234583,0.11366384522370013,0.03869407496977025,0.24748085449415558,0.12374042724707779,0.044740024183796856,0.0
icc,0.008580958071402323,0.1886237332461589,0.05851585485452762,0.07093821510297482,0.08303367113435764,0.12258908139915005,0.041189931350114416,0.2621771820856489,0.12585812356979406,0.04707420725727362,0.0
icc,0.009189704067715888,0.21594032194738907,0.060463290145268946,0.0706713780918728,0.07970160973694543,0.11621515508441303,0.038476639183352965,0.24734982332155478,0.12603062426383982,0.04515115822536317,0.0
icc,0.009482625026750596,0.2151750972762646,0.05992217898832685,0.07198443579766536,0.07898832684824902,0.11439688715953307,0.04085603112840467,0.2501945525291829,0.1245136186770428,0.04396887159533074,0.0
icc,0.009258519987962389,0.1900497512437811,0.05970149253731343,0.07197346600331675,0.08059701492537313,0.11641791044776119,0.043449419568822555,0.26666666666666666,0.12669983416252073,0.044444444444444446,0.0
icc,0.007386292049892907,0.47867803837953093,0.10021321961620469,0.04371002132196162,0.039445628997867806,0.060767590618336885,0.019189765458422176,0.15778251599147122,0.0767590618336887,0.023454157782515993,0.0
icc,0.009011012733166087,0.20471869328493647,0.06134301270417423,0.0751361161524501,0.0780399274047187,0.11578947368421053,0.042105263157894736,0.25263157894736843,0.12631578947368421,0.043920145190562615,0.0
icc,0.009421745586286253,0.22128174123337363,0.062071745264006446,0.06972994760177348,0.07900040306328093,0.11326078194276501,0.03909713825070536,0.2470777912132205,0.12374042724707779,0.044740024183796856,0.0
icc,0.00944807317934803,0.21877486077963404,0.061256961018297536,0.06921241050119331,0.08035003977724742,0.11336515513126491,0.03898170246618934,0.24860779634049324,0.1249005568814638,0.04455051710421639,0.0
icc,0.009011012733166087,0.20471869328493647,0.06134301270417423,0.0751361161524501,0.0780399274047187,0.11578947368421053,0.042105263157894736,0.25263157894736843,0.12631578947368421,0.043920145190562615,0.0
icc,0.009416916357630695,0.22083668543845536,0.06154465004022526,0.07039420756234915,0.07843925985518906,0.11343523732904263,0.03901850362027353,0.24738535800482703,0.12429605792437651,0.044650040225261464,0.0
icc,0.02554833966425683,0.7529976019184652,0.11510791366906475,0.014388489208633094,0.014388489208633094,0.02158273381294964,0.004796163069544364,0.03597122302158273,0.03117505995203837,0.009592326139088728,0.0
icc,0.00948259003848382,0.2151750972762646,0.05992217898832685,0.07198443579766536,0.07898832684824902,0.11439688715953307,0.04085603112840467,0.2501945525291829,0.1245136186770428,0.04396887159533074,0.0
icc,0.009331423576011095,0.1696673787000305,0.06133658834299664,0.07354287458040891,0.08422337503814464,0.11962160512664022,0.04485810192249008,0.2737259688739701,0.13487946292340555,0.038144644491913335,0.0
icc,0.009516528873620497,0.1771900826446281,0.05884297520661157,0.07305785123966942,0.08264462809917356,0.12,0.04859504132231405,0.27173553719008264,0.12991735537190083,0.03801652892561983,0.0
icc,0.009676801850195137,0.2087202260799354,0.06297941057731127,0.06903512313282197,0.07872426322163908,0.11626968106580542,0.04360113039967703,0.25756964069438837,0.12716996366572467,0.035930561162696814,0.0
icc,0.00967042717214917,0.2080482897384306,0.06277665995975855,0.06921529175050302,0.07887323943661972,0.11629778672032193,0.04386317907444668,0.2575452716297787,0.12756539235412476,0.0358148893360161,0.0
icc,0.007402465370440971,0.47854077253218885,0.10193133047210301,0.046137339055793994,0.045064377682403435,0.059012875536480686,0.030042918454935622,0.14914163090128754,0.06330472103004292,0.02682403433476395,0.0
icc,0.009751715930582033,0.20248736883015936,0.061795569374271275,0.07151185386708123,0.08006218422075398,0.1173727166731442,0.04508356004663817,0.2592304702681695,0.12747765254566654,0.03497862417411582,0.0
icc,0.009713273133688766,0.20588235294117646,0.062400635930047695,0.06875993640699524,0.07988871224165342,0.1156597774244833,0.04411764705882353,0.2595389507154213,0.12837837837837837,0.035373608903020666,0.0
icc,0.009751752889899564,0.20248736883015936,0.061795569374271275,0.07151185386708123,0.08006218422075398,0.1173727166731442,0.04508356004663817,0.2592304702681695,0.12747765254566654,0.03497862417411582,0.0
icc,0.008778128213524522,0.17964659685863874,0.05791884816753927,0.07068062827225131,0.08344240837696335,0.12172774869109948,0.04712041884816754,0.26799738219895286,0.12958115183246074,0.041884816753926704,0.0
icc,0.009251432328355406,0.19325598259608412,0.06055112400290065,0.07324147933284988,0.07904278462654098,0.11747643219724438,0.04713560551124003,0.2621464829586657,0.13016678752719363,0.03698332124728064,0.0
icc,0.009681120059936318,0.20838371624345023,0.06328093510681176,0.06892382103990327,0.07900040306328093,0.11608222490931076,0.04393389762192664,0.25755743651753327,0.12736799677549376,0.0354695687222894,0.0
icc,0.02545409613246015,0.7597087378640777,0.11893203883495146,0.009708737864077669,0.021844660194174758,0.024271844660194174,0.009708737864077669,0.02912621359223301,0.01699029126213592,0.009708737864077669,0.0
icc,0.009666635496540116,0.20878677952438532,0.06287787182587666,0.06892382103990327,0.07859733978234583,0.11648528819024587,0.04353083434099154,0.25796049979846836,0.12736799677549376,0.0354695687222894,0.0
icc,0.009251432328355406,0.19325598259608412,0.06055112400290065,0.07324147933284988,0.07904278462654098,0.11747643219724438,0.04713560551124003,0.2621464829586657,0.13016678752719363,0.03698332124728064,0.0
icc,0.009447324123304636,0.2044740973312402,0.06200941915227629,0.07142857142857142,0.0804552590266876,0.11773940345368916,0.04434850863422292,0.25470957613814754,0.12912087912087913,0.03571428571428571,0.0
icc,0.0009339369948088273,0.8223350253807107,0.17766497461928935,0.0,0.0,0.0,0.0,0.0,0.0,0.0,0.0
icc,0.0010684243849493488,0.8571428571428571,0.14285714285714285,0.0,0.0,0.0,0.0,0.0,0.0,0.0,0.0
icc,0.0010166009893518907,0.8711340206185567,0.12886597938144329,0.0,0.0,0.0,0.0,0.0,0.0,0.0,0.0
icc,0.0010824001731840277,0.8606060606060606,0.1393939393939394,0.0,0.0,0.0,0.0,0.0,0.0,0.0,0.0
icc,0.0009974351667141636,0.861904761904762,0.1380952380952381,0.0,0.0,0.0,0.0,0.0,0.0,0.0,0.0
icc,0.0011558700316746705,0.850828729281768,0.14917127071823205,0.0,0.0,0.0,0.0,0.0,0.0,0.0,0.0
icc,0.0008985380543008402,0.6216216216216216,0.3783783783783784,0.0,0.0,0.0,0.0,0.0,0.0,0.0,0.0
icc,0.0011839110778498212,0.8497409326424871,0.15025906735751296,0.0,0.0,0.0,0.0,0.0,0.0,0.0,0.0
icc,0.0010684243849493488,0.8571428571428571,0.14285714285714285,0.0,0.0,0.0,0.0,0.0,0.0,0.0,0.0
icc,0.0011558626503100394,0.850828729281768,0.14917127071823205,0.0,0.0,0.0,0.0,0.0,0.0,0.0,0.0
icc,0.0011160934104531995,0.8294117647058824,0.17058823529411765,0.0,0.0,0.0,0.0,0.0,0.0,0.0,0.0
icc,0.0011187596246232411,0.8294117647058824,0.17058823529411765,0.0,0.0,0.0,0.0,0.0,0.0,0.0,0.0
icc,0.007046632124352332,0.5294117647058824,0.47058823529411764,0.0,0.0,0.0,0.0,0.0,0.0,0.0,0.0
icc,0.0011089925678041948,0.8421052631578947,0.15789473684210525,0.0,0.0,0.0,0.0,0.0,0.0,0.0,0.0
icc,0.0011154050560655071,0.8294117647058824,0.17058823529411765,0.0,0.0,0.0,0.0,0.0,0.0,0.0,0.0
icc,0.005453205600589536,0.3783783783783784,0.6216216216216216,0.0,0.0,0.0,0.0,0.0,0.0,0.0,0.0
icc,0.0006799221507124793,0.7777777777777778,0.2222222222222222,0.0,0.0,0.0,0.0,0.0,0.0,0.0,0.0
icc,0.0006948663564628028,0.7591623036649214,0.24083769633507854,0.0,0.0,0.0,0.0,0.0,0.0,0.0,0.0
icc,0.0006470190491734477,0.7837837837837838,0.21621621621621623,0.0,0.0,0.0,0.0,0.0,0.0,0.0,0.0
icc,0.0006514555960975304,0.7692307692307693,0.23076923076923078,0.0,0.0,0.0,0.0,0.0,0.0,0.0,0.0
icc,0.0007670208431065714,0.7857142857142857,0.21428571428571427,0.0,0.0,0.0,0.0,0.0,0.0,0.0,0.0
icc,0.0006951723736314931,0.7591623036649214,0.24083769633507854,0.0,0.0,0.0,0.0,0.0,0.0,0.0,0.0
icc,0.000695610202756178,0.7857142857142857,0.21428571428571427,0.0,0.0,0.0,0.0,0.0,0.0,0.0,0.0
icc,0.0006191675462155017,0.8059071729957806,0.1940928270042194,0.0,0.0,0.0,0.0,0.0,0.0,0.0,0.0
icc,0.0006514555960975304,0.7692307692307693,0.23076923076923078,0.0,0.0,0.0,0.0,0.0,0.0,0.0,0.0
icc,0.0007018105257033559,0.7512953367875648,0.24870466321243523,0.0,0.0,0.0,0.0,0.0,0.0,0.0,0.0
icc,0.0005633376713811423,0.7777777777777778,0.2222222222222222,0.0,0.0,0.0,0.0,0.0,0.0,0.0,0.0
icc,0.0006966709342320753,0.7486910994764397,0.2513089005235602,0.0,0.0,0.0,0.0,0.0,0.0,0.0,0.0
icc,0.0005611983316474289,0.5925925925925926,0.4074074074074074,0.0,0.0,0.0,0.0,0.0,0.0,0.0,0.0
icc,0.0006956077340223162,0.7857142857142857,0.21428571428571427,0.0,0.0,0.0,0.0,0.0,0.0,0.0,0.0
icc,0.0011456499461334315,0.8073394495412844,0.1926605504587156,0.0,0.0,0.0,0.0,0.0,0.0,0.0,0.0
icc,0.0010832383124287344,0.7631578947368421,0.23684210526315788,0.0,0.0,0.0,0.0,0.0,0.0,0.0,0.0
icc,0.0012968546337866838,0.7766497461928934,0.2233502538071066,0.0,0.0,0.0,0.0,0.0,0.0,0.0,0.0
icc,0.00127817418746994,0.7731958762886598,0.2268041237113402,0.0,0.0,0.0,0.0,0.0,0.0,0.0,0.0
icc,0.001314110987890948,0.775609756097561,0.22439024390243903,0.0,0.0,0.0,0.0,0.0,0.0,0.0,0.0
icc,0.0008914941686511571,0.5753424657534246,0.4246575342465753,0.0,0.0,0.0,0.0,0.0,0.0,0.0,0.0
icc,0.0012071613572347505,0.784037558685446,0.215962441314554,0.0,0.0,0.0,0.0,0.0,0.0,0.0,0.0
icc,0.0012614504699068113,0.7801047120418848,0.2198952879581152,0.0,0.0,0.0,0.0,0.0,0.0,0.0,0.0
icc,0.0011090062732629536,0.8197424892703863,0.18025751072961374,0.0,0.0,0.0,0.0,0.0,0.0,0.0,0.0
icc,0.0012691429054911584,0.7846153846153846,0.2153846153846154,0.0,0.0,0.0,0.0,0.0,0.0,0.0,0.0
icc,0.0012071613572347505,0.784037558685446,0.215962441314554,0.0,0.0,0.0,0.0,0.0,0.0,0.0,0.0
icc,0.0013501017199926022,0.7990867579908676,0.2009132420091324,0.0,0.0,0.0,0.0,0.0,0.0,0.0,0.0
icc,0.008057851239669421,0.358974358974359,0.6410256410256411,0.0,0.0,0.0,0.0,0.0,0.0,0.0,0.0
icc,0.0013235613678117778,0.7611940298507462,0.23880597014925373,0.0,0.0,0.0,0.0,0.0,0.0,0.0,0.0
icc,0.0013141194117873307,0.775609756097561,0.22439024390243903,0.0,0.0,0.0,0.0,0.0,0.0,0.0,0.0
icc,0.00864575363427697,0.17980691874497184,0.09090909090909091,0.0756234915526951,0.06999195494770716,0.11745776347546259,0.04022526146419952,0.25663716814159293,0.13274336283185842,0.03660498793242156,0.0
icc,0.020264777610033678,0.6475644699140402,0.19197707736389685,0.02005730659025788,0.008595988538681949,0.022922636103151862,0.025787965616045846,0.04011461318051576,0.04011461318051576,0.0028653295128939827,0.0
icc,0.008557807254271745,0.1848598912588875,0.09368465077373483,0.0740276035131744,0.0698452530322041,0.11543287327478043,0.04015056461731493,0.25386867419489756,0.13216227519866164,0.03596821413634463,0.0
icc,0.008264505458495566,0.15266937246331563,0.0836715579144552,0.08335935060880424,0.06743677802060569,0.1189509834530128,0.03808929128941617,0.27661567280674365,0.13581017795816422,0.04339681548548236,0.0
icc,0.006012901949423793,0.4171562867215041,0.12573443008225618,0.055229142185663924,0.03760282021151586,0.07520564042303172,0.03290246768507638,0.15158636897767333,0.08343125734430082,0.021151586368977675,0.0
icc,0.008567730123652799,0.18447412353923207,0.09348914858096828,0.07387312186978297,0.07011686143572621,0.11519198664440734,0.040901502504173626,0.2541736227045075,0.1318864774624374,0.03589315525876461,0.0
icc,0.0083672500339167,0.18038102959059588,0.09201459262261856,0.07620591811917309,0.07053100932306446,0.11836238346169436,0.040129712201053915,0.255776246453182,0.13052290231049857,0.03607620591811917,0.0
icc,0.008590175563043093,0.18249380677126342,0.09248554913294797,0.07431874483897605,0.06936416184971098,0.11560693641618497,0.04087530966143683,0.2551610239471511,0.1333608587943848,0.03633360858794385,0.0
icc,0.008221892331480527,0.1737987987987988,0.08933933933933934,0.0762012012012012,0.06906906906906907,0.12012012012012012,0.04054054054054054,0.26013513513513514,0.13325825825825827,0.03753753753753754,0.0
icc,0.008221892331480527,0.1737987987987988,0.08933933933933934,0.0762012012012012,0.06906906906906907,0.12012012012012012,0.04054054054054054,0.26013513513513514,0.13325825825825827,0.03753753753753754,0.0
icc,0.008426682959022228,0.16039671682626538,0.08652530779753762,0.08173734610123119,0.06976744186046512,0.11901504787961696,0.04138166894664843,0.26880984952120385,0.12859097127222982,0.04377564979480164,0.0
icc,0.00857449088960343,0.18478260869565216,0.09322742474916387,0.07399665551839466,0.06981605351170568,0.11538461538461539,0.040551839464882944,0.2537625418060201,0.13210702341137123,0.036371237458193977,0.0
icc,0.00864572356637836,0.17980691874497184,0.09090909090909091,0.0756234915526951,0.06999195494770716,0.11745776347546259,0.04022526146419952,0.25663716814159293,0.13274336283185842,0.03660498793242156,0.0
icc,0.008570536448108417,0.1855108877721943,0.09338358458961474,0.07412060301507538,0.0695142378559464,0.11557788944723618,0.04020100502512563,0.2537688442211055,0.13190954773869346,0.036013400335008376,0.0
icc,0.007790047687724359,0.1608108108108108,0.08277027027027027,0.07736486486486487,0.07162162162162163,0.1195945945945946,0.0402027027027027,0.2706081081081081,0.13783783783783785,0.03918918918918919,0.0
icc,0.008221892331480527,0.1737987987987988,0.08933933933933934,0.0762012012012012,0.06906906906906907,0.12012012012012012,0.04054054054054054,0.26013513513513514,0.13325825825825827,0.03753753753753754,0.0
icc,0.020264777610033678,0.6475644699140402,0.19197707736389685,0.02005730659025788,0.008595988538681949,0.022922636103151862,0.025787965616045846,0.04011461318051576,0.04011461318051576,0.0028653295128939827,0.0
icc,0.00864572356637836,0.17980691874497184,0.09090909090909091,0.0756234915526951,0.06999195494770716,0.11745776347546259,0.04022526146419952,0.25663716814159293,0.13274336283185842,0.03660498793242156,0.0
icc,0.00857449088960343,0.18478260869565216,0.09322742474916387,0.07399665551839466,0.06981605351170568,0.11538461538461539,0.040551839464882944,0.2537625418060201,0.13210702341137123,0.036371237458193977,0.0
icc,0.00600579382463082,0.4176470588235294,0.12588235294117647,0.05529411764705883,0.03764705882352941,0.07529411764705882,0.03176470588235294,0.15176470588235294,0.08352941176470588,0.021176470588235293,0.0
icc,0.008264505458495566,0.15266937246331563,0.0836715579144552,0.08335935060880424,0.06743677802060569,0.1189509834530128,0.03808929128941617,0.27661567280674365,0.13581017795816422,0.04339681548548236,0.0
icc,0.008426634389544519,0.16039671682626538,0.08686730506155951,0.08173734610123119,0.06976744186046512,0.11901504787961696,0.04138166894664843,0.26846785225718195,0.12859097127222982,0.04377564979480164,0.0
icc,0.00864575363427697,0.17980691874497184,0.09090909090909091,0.0756234915526951,0.06999195494770716,0.11745776347546259,0.04022526146419952,0.25663716814159293,0.13274336283185842,0.03660498793242156,0.0
icc,0.008570536448108417,0.1855108877721943,0.09338358458961474,0.07412060301507538,0.0695142378559464,0.11557788944723618,0.04020100502512563,0.2537688442211055,0.13190954773869346,0.036013400335008376,0.0
icc,0.008567730123652799,0.18447412353923207,0.09348914858096828,0.07387312186978297,0.07011686143572621,0.11519198664440734,0.040901502504173626,0.2541736227045075,0.1318864774624374,0.03589315525876461,0.0
icc,0.008557807254271745,0.1848598912588875,0.09368465077373483,0.0740276035131744,0.0698452530322041,0.11543287327478043,0.04015056461731493,0.25386867419489756,0.13216227519866164,0.03596821413634463,0.0
icc,0.008364056940708808,0.18085969180859693,0.09205190592051905,0.07623682076236821,0.0705596107055961,0.11841038118410381,0.039740470397404706,0.2562854825628548,0.13017031630170317,0.035685320356853206,0.0
icc,0.007790047687724359,0.1608108108108108,0.08277027027027027,0.07736486486486487,0.07162162162162163,0.1195945945945946,0.0402027027027027,0.2706081081081081,0.13783783783783785,0.03918918918918919,0.0
icc,0.008221892331480527,0.1737987987987988,0.08933933933933934,0.0762012012012012,0.06906906906906907,0.12012012012012012,0.04054054054054054,0.26013513513513514,0.13325825825825827,0.03753753753753754,0.0
icc,0.008590175563043093,0.18249380677126342,0.09248554913294797,0.07431874483897605,0.06936416184971098,0.11560693641618497,0.04087530966143683,0.2551610239471511,0.1333608587943848,0.03633360858794385,0.0
icc,0.008733239561795565,0.18040370058873004,0.09125315391084945,0.0710681244743482,0.0672834314550042,0.11858704793944491,0.04205214465937763,0.2552565180824222,0.1312026913372582,0.04289318755256518,0.0
icc,0.008772600088053473,0.1783492326835338,0.0904189133139776,0.07133969307341352,0.06760680215678141,0.11779344670261302,0.0427208627125674,0.25715470759021153,0.1318954790543343,0.0427208627125674,0.0
icc,0.008801943777450326,0.17592217267936766,0.08917713822456425,0.07215241183623834,0.06890960680989056,0.12038913660316174,0.04215646534252128,0.255776246453182,0.13254965545196595,0.04296716659910823,0.0
icc,0.00843122645148676,0.14791601378878094,0.07959887182701347,0.07646505797555625,0.06769037919147602,0.12190535882168599,0.04167972422438107,0.2748354747727985,0.1403948605452836,0.04951425885302413,0.0
icc,0.007959893760444333,0.15720081135902636,0.08181203515889114,0.07336037863421231,0.06930358350236647,0.12102772143340094,0.041244083840432724,0.27281947261663286,0.13860716700473294,0.04462474645030426,0.0
icc,0.008544807158842918,0.17556008146639512,0.09042769857433809,0.07413441955193482,0.0680244399185336,0.12016293279022404,0.04276985743380855,0.2594704684317719,0.1274949083503055,0.04195519348268839,0.0
icc,0.008738494499003987,0.18052057094878254,0.09109991603694374,0.0709487825356843,0.0675902602854744,0.11838790931989925,0.042821158690176324,0.25482787573467675,0.13140218303946263,0.04240134340890008,0.0
icc,0.008371560720687682,0.1691842900302115,0.08874622356495468,0.07401812688821752,0.06457703927492447,0.12084592145015106,0.04305135951661632,0.2628398791540785,0.131797583081571,0.044939577039274925,0.0
icc,0.0088019751817838,0.17592217267936766,0.08917713822456425,0.07215241183623834,0.06890960680989056,0.12038913660316174,0.04215646534252128,0.255776246453182,0.13254965545196595,0.04296716659910823,0.0
icc,0.008746924047420246,0.18040370058873004,0.09125315391084945,0.0710681244743482,0.06770395290159797,0.11816652649285113,0.042472666105971404,0.2552565180824222,0.13078216989066443,0.04289318755256518,0.0
icc,0.008567747413607564,0.15760495526496904,0.08706125258086717,0.07949070887818308,0.06813489332415691,0.12388162422573985,0.042670337233310394,0.26565726083964214,0.12801101169993118,0.047487955953200274,0.0
icc,0.008371560720687682,0.1691842900302115,0.08874622356495468,0.07401812688821752,0.06457703927492447,0.12084592145015106,0.04305135951661632,0.2628398791540785,0.131797583081571,0.044939577039274925,0.0
icc,0.006033451105539093,0.4155844155844156,0.12278630460448642,0.06257378984651712,0.04250295159386069,0.06729634002361275,0.04014167650531287,0.14285714285714285,0.08736717827626919,0.018890200708382526,0.0
icc,0.008743016451160273,0.18070766638584668,0.09140690817186184,0.07160909856781802,0.06739679865206402,0.11836562763268745,0.04212299915754002,0.2552653748946925,0.13058129738837404,0.04254422914911542,0.0
icc,0.02035682948230477,0.6494252873563219,0.1925287356321839,0.020114942528735632,0.017241379310344827,0.020114942528735632,0.031609195402298854,0.034482758620689655,0.034482758620689655,0.0,0.0
icc,0.007252058016464132,0.5675675675675675,0.43243243243243246,0.0,0.0,0.0,0.0,0.0,0.0,0.0,0.0
icc,0.15789473684210525,0.08333333333333333,0.9166666666666666,0.0,0.0,0.0,0.0,0.0,0.0,0.0,0.0
icc,0.0006534893102057281,0.8518518518518519,0.14814814814814814,0.0,0.0,0.0,0.0,0.0,0.0,0.0,0.0
icc,0.0010551046823337443,0.8546511627906976,0.14534883720930233,0.0,0.0,0.0,0.0,0.0,0.0,0.0,0.0
icc,0.001039207005116096,0.8520710059171598,0.14792899408284024,0.0,0.0,0.0,0.0,0.0,0.0,0.0,0.0
icc,0.0011404068971809143,0.835,0.165,0.0,0.0,0.0,0.0,0.0,0.0,0.0,0.0
icc,0.00104874894976135,0.8579545454545454,0.14204545454545456,0.0,0.0,0.0,0.0,0.0,0.0,0.0,0.0
icc,0.15584415584415584,0.08333333333333333,0.9166666666666666,0.0,0.0,0.0,0.0,0.0,0.0,0.0,0.0
icc,0.15384615384615385,0.08333333333333333,0.9166666666666666,0.0,0.0,0.0,0.0,0.0,0.0,0.0,0.0
icc,0.0010034963926945464,0.8473684210526315,0.15263157894736842,0.0,0.0,0.0,0.0,0.0,0.0,0.0,0.0
icc,0.15789473684210525,0.08333333333333333,0.9166666666666666,0.0,0.0,0.0,0.0,0.0,0.0,0.0,0.0
icc,0.0009974869140369652,0.8689320388349514,0.13106796116504854,0.0,0.0,0.0,0.0,0.0,0.0,0.0,0.0
icc,0.001011771690991597,0.8622754491017964,0.1377245508982036,0.0,0.0,0.0,0.0,0.0,0.0,0.0,0.0
icc,0.15584415584415584,0.08333333333333333,0.9166666666666666,0.0,0.0,0.0,0.0,0.0,0.0,0.0,0.0
icc,0.0010005178118499926,0.8728070175438597,0.12719298245614036,0.0,0.0,0.0,0.0,0.0,0.0,0.0,0.0
icc,0.000567800954221048,0.7777777777777778,0.2222222222222222,0.0,0.0,0.0,0.0,0.0,0.0,0.0,0.0
icc,0.0004982290436835892,0.7725118483412322,0.22748815165876776,0.0,0.0,0.0,0.0,0.0,0.0,0.0,0.0
icc,0.0006510045268304468,0.7525773195876289,0.24742268041237114,0.0,0.0,0.0,0.0,0.0,0.0,0.0,0.0
icc,0.000650076450317244,0.7551020408163265,0.24489795918367346,0.0,0.0,0.0,0.0,0.0,0.0,0.0,0.0
icc,0.0006622646187574219,0.7733990147783252,0.22660098522167488,0.0,0.0,0.0,0.0,0.0,0.0,0.0,0.0
icc,0.0006622667793281417,0.7733990147783252,0.22660098522167488,0.0,0.0,0.0,0.0,0.0,0.0,0.0,0.0
icc,0.0006474354362995468,0.7681159420289855,0.2318840579710145,0.0,0.0,0.0,0.0,0.0,0.0,0.0,0.0
icc,0.0005386624382053913,0.8008658008658008,0.19913419913419914,0.0,0.0,0.0,0.0,0.0,0.0,0.0,0.0
icc,0.0005830920538627694,0.7931034482758621,0.20689655172413793,0.0,0.0,0.0,0.0,0.0,0.0,0.0,0.0
icc,0.0006451266060964465,0.7604166666666666,0.23958333333333334,0.0,0.0,0.0,0.0,0.0,0.0,0.0,0.0
icc,0.0005830920538627694,0.7931034482758621,0.20689655172413793,0.0,0.0,0.0,0.0,0.0,0.0,0.0,0.0
icc,0.0006232250718393225,0.772972972972973,0.22702702702702704,0.0,0.0,0.0,0.0,0.0,0.0,0.0,0.0
icc,0.0006414432809655904,0.7801047120418848,0.2198952879581152,0.0,0.0,0.0,0.0,0.0,0.0,0.0,0.0
icc,0.0004712424306684574,0.5625,0.4375,0.0,0.0,0.0,0.0,0.0,0.0,0.0,0.0
icc,0.004344048653344918,0.45714285714285713,0.5428571428571428,0.0,0.0,0.0,0.0,0.0,0.0,0.0,0.0
icc,0.0011258212958633758,0.7377049180327869,0.26229508196721313,0.0,0.0,0.0,0.0,0.0,0.0,0.0,0.0
icc,0.0010947648100767566,0.7640449438202247,0.23595505617977527,0.0,0.0,0.0,0.0,0.0,0.0,0.0,0.0
icc,0.001154292412770182,0.7616580310880829,0.23834196891191708,0.0,0.0,0.0,0.0,0.0,0.0,0.0,0.0
icc,0.0011542993163916485,0.7616580310880829,0.23834196891191708,0.0,0.0,0.0,0.0,0.0,0.0,0.0,0.0
icc,0.0012485395523584798,0.7798165137614679,0.22018348623853212,0.0,0.0,0.0,0.0,0.0,0.0,0.0,0.0
icc,0.00102714522456889,0.7731958762886598,0.2268041237113402,0.0,0.0,0.0,0.0,0.0,0.0,0.0,0.0
icc,0.0010334939373207762,0.7934272300469484,0.20657276995305165,0.0,0.0,0.0,0.0,0.0,0.0,0.0,0.0
icc,0.0009318388581220135,0.7630331753554502,0.23696682464454977,0.0,0.0,0.0,0.0,0.0,0.0,0.0,0.0
icc,0.001085990719715668,0.75,0.25,0.0,0.0,0.0,0.0,0.0,0.0,0.0,0.0
icc,0.00102714522456889,0.7731958762886598,0.2268041237113402,0.0,0.0,0.0,0.0,0.0,0.0,0.0,0.0
icc,0.0009667918249881962,0.5697674418604651,0.43023255813953487,0.0,0.0,0.0,0.0,0.0,0.0,0.0,0.0
icc,0.0093603744149766,0.4791666666666667,0.5208333333333334,0.0,0.0,0.0,0.0,0.0,0.0,0.0,0.0
icc,0.0010761775632178317,0.7627118644067796,0.23728813559322035,0.0,0.0,0.0,0.0,0.0,0.0,0.0,0.0
icc,0.0010070360598065083,0.7991266375545851,0.20087336244541484,0.0,0.0,0.0,0.0,0.0,0.0,0.0,0.0
icc,0.0011386787633333127,0.7405405405405405,0.2594594594594595,0.0,0.0,0.0,0.0,0.0,0.0,0.0,0.0
gcc,0.015746359360386045,0.7549497847919656,0.24505021520803444,0.0,0.0,0.0,0.0,0.0,0.0,0.0,0.0
gcc,0.014883464058776807,0.7702730873462581,0.22972691265374193,0.0,0.0,0.0,0.0,0.0,0.0,0.0,0.0
gcc,0.013279072928702508,0.8112603966730646,0.18873960332693537,0.0,0.0,0.0,0.0,0.0,0.0,0.0,0.0
gcc,0.01588705666970325,0.7487534626038781,0.2512465373961219,0.0,0.0,0.0,0.0,0.0,0.0,0.0,0.0
gcc,0.01578688383977464,0.7543608807549328,0.2456391192450672,0.0,0.0,0.0,0.0,0.0,0.0,0.0,0.0
gcc,0.015916507473227846,0.7471264367816092,0.25287356321839083,0.0,0.0,0.0,0.0,0.0,0.0,0.0,0.0
gcc,0.01738467865602693,0.7784705666605538,0.22152943333944616,0.0,0.0,0.0,0.0,0.0,0.0,0.0,0.0
gcc,0.015147739131789224,0.7542416452442159,0.24575835475578406,0.0,0.0,0.0,0.0,0.0,0.0,0.0,0.0
gcc,0.029569358999801548,0.5704697986577181,0.42953020134228187,0.0,0.0,0.0,0.0,0.0,0.0,0.0,0.0
gcc,0.015751738122827347,0.7545977011494253,0.2454022988505747,0.0,0.0,0.0,0.0,0.0,0.0,0.0,0.0
gcc,0.015887126586512226,0.7487534626038781,0.2512465373961219,0.0,0.0,0.0,0.0,0.0,0.0,0.0,0.0
gcc,0.015755134485792244,0.7559523809523809,0.24404761904761904,0.0,0.0,0.0,0.0,0.0,0.0,0.0,0.0
gcc,0.016035179994444506,0.7547806524184477,0.2452193475815523,0.0,0.0,0.0,0.0,0.0,0.0,0.0,0.0
gcc,0.01585806178243172,0.7549744172825469,0.2450255827174531,0.0,0.0,0.0,0.0,0.0,0.0,0.0,0.0
gcc,0.015147739131789224,0.7542416452442159,0.24575835475578406,0.0,0.0,0.0,0.0,0.0,0.0,0.0,0.0
gcc,0.015134583711341009,0.7530228968356059,0.24697710316439414,0.0,0.0,0.0,0.0,0.0,0.0,0.0,0.0
gcc,0.015879512875697038,0.7472283813747228,0.25277161862527714,0.0,0.0,0.0,0.0,0.0,0.0,0.0,0.0
gcc,0.015771560635195768,0.753005151688609,0.24699484831139096,0.0,0.0,0.0,0.0,0.0,0.0,0.0,0.0
gcc,0.015739979995713367,0.7546099290780142,0.2453900709219858,0.0,0.0,0.0,0.0,0.0,0.0,0.0,0.0
gcc,0.0158795827648431,0.7472283813747228,0.25277161862527714,0.0,0.0,0.0,0.0,0.0,0.0,0.0,0.0
gcc,0.014907075196464264,0.7686862377680617,0.23131376223193836,0.0,0.0,0.0,0.0,0.0,0.0,0.0,0.0
gcc,0.015134583711341009,0.7530228968356059,0.24697710316439414,0.0,0.0,0.0,0.0,0.0,0.0,0.0,0.0
gcc,0.015838888663520526,0.753272623790552,0.24672737620944793,0.0,0.0,0.0,0.0,0.0,0.0,0.0,0.0
gcc,0.015946832545493998,0.7465314834578441,0.2534685165421558,0.0,0.0,0.0,0.0,0.0,0.0,0.0,0.0
gcc,0.029947152084556665,0.5686274509803921,0.43137254901960786,0.0,0.0,0.0,0.0,0.0,0.0,0.0,0.0
gcc,0.01733869939025946,0.77745080007357,0.22254919992643002,0.0,0.0,0.0,0.0,0.0,0.0,0.0,0.0
gcc,0.013314539001069919,0.8112244897959183,0.18877551020408162,0.0,0.0,0.0,0.0,0.0,0.0,0.0,0.0
gcc,0.016050304663571328,0.7536525061811643,0.2463474938188357,0.0,0.0,0.0,0.0,0.0,0.0,0.0,0.0
gcc,0.015736378324802108,0.7532355478861087,0.24676445211389128,0.0,0.0,0.0,0.0,0.0,0.0,0.0,0.0
gcc,0.015731027441200654,0.7535898908673176,0.24641010913268235,0.0,0.0,0.0,0.0,0.0,0.0,0.0,0.0
gcc,0.018021114657500614,0.7656675749318801,0.23433242506811988,0.0,0.0,0.0,0.0,0.0,0.0,0.0,0.0
gcc,0.018245526500805118,0.7594779366065879,0.24052206339341206,0.0,0.0,0.0,0.0,0.0,0.0,0.0,0.0
gcc,0.0156,0.7934472934472935,0.20655270655270655,0.0,0.0,0.0,0.0,0.0,0.0,0.0,0.0
gcc,0.018021114657500614,0.7656675749318801,0.23433242506811988,0.0,0.0,0.0,0.0,0.0,0.0,0.0,0.0
gcc,0.01827584081753853,0.7624156958920908,0.23758430410790926,0.0,0.0,0.0,0.0,0.0,0.0,0.0,0.0
gcc,0.018169930924699394,0.7612640801001251,0.23873591989987483,0.0,0.0,0.0,0.0,0.0,0.0,0.0,0.0
gcc,0.01783648598009026,0.7750627997259648,0.22493720027403516,0.0,0.0,0.0,0.0,0.0,0.0,0.0,0.0
gcc,0.018515758268329442,0.7567084078711985,0.24329159212880144,0.0,0.0,0.0,0.0,0.0,0.0,0.0,0.0
gcc,0.0185156560526432,0.7567084078711985,0.24329159212880144,0.0,0.0,0.0,0.0,0.0,0.0,0.0,0.0
gcc,0.01823229461756374,0.7628962088253574,0.23710379117464264,0.0,0.0,0.0,0.0,0.0,0.0,0.0,0.0
gcc,0.0181267105471489,0.759421013226853,0.24057898677314699,0.0,0.0,0.0,0.0,0.0,0.0,0.0,0.0
gcc,0.038704781178851504,0.5228758169934641,0.477124183006536,0.0,0.0,0.0,0.0,0.0,0.0,0.0,0.0
gcc,0.019834495234913273,0.7804026294165982,0.2195973705834018,0.0,0.0,0.0,0.0,0.0,0.0,0.0,0.0
gcc,0.018371910636313535,0.7441592154600519,0.2558407845399481,0.0,0.0,0.0,0.0,0.0,0.0,0.0,0.0
gcc,0.018157787257215466,0.7616369884411122,0.23836301155888784,0.0,0.0,0.0,0.0,0.0,0.0,0.0,0.0
gcc,0.00042407234175241657,0.19117647058823528,0.8088235294117647,0.0,0.0,0.0,0.0,0.0,0.0,0.0,0.0
gcc,0.0003313754964629268,0.2318840579710145,0.7681159420289855,0.0,0.0,0.0,0.0,0.0,0.0,0.0,0.0
gcc,0.00044845750697786494,0.19402985074626866,0.8059701492537313,0.0,0.0,0.0,0.0,0.0,0.0,0.0,0.0
gcc,0.0007648542751328431,0.21052631578947367,0.7894736842105263,0.0,0.0,0.0,0.0,0.0,0.0,0.0,0.0
gcc,0.0004474766209678465,0.18840579710144928,0.8115942028985508,0.0,0.0,0.0,0.0,0.0,0.0,0.0,0.0
gcc,0.00032677068866922634,0.19117647058823528,0.8088235294117647,0.0,0.0,0.0,0.0,0.0,0.0,0.0,0.0
gcc,0.00041392110129717533,0.22580645161290322,0.7741935483870968,0.0,0.0,0.0,0.0,0.0,0.0,0.0,0.0
gcc,0.0003478132559009681,0.19696969696969696,0.803030303030303,0.0,0.0,0.0,0.0,0.0,0.0,0.0,0.0
gcc,0.00044747952294791726,0.18840579710144928,0.8115942028985508,0.0,0.0,0.0,0.0,0.0,0.0,0.0,0.0
gcc,0.0004805285814395835,0.16666666666666666,0.8333333333333334,0.0,0.0,0.0,0.0,0.0,0.0,0.0,0.0
gcc,0.000428330433865781,0.2153846153846154,0.7846153846153846,0.0,0.0,0.0,0.0,0.0,0.0,0.0,0.0
gcc,0.00037294592857798584,0.2,0.8,0.0,0.0,0.0,0.0,0.0,0.0,0.0,0.0
gcc,0.010547320410490307,0.05405405405405406,0.9459459459459459,0.0,0.0,0.0,0.0,0.0,0.0,0.0,0.0
gcc,0.000433411347375861,0.18461538461538463,0.8153846153846154,0.0,0.0,0.0,0.0,0.0,0.0,0.0,0.0
gcc,0.00037294592857798584,0.2,0.8,0.0,0.0,0.0,0.0,0.0,0.0,0.0,0.0
gcc,0.007945609695223472,0.9789264413518887,0.02107355864811133,0.0,0.0,0.0,0.0,0.0,0.0,0.0,0.0
gcc,0.007416478081581259,0.9690781796966161,0.030921820303383897,0.0,0.0,0.0,0.0,0.0,0.0,0.0,0.0
gcc,0.00803078700320814,0.9792027729636048,0.02079722703639515,0.0,0.0,0.0,0.0,0.0,0.0,0.0,0.0
gcc,0.007469741217778828,0.9723163841807909,0.02768361581920904,0.0,0.0,0.0,0.0,0.0,0.0,0.0,0.0
gcc,0.007469772741659809,0.9723163841807909,0.02768361581920904,0.0,0.0,0.0,0.0,0.0,0.0,0.0,0.0
gcc,0.007059468512141911,0.9718085106382979,0.028191489361702127,0.0,0.0,0.0,0.0,0.0,0.0,0.0,0.0
gcc,0.00686371120646642,0.9741026805997274,0.025897319400272602,0.0,0.0,0.0,0.0,0.0,0.0,0.0,0.0
gcc,0.007059468512141911,0.9718085106382979,0.028191489361702127,0.0,0.0,0.0,0.0,0.0,0.0,0.0,0.0
gcc,0.007389897016815257,0.9713450292397661,0.02865497076023392,0.0,0.0,0.0,0.0,0.0,0.0,0.0,0.0
gcc,0.004817143507010447,0.9342327150084317,0.0657672849915683,0.0,0.0,0.0,0.0,0.0,0.0,0.0,0.0
gcc,0.00737216876195267,0.9711764705882353,0.028823529411764706,0.0,0.0,0.0,0.0,0.0,0.0,0.0,0.0
gcc,0.009215757137694253,0.47058823529411764,0.5294117647058824,0.0,0.0,0.0,0.0,0.0,0.0,0.0,0.0
gcc,0.007385296972755225,0.9693109438332368,0.030689056166763172,0.0,0.0,0.0,0.0,0.0,0.0,0.0,0.0
gcc,0.007365311674213624,0.9718144450968879,0.028185554903112156,0.0,0.0,0.0,0.0,0.0,0.0,0.0,0.0
gcc,0.007350818632373688,0.9723451327433629,0.02765486725663717,0.0,0.0,0.0,0.0,0.0,0.0,0.0,0.0
gcc,0.00019861148504014158,0.2222222222222222,0.7777777777777778,0.0,0.0,0.0,0.0,0.0,0.0,0.0,0.0
gcc,0.0001989206393136373,0.21739130434782608,0.782608695652174,0.0,0.0,0.0,0.0,0.0,0.0,0.0,0.0
gcc,0.00023752545976021806,0.25,0.75,0.0,0.0,0.0,0.0,0.0,0.0,0.0,0.0
gcc,0.00027510989111761866,0.24444444444444444,0.7555555555555555,0.0,0.0,0.0,0.0,0.0,0.0,0.0,0.0
gcc,0.00023935579098540498,0.2619047619047619,0.7380952380952381,0.0,0.0,0.0,0.0,0.0,0.0,0.0,0.0
gcc,0.004442250740375123,0.05555555555555555,0.9444444444444444,0.0,0.0,0.0,0.0,0.0,0.0,0.0,0.0
gcc,0.0002620864519589439,0.2558139534883721,0.7441860465116279,0.0,0.0,0.0,0.0,0.0,0.0,0.0,0.0
gcc,0.00020420451867947745,0.2564102564102564,0.7435897435897436,0.0,0.0,0.0,0.0,0.0,0.0,0.0,0.0
gcc,0.00038891283097007475,0.21621621621621623,0.7837837837837838,0.0,0.0,0.0,0.0,0.0,0.0,0.0,0.0
gcc,0.00025621316935690495,0.2619047619047619,0.7380952380952381,0.0,0.0,0.0,0.0,0.0,0.0,0.0,0.0
gcc,0.0002711415057391619,0.2222222222222222,0.7777777777777778,0.0,0.0,0.0,0.0,0.0,0.0,0.0,0.0
gcc,0.00020420451867947745,0.2564102564102564,0.7435897435897436,0.0,0.0,0.0,0.0,0.0,0.0,0.0,0.0
gcc,0.00026808834729626806,0.22727272727272727,0.7727272727272727,0.0,0.0,0.0,0.0,0.0,0.0,0.0,0.0
gcc,0.00020934557599244408,0.23255813953488372,0.7674418604651163,0.0,0.0,0.0,0.0,0.0,0.0,0.0,0.0
gcc,0.00023752404930999264,0.25,0.75,0.0,0.0,0.0,0.0,0.0,0.0,0.0,0.0
gcc,0.0173562220179928,0.7952392518824387,0.20476074811756134,0.0,0.0,0.0,0.0,0.0,0.0,0.0,0.0
gcc,0.016633321708485527,0.795630103729861,0.20436989627013905,0.0,0.0,0.0,0.0,0.0,0.0,0.0,0.0
gcc,0.021759345359866095,0.5470085470085471,0.452991452991453,0.0,0.0,0.0,0.0,0.0,0.0,0.0,0.0
gcc,0.01695528525390658,0.7987634623055445,0.20123653769445551,0.0,0.0,0.0,0.0,0.0,0.0,0.0,0.0
gcc,0.017541564199627106,0.8062383454822851,0.19376165451771488,0.0,0.0,0.0,0.0,0.0,0.0,0.0,0.0
gcc,0.017240937838737487,0.7967821782178218,0.2032178217821782,0.0,0.0,0.0,0.0,0.0,0.0,0.0,0.0
gcc,0.017300234911818025,0.7897293546148508,0.2102706453851492,0.0,0.0,0.0,0.0,0.0,0.0,0.0,0.0
gcc,0.015901049772384167,0.7963709677419355,0.20362903225806453,0.0,0.0,0.0,0.0,0.0,0.0,0.0,0.0
gcc,0.017245728112588867,0.7962320277640059,0.20376797223599405,0.0,0.0,0.0,0.0,0.0,0.0,0.0,0.0
gcc,0.01721697308728724,0.796681525507677,0.20331847449232293,0.0,0.0,0.0,0.0,0.0,0.0,0.0,0.0
gcc,0.01760437681087229,0.7958028766800282,0.2041971233199717,0.0,0.0,0.0,0.0,0.0,0.0,0.0,0.0
gcc,0.017604303735466384,0.7958028766800282,0.2041971233199717,0.0,0.0,0.0,0.0,0.0,0.0,0.0,0.0
gcc,0.01137919295373717,0.7619350732017823,0.2380649267982177,0.0,0.0,0.0,0.0,0.0,0.0,0.0,0.0
gcc,0.016633321708485527,0.795630103729861,0.20436989627013905,0.0,0.0,0.0,0.0,0.0,0.0,0.0,0.0
gcc,0.01718169159821668,0.7967781908302355,0.20322180916976457,0.0,0.0,0.0,0.0,0.0,0.0,0.0,0.0
gcc,0.017253024409011244,0.7953419226957383,0.20465807730426164,0.0,0.0,0.0,0.0,0.0,0.0,0.0,0.0
gcc,0.015925126829552744,0.7934822409373856,0.20651775906261444,0.0,0.0,0.0,0.0,0.0,0.0,0.0,0.0
gcc,0.01733784789760584,0.7883194829178208,0.21168051708217914,0.0,0.0,0.0,0.0,0.0,0.0,0.0,0.0
gcc,0.017184486274977328,0.7960852329038652,0.2039147670961348,0.0,0.0,0.0,0.0,0.0,0.0,0.0,0.0
gcc,0.017536606476290188,0.8039348710990502,0.1960651289009498,0.0,0.0,0.0,0.0,0.0,0.0,0.0,0.0
gcc,0.016668502000513893,0.7934375688174411,0.2065624311825589,0.0,0.0,0.0,0.0,0.0,0.0,0.0,0.0
gcc,0.017614068006990828,0.7947207164741927,0.2052792835258072,0.0,0.0,0.0,0.0,0.0,0.0,0.0,0.0
gcc,0.017224252088014223,0.7957920792079208,0.2042079207920792,0.0,0.0,0.0,0.0,0.0,0.0,0.0,0.0
gcc,0.017613994885589984,0.7947207164741927,0.2052792835258072,0.0,0.0,0.0,0.0,0.0,0.0,0.0,0.0
gcc,0.01728176965321249,0.794320987654321,0.205679012345679,0.0,0.0,0.0,0.0,0.0,0.0,0.0,0.0
gcc,0.017363409112944362,0.7943675649429474,0.20563243505705267,0.0,0.0,0.0,0.0,0.0,0.0,0.0,0.0
gcc,0.016668502000513893,0.7934375688174411,0.2065624311825589,0.0,0.0,0.0,0.0,0.0,0.0,0.0,0.0
gcc,0.02221406278685515,0.5454545454545454,0.45454545454545453,0.0,0.0,0.0,0.0,0.0,0.0,0.0,0.0
gcc,0.011465964038567334,0.7632575757575758,0.23674242424242425,0.0,0.0,0.0,0.0,0.0,0.0,0.0,0.0
gcc,0.016964170967458284,0.7968500797448166,0.2031499202551834,0.0,0.0,0.0,0.0,0.0,0.0,0.0,0.0
gcc,0.0321747299201503,0.5693430656934306,0.4306569343065693,0.0,0.0,0.0,0.0,0.0,0.0,0.0,0.0
gcc,0.019267191142191144,0.7877396705374021,0.2122603294625979,0.0,0.0,0.0,0.0,0.0,0.0,0.0,0.0
gcc,0.013320938879851267,0.7773900907187719,0.2226099092812282,0.0,0.0,0.0,0.0,0.0,0.0,0.0,0.0
gcc,0.01878989481255057,0.7866591612721644,0.21334083872783563,0.0,0.0,0.0,0.0,0.0,0.0,0.0,0.0
gcc,0.018744277935720137,0.7852042273636104,0.2147957726363896,0.0,0.0,0.0,0.0,0.0,0.0,0.0,0.0
gcc,0.019568995349226327,0.8008161678973961,0.19918383210260396,0.0,0.0,0.0,0.0,0.0,0.0,0.0,0.0
gcc,0.01811255714988427,0.7846315789473685,0.21536842105263157,0.0,0.0,0.0,0.0,0.0,0.0,0.0,0.0
gcc,0.018729567378665792,0.7858985382631126,0.21410146173688735,0.0,0.0,0.0,0.0,0.0,0.0,0.0,0.0
gcc,0.017999083380013055,0.7824074074074074,0.2175925925925926,0.0,0.0,0.0,0.0,0.0,0.0,0.0,0.0
gcc,0.019267291392416917,0.7877396705374021,0.2122603294625979,0.0,0.0,0.0,0.0,0.0,0.0,0.0,0.0
gcc,0.018765247697286533,0.7686388962589547,0.23136110374104538,0.0,0.0,0.0,0.0,0.0,0.0,0.0,0.0
gcc,0.018677838057633248,0.7854482956173017,0.21455170438269835,0.0,0.0,0.0,0.0,0.0,0.0,0.0,0.0
gcc,0.017999083380013055,0.7824074074074074,0.2175925925925926,0.0,0.0,0.0,0.0,0.0,0.0,0.0,0.0
gcc,0.01870945971279667,0.7867162897223018,0.21328371027769824,0.0,0.0,0.0,0.0,0.0,0.0,0.0,0.0
gcc,0.018285656182212583,0.7849860982391103,0.21501390176088972,0.0,0.0,0.0,0.0,0.0,0.0,0.0,0.0
gcc,0.0004197897400953957,0.2028985507246377,0.7971014492753623,0.0,0.0,0.0,0.0,0.0,0.0,0.0,0.0
gcc,0.0005221635734150633,0.2608695652173913,0.7391304347826086,0.0,0.0,0.0,0.0,0.0,0.0,0.0,0.0
gcc,0.00037102951256783864,0.2542372881355932,0.7457627118644068,0.0,0.0,0.0,0.0,0.0,0.0,0.0,0.0
gcc,0.0002900132226367609,0.2542372881355932,0.7457627118644068,0.0,0.0,0.0,0.0,0.0,0.0,0.0,0.0
gcc,0.0003651261232269723,0.22033898305084745,0.7796610169491526,0.0,0.0,0.0,0.0,0.0,0.0,0.0,0.0
gcc,0.00028667670035117894,0.25,0.75,0.0,0.0,0.0,0.0,0.0,0.0,0.0,0.0
gcc,0.00032337691735563915,0.25,0.75,0.0,0.0,0.0,0.0,0.0,0.0,0.0,0.0
gcc,0.00041970219936480894,0.22388059701492538,0.7761194029850746,0.0,0.0,0.0,0.0,0.0,0.0,0.0,0.0
gcc,0.00032337691735563915,0.25,0.75,0.0,0.0,0.0,0.0,0.0,0.0,0.0,0.0
gcc,0.00027274637716799837,0.2459016393442623,0.7540983606557377,0.0,0.0,0.0,0.0,0.0,0.0,0.0,0.0
gcc,0.0004076103997090289,0.2153846153846154,0.7846153846153846,0.0,0.0,0.0,0.0,0.0,0.0,0.0,0.0
gcc,0.0004197922940736279,0.2028985507246377,0.7971014492753623,0.0,0.0,0.0,0.0,0.0,0.0,0.0,0.0
gcc,0.00035752816318338057,0.24561403508771928,0.7543859649122807,0.0,0.0,0.0,0.0,0.0,0.0,0.0,0.0
gcc,0.0003904724716907458,0.22388059701492538,0.7761194029850746,0.0,0.0,0.0,0.0,0.0,0.0,0.0,0.0
gcc,0.007301173402868318,0.14285714285714285,0.8571428571428571,0.0,0.0,0.0,0.0,0.0,0.0,0.0,0.0
gcc,0.007110182975338107,0.9685314685314685,0.03146853146853147,0.0,0.0,0.0,0.0,0.0,0.0,0.0,0.0
gcc,0.0070845116628669436,0.9683470105509965,0.031652989449003514,0.0,0.0,0.0,0.0,0.0,0.0,0.0,0.0
gcc,0.007160906456118256,0.9701240135287486,0.02987598647125141,0.0,0.0,0.0,0.0,0.0,0.0,0.0,0.0
gcc,0.00676302115151036,0.971307120085016,0.028692879914984058,0.0,0.0,0.0,0.0,0.0,0.0,0.0,0.0
gcc,0.006507938856745439,0.9749886311959982,0.02501136880400182,0.0,0.0,0.0,0.0,0.0,0.0,0.0,0.0
gcc,0.0075092034805890225,0.9797055312375647,0.020294468762435337,0.0,0.0,0.0,0.0,0.0,0.0,0.0,0.0
gcc,0.007034034022389478,0.9702315325248071,0.029768467475192944,0.0,0.0,0.0,0.0,0.0,0.0,0.0,0.0
gcc,0.0070691772410970116,0.9698899826288361,0.030110017371163866,0.0,0.0,0.0,0.0,0.0,0.0,0.0,0.0
gcc,0.008865841418534626,0.4528301886792453,0.5471698113207547,0.0,0.0,0.0,0.0,0.0,0.0,0.0,0.0
gcc,0.007071802171610169,0.9724985371562317,0.027501462843768285,0.0,0.0,0.0,0.0,0.0,0.0,0.0,0.0
gcc,0.00676302115151036,0.971307120085016,0.028692879914984058,0.0,0.0,0.0,0.0,0.0,0.0,0.0,0.0
gcc,0.007633915169189862,0.9775280898876404,0.02247191011235955,0.0,0.0,0.0,0.0,0.0,0.0,0.0,0.0
gcc,0.007061152479479173,0.9718475073313783,0.0281524926686217,0.0,0.0,0.0,0.0,0.0,0.0,0.0,0.0
gcc,0.004474390693267358,0.9310924369747899,0.06890756302521009,0.0,0.0,0.0,0.0,0.0,0.0,0.0,0.0
gcc,0.007160877550608513,0.9701240135287486,0.02987598647125141,0.0,0.0,0.0,0.0,0.0,0.0,0.0,0.0
gcc,0.0002605116448705257,0.2222222222222222,0.7777777777777778,0.0,0.0,0.0,0.0,0.0,0.0,0.0,0.0
gcc,0.00024239486122894195,0.23809523809523808,0.7619047619047619,0.0,0.0,0.0,0.0,0.0,0.0,0.0,0.0
gcc,0.0002032127439172478,0.24390243902439024,0.7560975609756098,0.0,0.0,0.0,0.0,0.0,0.0,0.0,0.0
gcc,0.0002032127439172478,0.24390243902439024,0.7560975609756098,0.0,0.0,0.0,0.0,0.0,0.0,0.0,0.0
gcc,0.00021190757569583112,0.19230769230769232,0.8076923076923077,0.0,0.0,0.0,0.0,0.0,0.0,0.0,0.0
gcc,0.0002541707102916031,0.25,0.75,0.0,0.0,0.0,0.0,0.0,0.0,0.0,0.0
gcc,0.00024138860196703643,0.23255813953488372,0.7674418604651163,0.0,0.0,0.0,0.0,0.0,0.0,0.0,0.0
gcc,0.0002538510355968384,0.22727272727272727,0.7727272727272727,0.0,0.0,0.0,0.0,0.0,0.0,0.0,0.0
gcc,0.00024138995705504253,0.23255813953488372,0.7674418604651163,0.0,0.0,0.0,0.0,0.0,0.0,0.0,0.0
gcc,0.004970628106642567,0.09090909090909091,0.9090909090909091,0.0,0.0,0.0,0.0,0.0,0.0,0.0,0.0
gcc,0.0002146705879827405,0.25,0.75,0.0,0.0,0.0,0.0,0.0,0.0,0.0,0.0
gcc,0.00035791326890894493,0.1891891891891892,0.8108108108108109,0.0,0.0,0.0,0.0,0.0,0.0,0.0,0.0
gcc,0.00023381274450540052,0.24390243902439024,0.7560975609756098,0.0,0.0,0.0,0.0,0.0,0.0,0.0,0.0
gcc,0.0001608691886005618,0.2564102564102564,0.7435897435897436,0.0,0.0,0.0,0.0,0.0,0.0,0.0,0.0
gcc,0.00020527792349976052,0.2222222222222222,0.7777777777777778,0.0,0.0,0.0,0.0,0.0,0.0,0.0,0.0
clang,0.017242001617001616,0.10341218337868956,0.17123717814527947,0.08582792547624032,0.08101318819342684,0.10006280092108018,0.04563533598492778,0.044169981159723676,0.04605400879212895,0.04291396273812016,0.27967343521038307
clang,0.01857532433743299,0.10842123465329413,0.15701193152343074,0.08542279093895902,0.08300190212692374,0.09925644129344631,0.04668856994639461,0.044959363652083695,0.04807193498184333,0.044786443022652604,0.28237938786097183
clang,0.017507649266516972,0.1033847570803592,0.16923785401795993,0.08588533271931845,0.08174073221275616,0.09831913423900529,0.04720239465807046,0.0442090720699977,0.04766290582546627,0.04259728298411237,0.27976053419295416
clang,0.017242001617001616,0.10341218337868956,0.17123717814527947,0.08582792547624032,0.08101318819342684,0.10006280092108018,0.04563533598492778,0.044169981159723676,0.04605400879212895,0.04291396273812016,0.27967343521038307
clang,0.017440618462791064,0.1035359371388953,0.17009475387104228,0.08574069794314768,0.08088745088976196,0.09845158308296742,0.04737693552114629,0.04414143748555581,0.04714582851860411,0.04252368846776057,0.28010168708111854
clang,0.03355704697986577,0.12307692307692308,0.45384615384615384,0.06153846153846154,0.038461538461538464,0.05384615384615385,0.015384615384615385,0.03076923076923077,0.07692307692307693,0.007692307692307693,0.13846153846153847
clang,0.017472326063962925,0.10328096118299446,0.16959334565619225,0.08618299445471349,0.08086876155268022,0.0988909426987061,0.04713493530499076,0.04436229205175601,0.047597042513863215,0.04251386321626617,0.2795748613678373
clang,0.01857532433743299,0.10842123465329413,0.15701193152343074,0.08542279093895902,0.08300190212692374,0.09925644129344631,0.04668856994639461,0.044959363652083695,0.04807193498184333,0.044786443022652604,0.28237938786097183
clang,0.017465779381224514,0.10241277555979865,0.16455476479777817,0.08661690678701614,0.08401319215413991,0.09946189897587225,0.04599895851414685,0.046172539489671933,0.04565179656309668,0.04391598680784586,0.2812011803506336
clang,0.018168241351729654,0.10335339638865004,0.16371453138435083,0.08890799656061908,0.08306104901117799,0.09699054170249355,0.048495270851246775,0.04591573516766982,0.046431642304385214,0.04333619948409286,0.27979363714531386
clang,0.017856225778543296,0.10508849557522124,0.17079646017699116,0.08606194690265487,0.08030973451327433,0.09734513274336283,0.048451327433628316,0.04336283185840708,0.046902654867256637,0.04225663716814159,0.2794247787610619
clang,0.017526519865389924,0.10342465753424658,0.16986301369863013,0.08515981735159818,0.08105022831050228,0.09817351598173515,0.047031963470319633,0.045205479452054796,0.04794520547945205,0.04200913242009133,0.28013698630136985
clang,0.01384161785657749,0.0943531093638313,0.1708363116511794,0.09721229449606862,0.09721229449606862,0.09363831308077197,0.04789135096497498,0.05146533238027162,0.04360257326661901,0.04217298070050036,0.26161543959971406
clang,0.017856296319706713,0.10508849557522124,0.17079646017699116,0.08606194690265487,0.08030973451327433,0.09734513274336283,0.048451327433628316,0.04336283185840708,0.046902654867256637,0.04225663716814159,0.2794247787610619
clang,0.017791892253830995,0.10387096774193548,0.17483870967741935,0.08494623655913978,0.08365591397849462,0.09483870967741935,0.04666666666666667,0.04559139784946237,0.045806451612903226,0.04279569892473118,0.27698924731182795
clang,0.0174570646748071,0.10349617967122018,0.16878907154433898,0.08613104885390137,0.0812688122250521,0.09863394304237091,0.0472331558231072,0.044223199814771935,0.04746469090067145,0.04283398934938643,0.2799259087751794
clang,0.017518830627123356,0.10374971244536461,0.1695422130204739,0.08580630319760754,0.08166551644812514,0.09822866344605476,0.04715896020243846,0.04416839199447895,0.047619047619047616,0.04255808603634691,0.2795031055900621
clang,0.01725208028117174,0.10374398661367915,0.17151223593390505,0.08575611796695252,0.08094540891026981,0.0999790838736666,0.045597155406818655,0.04413302656348044,0.04601547793348672,0.04287805898347626,0.2794394478142648
clang,0.017823948348798604,0.10429184549356223,0.17639484978540773,0.08433476394849786,0.08304721030042918,0.09506437768240343,0.0463519313304721,0.04527896995708155,0.04527896995708155,0.04313304721030043,0.27682403433476394
clang,0.018583994065453423,0.10869189562813202,0.15724900639364092,0.0853637463279765,0.08294453084499741,0.09918783480214273,0.04665629860031104,0.044928287541040265,0.04803870744772767,0.044755486435113186,0.28218420597891825
clang,0.017867086882856837,0.10543766578249338,0.17108753315649866,0.08598585322723254,0.08023872679045092,0.09725906277630415,0.04840848806366048,0.04332449160035367,0.046861184792219276,0.04221927497789567,0.2791777188328912
clang,0.017474197899458952,0.10268863833477884,0.1647875108412836,0.08655680832610581,0.08395490026019081,0.09939288811795316,0.04596704249783174,0.04614050303555941,0.04562012142237641,0.04388551604509974,0.2810060711188205
clang,0.03397565922920893,0.13432835820895522,0.4552238805970149,0.05970149253731343,0.03731343283582089,0.05223880597014925,0.014925373134328358,0.029850746268656716,0.07462686567164178,0.007462686567164179,0.13432835820895522
clang,0.013898911614389229,0.0953058321479374,0.1728307254623044,0.09672830725462304,0.09815078236130868,0.09174964438122332,0.04694167852062589,0.04836415362731152,0.04338549075391181,0.041963015647226175,0.26458036984352773
clang,0.017451817108502674,0.10390210113137843,0.17039944585546063,0.08566151004386978,0.08081274532440545,0.09836065573770492,0.04733317940429462,0.0441006695913184,0.04710228584622489,0.042484414684830295,0.2798429923805126
clang,0.018583994065453423,0.10869189562813202,0.15724900639364092,0.0853637463279765,0.08294453084499741,0.09918783480214273,0.04665629860031104,0.044928287541040265,0.04803870744772767,0.044755486435113186,0.28218420597891825
clang,0.017867157447413528,0.10543766578249338,0.17108753315649866,0.08598585322723254,0.08023872679045092,0.09725906277630415,0.04840848806366048,0.04332449160035367,0.046861184792219276,0.04221927497789567,0.2791777188328912
clang,0.017468289982503424,0.10386305806153134,0.16909553550774925,0.08605135322692574,0.08119361554476058,0.09854267869535045,0.04718945176960444,0.044182280823502194,0.04742077261161231,0.04279435577145501,0.27966689798750866
clang,0.01753761346043836,0.10378649635036497,0.17016423357664234,0.08508211678832117,0.08097627737226278,0.09808394160583941,0.04698905109489051,0.045164233576642336,0.047901459854014596,0.041970802919708027,0.27988138686131386
clang,0.017483533514141805,0.10364727608494921,0.1698984302862419,0.0861034164358264,0.08079409048938135,0.09879963065558633,0.04709141274238227,0.0443213296398892,0.04755309325946445,0.04247460757156048,0.2793167128347184
clang,0.018176763480292627,0.10362605258635504,0.1639456951366214,0.0888468809073724,0.08300395256916997,0.09692387008076989,0.04846193504038494,0.04588417253823681,0.04639972503866644,0.04330641003608868,0.27960130606633443
clang,0.01725208028117174,0.10374398661367915,0.17151223593390505,0.08575611796695252,0.08094540891026981,0.0999790838736666,0.045597155406818655,0.04413302656348044,0.04601547793348672,0.04287805898347626,0.2794394478142648
clang,0.018397286410854356,0.10716755012675731,0.16939386955519706,0.08573404010140585,0.08458170085273105,0.09887070753629869,0.045171698548052544,0.0442498271491127,0.04471076284858262,0.04102327725282323,0.27909656602903893
clang,0.018360989636374527,0.10673502680027966,0.16965742251223492,0.08669307853647168,0.08482871125611746,0.09927755767886273,0.044977860638545794,0.04311349335819156,0.04451176881845723,0.041482171987881615,0.2787229084129573
clang,0.018758553724715504,0.10843373493975904,0.1706827309236948,0.08656849620705043,0.08366800535475234,0.09772423025435073,0.04529228023203927,0.04306113342257921,0.043953592146363234,0.04060687193217314,0.28000892458723786
clang,0.019338678709537847,0.11064499213424227,0.1566159762279322,0.0854745673833246,0.08669812969760532,0.0987589582240867,0.04544660024471246,0.04736934102429645,0.046495367942667364,0.04334906484880266,0.27914700227233
clang,0.018344102977220916,0.10651716888577435,0.16865218406914273,0.08689558514365803,0.08502686288250409,0.09927587012380285,0.04484933426769446,0.04321420228918477,0.04461574398505022,0.04134548002803083,0.27960756832515765
clang,0.018349212322323522,0.10696807271032394,0.16942437660219062,0.0864600326264274,0.08459566534607317,0.09904451176881846,0.044977860638545794,0.043579585178280124,0.04451176881845723,0.041482171987881615,0.27895595432300163
clang,0.036011824778285406,0.11194029850746269,0.4552238805970149,0.04477611940298507,0.05223880597014925,0.05970149253731343,0.007462686567164179,0.029850746268656716,0.05970149253731343,0.007462686567164179,0.17164179104477612
clang,0.01481978346766164,0.11032531824611033,0.15558698727015557,0.09618104667609619,0.08981612446958982,0.09618104667609619,0.04455445544554455,0.04455445544554455,0.04526166902404526,0.04314002828854314,0.2743988684582744
clang,0.019338678709537847,0.11064499213424227,0.1566159762279322,0.0854745673833246,0.08669812969760532,0.0987589582240867,0.04544660024471246,0.04736934102429645,0.046495367942667364,0.04334906484880266,0.27914700227233
clang,0.018047295572564452,0.10555203715431707,0.17162761241291957,0.08676377454084863,0.08507494194637956,0.10006333122229259,0.04369854338188727,0.042854127084652735,0.04369854338188727,0.04243191893603546,0.27823516993877984
clang,0.018322012901020975,0.10678479832128701,0.17020284448589415,0.08650034973187223,0.08463511307997203,0.09885754255071112,0.04499883422709256,0.043133597575192355,0.04429937048262998,0.04126836092329214,0.2793191886220564
clang,0.018047295572564452,0.10555203715431707,0.17162761241291957,0.08676377454084863,0.08507494194637956,0.10006333122229259,0.04369854338188727,0.042854127084652735,0.04369854338188727,0.04243191893603546,0.27823516993877984
clang,0.018955298215292873,0.10248825474160432,0.1646076213676701,0.08995997911954064,0.08630589872977205,0.10092222028884636,0.04732904123890726,0.04471898381764399,0.04576300678614929,0.042456934052549154,0.27544805985731685
clang,0.01827244117130214,0.10683685959083757,0.1613918517223291,0.08987585242175206,0.08655359328553942,0.09826892813428921,0.04616191641895436,0.0435390802587865,0.04336422451477531,0.041440811330652215,0.28256688232208427
clang,0.01875301568765788,0.1065945945945946,0.17621621621621622,0.08583783783783784,0.08648648648648649,0.09578378378378379,0.04497297297297297,0.04432432432432432,0.04281081081081081,0.04151351351351351,0.27545945945945943
clang,0.018758475214705438,0.10843373493975904,0.1706827309236948,0.08656849620705043,0.08366800535475234,0.09772423025435073,0.04529228023203927,0.04306113342257921,0.043953592146363234,0.04060687193217314,0.28000892458723786
clang,0.0008221099209323693,0.3588235294117647,0.6411764705882353,0.0,0.0,0.0,0.0,0.0,0.0,0.0,0.0
clang,0.0006793159990630124,0.367816091954023,0.632183908045977,0.0,0.0,0.0,0.0,0.0,0.0,0.0,0.0
clang,0.0007386522299190185,0.3719512195121951,0.6280487804878049,0.0,0.0,0.0,0.0,0.0,0.0,0.0,0.0
clang,0.0008202747920553385,0.34146341463414637,0.6585365853658537,0.0,0.0,0.0,0.0,0.0,0.0,0.0,0.0
clang,0.0007807755703999306,0.3464052287581699,0.6535947712418301,0.0,0.0,0.0,0.0,0.0,0.0,0.0,0.0
clang,0.000820270689327478,0.34146341463414637,0.6585365853658537,0.0,0.0,0.0,0.0,0.0,0.0,0.0,0.0
clang,0.0007386522299190185,0.3719512195121951,0.6280487804878049,0.0,0.0,0.0,0.0,0.0,0.0,0.0,0.0
clang,0.010872759330002939,0.1891891891891892,0.8108108108108109,0.0,0.0,0.0,0.0,0.0,0.0,0.0,0.0
clang,0.0007764252767292064,0.34868421052631576,0.6513157894736842,0.0,0.0,0.0,0.0,0.0,0.0,0.0,0.0
clang,0.0008339019028125237,0.3181818181818182,0.6818181818181818,0.0,0.0,0.0,0.0,0.0,0.0,0.0,0.0
clang,0.0007640153815017203,0.3576158940397351,0.6423841059602649,0.0,0.0,0.0,0.0,0.0,0.0,0.0,0.0
clang,0.0007862518252274514,0.34415584415584416,0.6558441558441559,0.0,0.0,0.0,0.0,0.0,0.0,0.0,0.0
clang,0.0007105345681021582,0.3575418994413408,0.6424581005586593,0.0,0.0,0.0,0.0,0.0,0.0,0.0,0.0
clang,0.000714732073113576,0.366120218579235,0.6338797814207651,0.0,0.0,0.0,0.0,0.0,0.0,0.0,0.0
clang,0.0007726156365124847,0.3509933774834437,0.6490066225165563,0.0,0.0,0.0,0.0,0.0,0.0,0.0,0.0
clang,0.0007105345681021582,0.3575418994413408,0.6424581005586593,0.0,0.0,0.0,0.0,0.0,0.0,0.0,0.0
clang,0.023058516423754623,0.14150943396226415,0.5566037735849056,0.03773584905660377,0.02830188679245283,0.03773584905660377,0.018867924528301886,0.018867924528301886,0.03773584905660377,0.018867924528301886,0.10377358490566038
clang,0.0089758928798717,0.10862166761202496,0.19342030629608623,0.09897901304594442,0.08735110606920023,0.08167895632444697,0.041406693136698806,0.04480998298355077,0.04480998298355077,0.04537719795802609,0.2535450935904708
clang,0.009380492350519598,0.10877082678403018,0.20433825840930525,0.10028292989625903,0.08645080163470607,0.07984910405532851,0.039924552027664255,0.04181075133605784,0.04243948443885571,0.044640050298648225,0.25149324111914495
clang,0.009661015288442381,0.1068289384719405,0.209263015551048,0.09972954699121028,0.08417849898580122,0.07876943881000677,0.0436105476673428,0.04293441514536849,0.0436105476673428,0.0436105476673428,0.24746450304259635
clang,0.0062227856019886575,0.12301587301587301,0.2208994708994709,0.08862433862433862,0.06878306878306878,0.09391534391534391,0.03835978835978836,0.051587301587301584,0.031746031746031744,0.04894179894179894,0.23412698412698413
clang,0.009380492350519598,0.10877082678403018,0.20433825840930525,0.10028292989625903,0.08645080163470607,0.07984910405532851,0.039924552027664255,0.04181075133605784,0.04243948443885571,0.044640050298648225,0.25149324111914495
clang,0.009474468730625652,0.10720501218238775,0.19979115906717718,0.10476853463278803,0.08492864601461887,0.07796728158719109,0.041768186564566656,0.04281239122868082,0.04455273233553777,0.04455273233553777,0.2516533240515141
clang,0.009429470424692428,0.10840395480225988,0.2019774011299435,0.1027542372881356,0.08509887005649718,0.07909604519774012,0.041666666666666664,0.042019774011299436,0.043785310734463276,0.044844632768361585,0.2503531073446328
clang,0.0094469631907967,0.10817477096546864,0.2029598308668076,0.10288935870331219,0.08527131782945736,0.07857646229739253,0.0412262156448203,0.04193093727977449,0.04369274136715997,0.044749823819591264,0.25052854122621565
clang,0.009678058031876371,0.1063257065948856,0.20053835800807537,0.1028263795423957,0.08209959623149395,0.0759084791386272,0.04387617765814267,0.04360699865410498,0.04306864064602961,0.04791386271870794,0.25383580080753704
clang,0.009678058031876371,0.1063257065948856,0.20053835800807537,0.1028263795423957,0.08209959623149395,0.0759084791386272,0.04387617765814267,0.04360699865410498,0.04306864064602961,0.04791386271870794,0.25383580080753704
clang,0.00992496380727117,0.10914227015921932,0.19311761684643042,0.10554699537750385,0.0839753466872111,0.08243451463790447,0.044170518746789934,0.045454545454545456,0.04314329738058552,0.041345659989727786,0.2516692347200822
clang,0.00966098373505781,0.1068289384719405,0.209263015551048,0.09972954699121028,0.08417849898580122,0.07876943881000677,0.0436105476673428,0.04293441514536849,0.0436105476673428,0.0436105476673428,0.24746450304259635
clang,0.009446038548881005,0.10806054206265399,0.20309750087997183,0.10242872228088701,0.08447729672650475,0.07884547694473777,0.04118268215417107,0.04329461457233368,0.04399859204505456,0.04470256951777543,0.2499120028159099
clang,0.009428173128872822,0.10753448885744606,0.20198089847895295,0.10293597453130528,0.08489564909798372,0.07958967102935975,0.04138662893526707,0.042094092677750265,0.04386275203395826,0.04492394764768306,0.2507958967102936
clang,0.009493069457466488,0.10777444110777444,0.21855188521855187,0.10043376710043377,0.08141474808141475,0.07807807807807808,0.03970637303970637,0.04270937604270938,0.043043043043043044,0.044711378044711377,0.24357691024357692
clang,0.024623488824386,0.10121055765032745,0.16729509823377653,0.0897003373685255,0.0883111728517563,0.09366937884500894,0.04901766223457035,0.04266719587219686,0.04306410001984521,0.041079579281603495,0.28398491764238937
clang,0.02494049716848595,0.10007742934572203,0.17015098722415795,0.09020518776616337,0.08768873403019745,0.09310878823073945,0.04936120789779326,0.0429732868757259,0.04316686024003097,0.04045683313975997,0.28281068524970965
clang,0.02453183798404763,0.10058455956460391,0.1662971175166297,0.09070751864543439,0.08748236242693005,0.0937311026002822,0.049586776859504134,0.04273331989518242,0.043338036686151986,0.041523886313243295,0.2840153194920379
clang,0.025051944877318422,0.10352187833511206,0.15734105808812318,0.09117243482238147,0.08995273669766733,0.09574630279005945,0.046653453270315594,0.04650099100472633,0.043146821161762466,0.04223204756822686,0.2837322762616252
clang,0.018609244344123532,0.11233631977946244,0.15161957270847692,0.09166092350103378,0.08890420399724328,0.09855272226051,0.037215713301171606,0.04962095106822881,0.039283252929014474,0.043418332184700204,0.28738800827015853
clang,0.040398450470392915,0.0958904109589041,0.4657534246575342,0.0410958904109589,0.06164383561643835,0.0684931506849315,0.0273972602739726,0.02054794520547945,0.02054794520547945,0.0273972602739726,0.17123287671232876
clang,0.024258583957442917,0.10129310344827586,0.16576867816091953,0.09033764367816093,0.08800287356321838,0.09357040229885058,0.0490301724137931,0.043642241379310345,0.042385057471264365,0.04310344827586207,0.2828663793103448
clang,0.024540179981054625,0.10012062726176116,0.16767189384800965,0.09006835544833132,0.08725371934057097,0.09408926417370325,0.04945717732207479,0.0428226779252111,0.04322476879774829,0.04181745074386811,0.28347406513872137
clang,0.02480125405889598,0.1038374717832957,0.17569601203912716,0.08841234010534237,0.08615500376222723,0.09292701279157262,0.04853273137697517,0.0427012791572611,0.04232505643340858,0.03969149736644093,0.27972159518434914
clang,0.02456382794955951,0.10046212577858148,0.16817359855334538,0.09021498894916616,0.08760297367892304,0.09383162547719509,0.04962829013461925,0.04239501707856138,0.0433996383363472,0.04118947156921841,0.28310227044404257
clang,0.024258583957442917,0.10129310344827586,0.16576867816091953,0.09033764367816093,0.08800287356321838,0.09357040229885058,0.0490301724137931,0.043642241379310345,0.042385057471264365,0.04310344827586207,0.2828663793103448
clang,0.024538062104572777,0.10048231511254019,0.16760450160771703,0.09003215434083602,0.08762057877813505,0.09385048231511255,0.04983922829581994,0.04240353697749196,0.04320739549839228,0.04159967845659164,0.28336012861736337
clang,0.02367911942561982,0.1028892455858748,0.16340288924558588,0.09036918138041733,0.08956661316211878,0.09069020866773676,0.048635634028892455,0.0449438202247191,0.043820224719101124,0.04253611556982344,0.28314606741573034
clang,0.025051944877318422,0.10352187833511206,0.15734105808812318,0.09117243482238147,0.08995273669766733,0.09574630279005945,0.046653453270315594,0.04650099100472633,0.043146821161762466,0.04223204756822686,0.2837322762616252
clang,0.02494061757719715,0.10007742934572203,0.17015098722415795,0.09020518776616337,0.08768873403019745,0.09310878823073945,0.04936120789779326,0.0429732868757259,0.04316686024003097,0.04045683313975997,0.28281068524970965
clang,0.02484343089252885,0.10104847287646254,0.16623613432609027,0.09101960188421213,0.08813250265917034,0.09633794256192069,0.05318340677708555,0.04102719951375171,0.04209086764929342,0.04209086764929342,0.27883300410271994
clang,0.012247725488384981,0.11990950226244344,0.14856711915535445,0.09653092006033183,0.09502262443438914,0.08220211161387632,0.05203619909502263,0.05203619909502263,0.04600301659125189,0.03619909502262444,0.27149321266968324
clang,0.029495718363463368,0.08870967741935484,0.4435483870967742,0.06451612903225806,0.04838709677419355,0.04032258064516129,0.024193548387096774,0.0967741935483871,0.03225806451612903,0.024193548387096774,0.13709677419354838
clang,0.01592379231653425,0.10330228619813717,0.1651143099068586,0.09525825571549534,0.0836155800169348,0.09504657070279424,0.04657070279424217,0.04614733276883996,0.04741744284504657,0.04424216765453006,0.27328535139712107
clang,0.01696532110693429,0.10279388508170796,0.15779300650149358,0.0996309963099631,0.08820945352310666,0.09049376208047795,0.048673343876295905,0.042698998418555616,0.04515902301880162,0.05183623264804076,0.27271129854155685
clang,0.01696532110693429,0.10279388508170796,0.15779300650149358,0.0996309963099631,0.08820945352310666,0.09049376208047795,0.048673343876295905,0.042698998418555616,0.04515902301880162,0.05183623264804076,0.27271129854155685
clang,0.016506939915475624,0.10178571428571428,0.1671875,0.09508928571428571,0.0859375,0.09486607142857142,0.046875,0.045535714285714284,0.045535714285714284,0.04598214285714286,0.27120535714285715
clang,0.016096427709389332,0.10192127460168697,0.1640112464854733,0.0944236176194939,0.08481724461105905,0.09559512652296158,0.04756326148078725,0.04639175257731959,0.047094657919400186,0.04475164011246485,0.2734301780693533
clang,0.016140232974910393,0.10293777469349988,0.16377515614156835,0.09391626185519315,0.08396946564885496,0.09553550774924821,0.04834605597964377,0.046264168401572985,0.04765209345362017,0.04464492250751793,0.2729585935692806
clang,0.01656066416036479,0.10155295759902286,0.15965800034897923,0.09509684173791659,0.08794276740533938,0.09282847670563601,0.0478101552957599,0.04623974873495027,0.045716279881347056,0.04990403071017274,0.2732507415808759
clang,0.016354490983834312,0.10237421041167502,0.1731648878240035,0.09409714659115662,0.08494881289479417,0.09344369418427358,0.04574166848181224,0.046612938357656286,0.046395120888695275,0.04378131126116314,0.2694402091047702
clang,0.01592379231653425,0.10330228619813717,0.1651143099068586,0.09525825571549534,0.0836155800169348,0.09504657070279424,0.04657070279424217,0.04614733276883996,0.04741744284504657,0.04424216765453006,0.27328535139712107
clang,0.016098345709431076,0.10180201263749122,0.16522349637257197,0.09454715656447461,0.08495202433887199,0.09524923941025042,0.047741633512754504,0.0465714954364615,0.0470395506669787,0.0449333021296513,0.2719400889304938
clang,0.01616021787705294,0.10218808193668528,0.16457169459962756,0.09404096834264432,0.08472998137802606,0.09543761638733705,0.047253258845437615,0.04655493482309125,0.04748603351955307,0.044925512104283055,0.27281191806331473
clang,0.015972491663714526,0.10279880302763598,0.15560640732265446,0.0976940679457842,0.08660447104383032,0.09258933286393241,0.04787889456081676,0.04559056504136596,0.04647069177961626,0.04471043830311565,0.28005632811124803
clang,0.016507000736919675,0.10178571428571428,0.1671875,0.09508928571428571,0.0859375,0.09486607142857142,0.046875,0.045535714285714284,0.045535714285714284,0.04598214285714286,0.27120535714285715
clang,0.016093544905089834,0.10189296564617902,0.16475812105632157,0.09511568123393316,0.0843655059593363,0.09558308015891563,0.047440990885720964,0.04650619303575602,0.04720729142322973,0.04463659733582613,0.27249357326478146
clang,0.016568871323285113,0.10183086312118571,0.15989537925021796,0.0950305143853531,0.08788142981691369,0.0927637314734089,0.04777680906713165,0.046207497820401046,0.045684394071490844,0.04986922406277245,0.2730601569311247
clang,0.012247911763348562,0.12057272042200452,0.1492087415222306,0.09645817633760362,0.09495101733232857,0.08214016578749057,0.05199698568198945,0.05199698568198945,0.045968349660889224,0.03692539562923888,0.26978146194423513
clang,0.016517478911113565,0.10214094558429973,0.1674843889384478,0.09500446030330062,0.08586083853702052,0.0947814451382694,0.04683318465655665,0.045495093666369314,0.045495093666369314,0.04594112399643176,0.2709634255129349
clang,0.016104349264719705,0.10226476768620126,0.1650712117674527,0.09502685033854774,0.08428671491944899,0.09549381274807378,0.04739668456689237,0.046462759747840296,0.04716320336212935,0.044594910109736166,0.2722390847536773
clang,0.01610916719711037,0.1021744213233575,0.16553659106850596,0.0944587327566051,0.08487257423427637,0.09516015898994623,0.04769698386719663,0.04652794014496142,0.0469955576338555,0.04489127893383212,0.27168576104746317
clang,0.015980592785823512,0.1030782761653474,0.15584872471416006,0.09762532981530343,0.08654353562005276,0.09252418645558487,0.04784520668425682,0.0455584872471416,0.04643799472295514,0.04467897977132806,0.27985927880386985
clang,0.016171006513530997,0.10255813953488373,0.16488372093023257,0.09395348837209302,0.08465116279069768,0.09534883720930233,0.0472093023255814,0.046511627906976744,0.04744186046511628,0.04488372093023256,0.2725581395348837
clang,0.015933515989121533,0.10363790186125212,0.16539763113367173,0.09517766497461928,0.08354483925549916,0.09496615905245347,0.046531302876480544,0.0461082910321489,0.047377326565143825,0.04420473773265651,0.27305414551607443
clang,0.01610726108693849,0.1022940074906367,0.16432584269662923,0.09433520599250936,0.0847378277153558,0.09550561797752809,0.0475187265917603,0.046348314606741575,0.047050561797752806,0.044709737827715354,0.2731741573033708
clang,0.016356546357792774,0.10320052253429131,0.17287176137600696,0.09470934030045722,0.08404093185281951,0.09274983670803397,0.045721750489875895,0.04615719573263662,0.046374918354016983,0.044197692140213365,0.26997605051164814
clang,0.029948525970987367,0.1015625,0.4453125,0.0625,0.046875,0.0390625,0.0234375,0.09375,0.03125,0.0234375,0.1328125
clang,0.016973703426631577,0.10307287093942054,0.15803336259877085,0.09956101843722563,0.08814749780509219,0.09043020193151888,0.04863915715539947,0.04266900790166813,0.04512730465320457,0.05179982440737489,0.27251975417032487
clang,0.01615094621328058,0.10330483013635314,0.1640859718049457,0.09382944303212387,0.08389184192281027,0.09544719204991911,0.048301363531315,0.04622140050843541,0.04760804252368847,0.04460365149064017,0.2727062629997689
clang,0.01651741806675483,0.10214094558429973,0.1674843889384478,0.09500446030330062,0.08586083853702052,0.0947814451382694,0.04683318465655665,0.045495093666369314,0.045495093666369314,0.04594112399643176,0.2709634255129349
clang,0.016973703426631577,0.10307287093942054,0.15803336259877085,0.09956101843722563,0.08814749780509219,0.09043020193151888,0.04863915715539947,0.04266900790166813,0.04512730465320457,0.05179982440737489,0.27251975417032487
clang,0.015933515989121533,0.10363790186125212,0.16539763113367173,0.09517766497461928,0.08354483925549916,0.09496615905245347,0.046531302876480544,0.0461082910321489,0.047377326565143825,0.04420473773265651,0.27305414551607443
clang,0.01738294830428363,0.1049438202247191,0.16696629213483147,0.09235955056179776,0.08292134831460674,0.09685393258426966,0.04719101123595506,0.045168539325842694,0.04404494382022472,0.04651685393258427,0.27303370786516856
clang,0.017732120451693853,0.10596143640544843,0.15761542543782062,0.09711657526976826,0.08597205023881126,0.093224836370069,0.05006191402794976,0.04422430567840085,0.04369361401026004,0.04829294180081373,0.27383690076065803
clang,0.01692419130859336,0.10475289666587846,0.16457791440056752,0.092456845589974,0.08181603215890282,0.09671317096240246,0.04776542917947505,0.04634665405533223,0.04563726649326082,0.04563726649326082,0.27429652400094584
clang,0.016957823259754846,0.10464294131510724,0.16592033938251238,0.0923874617016262,0.08225312279047843,0.09662974310629271,0.04760782465236861,0.04642941315107235,0.04548668395003535,0.04548668395003535,0.27315578600047136
clang,0.016697839291757957,0.10561126520162151,0.16492425858758267,0.09344996799658631,0.08214209515681672,0.09494346063580116,0.046511627906976744,0.04629827181566034,0.04629827181566034,0.0452314913590783,0.2745892895242159
clang,0.016939212721564186,0.1048045219029675,0.1653320772491757,0.09302873292510598,0.0814884597268017,0.0970325011775789,0.047338671691003295,0.046396608572774375,0.045690061234102686,0.045219029674988226,0.2736693358455016
clang,0.016984919450306245,0.10536130536130536,0.16526806526806526,0.09137529137529138,0.08088578088578088,0.0972027972027972,0.047785547785547784,0.046153846153846156,0.04638694638694639,0.04568764568764569,0.2738927738927739
clang,0.016697839291757957,0.10561126520162151,0.16492425858758267,0.09344996799658631,0.08214209515681672,0.09494346063580116,0.046511627906976744,0.04629827181566034,0.04629827181566034,0.0452314913590783,0.2745892895242159
clang,0.017366910788470597,0.10269508543244671,0.15976748282543596,0.09230227232693324,0.08596089483882333,0.0954729610709882,0.048441078034172975,0.0468557336621455,0.04491809054077858,0.05090716927954906,0.27267923198872646
clang,0.017251017987595284,0.10838624917889206,0.1736369608057806,0.09108824173417998,0.0812349463542807,0.09481059776658637,0.046419969345303264,0.046419969345303264,0.04510619662798336,0.04444931026932341,0.26844755857236696
clang,0.01672711958407602,0.10443262411347518,0.15673758865248227,0.09556737588652482,0.08457446808510638,0.09343971631205673,0.04734042553191489,0.04680851063829787,0.045035460992907804,0.04539007092198582,0.2806737588652482
clang,0.01738301620722118,0.1049438202247191,0.16696629213483147,0.09235955056179776,0.08292134831460674,0.09685393258426966,0.04719101123595506,0.045168539325842694,0.04404494382022472,0.04651685393258427,0.27303370786516856
clang,0.017732120451693853,0.10596143640544843,0.15761542543782062,0.09711657526976826,0.08597205023881126,0.093224836370069,0.05006191402794976,0.04422430567840085,0.04369361401026004,0.04829294180081373,0.27383690076065803
clang,0.02999754118514876,0.09016393442622951,0.4426229508196721,0.06557377049180328,0.06557377049180328,0.040983606557377046,0.02459016393442623,0.07377049180327869,0.01639344262295082,0.040983606557377046,0.13934426229508196
clang,0.016950032550133196,0.10438265786993403,0.16517436380772857,0.09260131950989632,0.08176248821866164,0.09660697455230914,0.04759660697455231,0.04641847313854854,0.04594721960414703,0.04571159283694628,0.27379830348727613
clang,0.012999365884590995,0.11382113821138211,0.15299334811529933,0.09830007390983,0.09534368070953436,0.0835181079083518,0.051736881005173686,0.05025868440502587,0.0450849963045085,0.03695491500369549,0.2719881744271988
clang,0.0007672269207436749,0.37790697674418605,0.622093023255814,0.0,0.0,0.0,0.0,0.0,0.0,0.0,0.0
clang,0.0006453671601335193,0.3888888888888889,0.6111111111111112,0.0,0.0,0.0,0.0,0.0,0.0,0.0,0.0
clang,0.008512902367650971,0.1875,0.8125,0.0,0.0,0.0,0.0,0.0,0.0,0.0,0.0
clang,0.0007391802491037439,0.3875,0.6125,0.0,0.0,0.0,0.0,0.0,0.0,0.0,0.0
clang,0.0007266858876656867,0.38311688311688313,0.6168831168831169,0.0,0.0,0.0,0.0,0.0,0.0,0.0,0.0
clang,0.000701632933714398,0.38666666666666666,0.6133333333333333,0.0,0.0,0.0,0.0,0.0,0.0,0.0,0.0
clang,0.0007143972332483311,0.3841059602649007,0.6158940397350994,0.0,0.0,0.0,0.0,0.0,0.0,0.0,0.0
clang,0.0007391836640410247,0.3875,0.6125,0.0,0.0,0.0,0.0,0.0,0.0,0.0,0.0
clang,0.0006864376214354691,0.288135593220339,0.711864406779661,0.0,0.0,0.0,0.0,0.0,0.0,0.0,0.0
clang,0.0007081985788815184,0.3933333333333333,0.6066666666666667,0.0,0.0,0.0,0.0,0.0,0.0,0.0,0.0
clang,0.0006159834960161541,0.38461538461538464,0.6153846153846154,0.0,0.0,0.0,0.0,0.0,0.0,0.0,0.0
clang,0.0006925987892038034,0.3855421686746988,0.6144578313253012,0.0,0.0,0.0,0.0,0.0,0.0,0.0,0.0
clang,0.0006159834960161541,0.38461538461538464,0.6153846153846154,0.0,0.0,0.0,0.0,0.0,0.0,0.0,0.0
clang,0.0007227174174897615,0.3790849673202614,0.6209150326797386,0.0,0.0,0.0,0.0,0.0,0.0,0.0,0.0
clang,0.0006062749456878694,0.3869047619047619,0.6130952380952381,0.0,0.0,0.0,0.0,0.0,0.0,0.0,0.0
clang,0.0006925987892038034,0.3855421686746988,0.6144578313253012,0.0,0.0,0.0,0.0,0.0,0.0,0.0,0.0
clang,0.008807728310467016,0.09400210452472817,0.20203437390389337,0.09575587513153279,0.08312872676253946,0.10417397404419503,0.04594878989828131,0.03402314977200982,0.04840406874780779,0.049456331111890565,0.2430726061031217
clang,0.008743994808679103,0.09198628001247272,0.20268163392578734,0.09229809791082008,0.08387901465544122,0.10788899282818834,0.045213595260367945,0.03928905519176801,0.04614904895541004,0.04801995634549423,0.24259432491425006
clang,0.00885483574967884,0.09326424870466321,0.20241796200345424,0.09602763385146805,0.08290155440414508,0.10397236614853195,0.044905008635578586,0.03454231433506045,0.04870466321243523,0.05043177892918826,0.24283246977547496
clang,0.02073775004587998,0.12389380530973451,0.5309734513274337,0.017699115044247787,0.05309734513274336,0.05309734513274336,0.02654867256637168,0.017699115044247787,0.008849557522123894,0.035398230088495575,0.13274336283185842
clang,0.008738791936122632,0.09389416553595659,0.19701492537313434,0.09687924016282225,0.08466757123473541,0.10583446404341927,0.045047489823609226,0.0350067842605156,0.043147896879240165,0.050746268656716415,0.24776119402985075
clang,0.008738791936122632,0.09389416553595659,0.19701492537313434,0.09687924016282225,0.08466757123473541,0.10583446404341927,0.045047489823609226,0.0350067842605156,0.043147896879240165,0.050746268656716415,0.24776119402985075
clang,0.00880211625348222,0.09441489361702128,0.21409574468085107,0.09441489361702128,0.08211436170212766,0.10106382978723404,0.04454787234042553,0.0339095744680851,0.047539893617021274,0.0495345744680851,0.23836436170212766
clang,0.005207772923884741,0.11019283746556474,0.23140495867768596,0.06060606060606061,0.07300275482093664,0.09917355371900827,0.03856749311294766,0.03443526170798898,0.046831955922865015,0.05509641873278237,0.25068870523415976
clang,0.008810954561356256,0.09416725228390724,0.20133520730850316,0.09557273366127898,0.08327477160927618,0.10470836261419536,0.04567814476458187,0.03408292340126493,0.04813773717498243,0.050245959241040056,0.24279690794096978
clang,0.008743994808679103,0.09198628001247272,0.20268163392578734,0.09229809791082008,0.08387901465544122,0.10788899282818834,0.045213595260367945,0.03928905519176801,0.04614904895541004,0.04801995634549423,0.24259432491425006
clang,0.008961028749085146,0.09348633142085724,0.20350995612554842,0.09584880188997638,0.08268646641916975,0.10428619642254472,0.044886938913263584,0.03509956125548431,0.04792440094498819,0.05062436719541006,0.24164697941275734
clang,0.008292087013190258,0.09690140845070423,0.19183098591549297,0.09436619718309859,0.08366197183098592,0.10704225352112676,0.045352112676056336,0.03549295774647887,0.04676056338028169,0.04873239436619718,0.24985915492957747
clang,0.00883432625516031,0.09408884225253585,0.20426722630290312,0.09513816019587268,0.08254634487583071,0.10423224903812522,0.04547044421126268,0.03427771948233648,0.048268625393494226,0.04931794333683106,0.24239244491080797
clang,0.008842458610752875,0.09385903698534542,0.2027215631542219,0.09560362875087229,0.08269364968597348,0.104675505931612,0.045359385903698535,0.03384508025122122,0.04884856943475227,0.04954640614096301,0.24284717376133985
clang,0.008961001648243637,0.09348633142085724,0.20350995612554842,0.09584880188997638,0.08268646641916975,0.10428619642254472,0.044886938913263584,0.03509956125548431,0.04792440094498819,0.05062436719541006,0.24164697941275734
clang,0.009081069053672872,0.09928534966819806,0.19729453802960695,0.09264931087289434,0.0816743236345074,0.10362429811128127,0.04466564573762124,0.03905053598774885,0.04543134252169474,0.04772843287391526,0.24859622256253192
clang,0.03380423814328961,0.08955223880597014,0.44776119402985076,0.05970149253731343,0.03731343283582089,0.06716417910447761,0.04477611940298507,0.03731343283582089,0.03731343283582089,0.014925373134328358,0.16417910447761194
clang,0.022744329048345318,0.09437644136952279,0.16711016498137307,0.10111761575306014,0.08160368990597835,0.09419904204364024,0.04310803618946248,0.04825261664005677,0.04204364023416711,0.045946425403583464,0.28224232747915556
clang,0.023355806581238557,0.0930988338749761,0.16937488051997707,0.10303957178359778,0.08239342381953738,0.09443701013190595,0.04224813611164213,0.05008602561651692,0.041292295928120816,0.046071496845727394,0.27795832536799847
clang,0.02301202673012712,0.092695514092894,0.166335847558555,0.10301707026597856,0.08197697499007543,0.09468042874156411,0.04346963080587535,0.050615323541087734,0.04168320762207225,0.045653036919412464,0.27987296546248513
clang,0.02209103630622965,0.09263090880152794,0.16250198949546396,0.10218048702848957,0.08387712876014643,0.0924717491644119,0.04392805984402356,0.049498647143084516,0.04392805984402356,0.04615629476364794,0.2828266751551807
clang,0.023355702300744293,0.0930988338749761,0.16937488051997707,0.10303957178359778,0.08239342381953738,0.09443701013190595,0.04224813611164213,0.05008602561651692,0.041292295928120816,0.046071496845727394,0.27795832536799847
clang,0.022744329048345318,0.09437644136952279,0.16711016498137307,0.10111761575306014,0.08160368990597835,0.09419904204364024,0.04310803618946248,0.04825261664005677,0.04204364023416711,0.045946425403583464,0.28224232747915556
clang,0.023388879144009823,0.09104544772761362,0.15884205789710515,0.10019499025048748,0.08714564271786411,0.09479526023698816,0.0439478026098695,0.05069746512674366,0.0455977201139943,0.04919754012299385,0.27853607319634016
clang,0.022987246051207583,0.09237187127532777,0.16626936829559,0.1030989272943981,0.08204211362733413,0.09435836313071116,0.04330552244735797,0.05085419149781486,0.04191497814858959,0.04608661104489471,0.27969805323798175
clang,0.017353014287236183,0.10709413369713507,0.15279672578444747,0.0941336971350614,0.12892223738062755,0.07708049113233288,0.040927694406548434,0.0504774897680764,0.04911323328785812,0.038881309686221006,0.2605729877216917
clang,0.022965044438138998,0.0926664009565564,0.16520526106018335,0.10342766042247907,0.08190514149063371,0.09465922678357912,0.04304503786369071,0.05101634117178159,0.04184934236747708,0.04583499402152252,0.28039059386209647
clang,0.023388879144009823,0.09104544772761362,0.15884205789710515,0.10019499025048748,0.08714564271786411,0.09479526023698816,0.0439478026098695,0.05069746512674366,0.0455977201139943,0.04919754012299385,0.27853607319634016
clang,0.02311868214152003,0.09476683160893687,0.16194331983805668,0.1007647323436797,0.08442045284150547,0.09371719898035688,0.04648373069425701,0.05113210376368271,0.04363472784525416,0.04513420302893987,0.27800269905533065
clang,0.02300773707510525,0.09198113207547169,0.16647012578616352,0.10318396226415094,0.08254716981132075,0.09492924528301887,0.04323899371069182,0.05051100628930818,0.041666666666666664,0.045990566037735846,0.2794811320754717
clang,0.02325681498284686,0.09420692208032574,0.1761984082916898,0.10198038126966501,0.08180640384971312,0.09198593374051453,0.0416435313714603,0.04997223764575236,0.04182861373311123,0.04478993151952619,0.2755876364982417
clang,0.02300439917492653,0.09244197579845269,0.16584011108906963,0.10374925609998016,0.08192818885141837,0.09442570918468558,0.04284864114263043,0.0505852013489387,0.04205514778813727,0.04582424122197976,0.2803015274747074
