label,prologue_stp,epilogue_ldp
gcc,0.449438202247191,0.6404494382022472
clang,0.07526881720430108,0.08602150537634409
gcc,0.7129629629629629,0.6759259259259259
gcc,0.44666666666666666,0.7
gcc,0.7790697674418605,0.7674418604651163
clang,0.04128440366972477,0.05963302752293578
gcc,0.43373493975903615,0.6265060240963856
gcc,0.6635514018691588,0.6448598130841121
gcc,0.46601941747572817,0.7378640776699029
gcc,0.44047619047619047,0.6547619047619048
clang,0.07951482479784366,0.07547169811320754
clang,0.02912621359223301,0.02912621359223301
gcc,0.5,0.5
clang,0.06097560975609756,0.07317073170731707
clang,0.05102040816326531,0.061224489795918366
gcc,0.7246376811594203,0.7536231884057971
clang,0.072992700729927,0.072992700729927
clang,0.015873015873015872,0.015873015873015872
gcc,0.6859504132231405,0.6694214876033058
gcc,0.8692579505300353,0.833922261484099
clang,0.18095238095238095,0.1523809523809524
clang,0.07142857142857142,0.07142857142857142
gcc,0.35714285714285715,0.36904761904761907
gcc,0.7105263157894737,0.7039473684210527
gcc,0.36585365853658536,0.32926829268292684
clang,0.015337423312883436,0.015337423312883436
clang,0.009433962264150943,0.009433962264150943
gcc,0.7391304347826086,0.8152173913043478
gcc,0.38095238095238093,0.5714285714285714
gcc,0.8316326530612245,0.8316326530612245
gcc,0.4166666666666667,0.3333333333333333
clang,0.0625,0.041666666666666664
gcc,0.6846846846846847,0.7207207207207207
gcc,0.49193548387096775,0.7661290322580645
clang,0.04824561403508772,0.05701754385964912
clang,0.024390243902439025,0.024390243902439025
clang,0.03275529865125241,0.025048169556840076
clang,0.1,0.1
clang,0.013888888888888888,0.013888888888888888
gcc,0.44047619047619047,0.6666666666666666
clang,0.10526315789473684,0.05263157894736842
gcc,0.4880952380952381,0.7619047619047619
clang,0.2,0.2
gcc,0.7034883720930233,0.7965116279069767
gcc,0.6608695652173913,0.6521739130434783
clang,0.05570291777188329,0.05305039787798409
clang,0.05128205128205128,0.04487179487179487
gcc,0.8645833333333334,0.8333333333333334
gcc,0.8088235294117647,0.8088235294117647
gcc,0.4864864864864865,0.8108108108108109
gcc,0.5691699604743083,0.8656126482213439
clang,0.05952380952380952,0.07142857142857142
gcc,0.6696428571428571,0.6607142857142857
gcc,0.38571428571428573,0.42857142857142855
clang,0.03597122302158273,0.02877697841726619
clang,0.0016926201760324984,0.0016926201760324984
gcc,0.3761467889908257,0.44036697247706424
clang,0.05081495685522531,0.059443911792905084
clang,0.009345794392523364,0.009345794392523364
gcc,0.6,0.5333333333333333
gcc,0.7075471698113207,0.8773584905660378
gcc,0.7094972067039106,0.7039106145251397
gcc,0.42105263157894735,0.5701754385964912
clang,0.11538461538461539,0.07692307692307693
gcc,0.6690647482014388,0.7913669064748201
clang,0.125,0.125
gcc,0.42168674698795183,0.43373493975903615
gcc,0.7008196721311475,0.75
gcc,0.7272727272727273,0.7045454545454546
clang,0.05303030303030303,0.045454545454545456
gcc,0.4838709677419355,0.9032258064516129
clang,0.05625,0.03125
gcc,0.6568627450980392,0.6274509803921569
gcc,0.7272727272727273,0.7159090909090909
gcc,0.6678082191780822,0.7842465753424658
clang,0.011363636363636364,0.045454545454545456
clang,0.058823529411764705,0.06722689075630252
clang,0.045454545454545456,0.049586776859504134
gcc,0.425531914893617,0.648936170212766
clang,0.0448318804483188,0.049813200498132
clang,0.07158351409978309,0.09327548806941431
clang,0.03508771929824561,0.07017543859649122
clang,0.05405405405405406,0.05405405405405406
gcc,0.722488038277512,0.7990430622009569
gcc,0.6382978723404256,0.6170212765957447
clang,0.05660377358490566,0.031446540880503145
gcc,0.5789473684210527,0.6842105263157895
clang,0.03138373751783167,0.04992867332382311
gcc,0.7391304347826086,0.782608695652174
gcc,0.7396694214876033,0.7975206611570248
gcc,0.6619718309859155,0.676056338028169
gcc,0.867579908675799,0.8660578386605784
gcc,0.56125,0.57625
gcc,0.7094972067039106,0.7374301675977654
clang,0.05102040816326531,0.061224489795918366
gcc,0.3673469387755102,0.5714285714285714
clang,0.0221606648199446,0.06925207756232687
gcc,0.26498422712933756,0.26813880126182965
clang,0.021505376344086023,0.021505376344086023
clang,0.014184397163120567,0.014184397163120567
gcc,0.4444444444444444,0.5555555555555556
gcc,0.6071428571428571,0.6785714285714286
gcc,0.8277310924369747,0.8235294117647058
clang,0.06007067137809187,0.08480565371024736
gcc,0.5614754098360656,1.098360655737705
gcc,0.3902439024390244,1.0121951219512195
clang,0.056818181818181816,0.06818181818181818
gcc,0.7619047619047619,0.7777777777777778
gcc,0.7445255474452555,0.7299270072992701
gcc,0.3783783783783784,0.527027027027027
gcc,0.6933333333333334,0.7733333333333333
clang,0.026845637583892617,0.020134228187919462
clang,0.04201680672268908,0.1092436974789916
gcc,0.7083333333333334,0.7127192982456141
clang,0.06944444444444445,0.041666666666666664
clang,0.040268456375838924,0.053691275167785234
clang,0.05102040816326531,0.061224489795918366
clang,0.014134275618374558,0.014134275618374558
gcc,0.5602094240837696,0.8795811518324608
gcc,0.6575342465753424,0.8835616438356164
clang,0.05813953488372093,0.06976744186046512
gcc,0.5,0.6226415094339622
gcc,0.2857142857142857,1.1428571428571428
clang,0.08791208791208792,0.10989010989010989
gcc,0.6936416184971098,0.7244701348747592
clang,0.05128205128205128,0.08974358974358974
gcc,0.7441860465116279,0.7209302325581395
clang,0.04524886877828054,0.07692307692307693
clang,0.13043478260869565,0.08695652173913043
gcc,0.7738095238095238,0.7619047619047619
clang,0.048672566371681415,0.05752212389380531
clang,0.029197080291970802,0.0948905109489051
gcc,0.4148936170212766,0.4787234042553192
gcc,0.5033112582781457,1.0927152317880795
clang,0.048582995951417005,0.05668016194331984
gcc,0.6635416666666667,0.796875
clang,0.01652892561983471,0.01652892561983471
clang,0.0636042402826855,0.08480565371024736
gcc,0.5185185185185185,1.1358024691358024
gcc,0.4941860465116279,0.7718023255813954
gcc,0.422680412371134,0.9484536082474226
clang,0.06535947712418301,0.06535947712418301
clang,0.017543859649122806,0.017543859649122806
clang,0.10810810810810811,0.10810810810810811
gcc,0.35802469135802467,0.8641975308641975
gcc,0.6862745098039216,0.6862745098039216
gcc,0.6086956521739131,0.6086956521739131
gcc,0.6666666666666666,0.6571428571428571
clang,0.08860759493670886,0.0379746835443038
gcc,0.3684210526315789,0.8526315789473684
gcc,0.6377952755905512,0.8385826771653543
clang,0.05,0.027777777777777776
gcc,0.7230769230769231,0.8700854700854701
clang,0.047619047619047616,0.05714285714285714
gcc,0.4044943820224719,0.5730337078651685
clang,0.03151862464183381,0.05300859598853868
gcc,0.6363636363636364,0.6666666666666666
gcc,0.7159090909090909,0.7727272727272727
gcc,0.6796116504854369,0.7799352750809061
gcc,0.37209302325581395,0.5813953488372093
clang,0.059322033898305086,0.05084745762711865
clang,0.05660377358490566,0.031446540880503145
gcc,0.8349514563106796,0.7864077669902912
gcc,0.7697368421052632,0.7697368421052632
gcc,0.6904315196998124,1.0331457160725452
gcc,0.7407407407407407,0.5555555555555556
clang,0.04227212681638045,0.03830911492734478
clang,0.040697674418604654,0.040697674418604654
clang,0.01904761904761905,0.01904761904761905
clang,0.06153846153846154,0.12307692307692308
gcc,0.8235294117647058,0.8382352941176471
clang,0.011494252873563218,0.011494252873563218
gcc,0.7272727272727273,0.8181818181818182
clang,0.047244094488188976,0.05511811023622047
gcc,0.6166666666666667,0.9333333333333333
gcc,0.857389801210026,0.8478824546240277
clang,0.015384615384615385,0.035897435897435895
gcc,0.4883720930232558,0.6976744186046512
gcc,0.7685185185185185,0.7592592592592593
clang,0.05,0.0875
clang,0.0625,0.0625
clang,0.05129434324065196,0.06471716203259828
clang,0.0210727969348659,0.0210727969348659
gcc,0.7589285714285714,0.7678571428571429
gcc,0.7027027027027027,0.8828828828828829
gcc,0.5625,0.725
gcc,0.6333333333333333,0.7
clang,0.1796875,0.171875
clang,0.0423728813559322,0.03389830508474576
gcc,0.7357142857142858,1.0285714285714285
gcc,0.4659090909090909,1.0
gcc,0.700770847932726,1.0861948142957254
gcc,0.65,0.65
clang,0.04411764705882353,0.0661764705882353
gcc,0.5882352941176471,0.8392156862745098
gcc,0.38095238095238093,0.5833333333333334
gcc,0.6636363636363637,0.6545454545454545
gcc,0.6451612903225806,1.075268817204301
gcc,0.6764705882352942,0.9705882352941176
gcc,0.656934306569343,0.6496350364963503
gcc,0.7107438016528925,0.7024793388429752
clang,0.05223880597014925,0.03731343283582089
gcc,0.6818181818181818,0.6363636363636364
clang,0.04891304347826087,0.02717391304347826
clang,0.011094674556213017,0.017011834319526627
gcc,0.8106508875739645,0.8069526627218935
clang,0.018018018018018018,0.018018018018018018
clang,0.125,0.08333333333333333
gcc,0.6788321167883211,0.583941605839416
gcc,0.6546961325966851,0.6464088397790055
gcc,0.6716417910447762,0.9402985074626866
clang,0.047058823529411764,0.06274509803921569
gcc,0.4,0.4
clang,0.009216589861751152,0.009216589861751152
clang,0.010330578512396695,0.010330578512396695
gcc,0.3793103448275862,0.4367816091954023
clang,0.05154639175257732,0.061855670103092786
clang,0.14285714285714285,0.14285714285714285
clang,0.125,0.125
clang,0.005747126436781609,0.005747126436781609
gcc,0.7307692307692307,0.7596153846153846
clang,0.05434782608695652,0.06521739130434782
gcc,0.4318181818181818,0.45454545454545453
clang,0.056962025316455694,0.056962025316455694
clang,0.015037593984962405,0.015037593984962405
clang,0.06172839506172839,0.07407407407407407
clang,0.007920792079207921,0.009900990099009901
clang,0.23076923076923078,0.23076923076923078
clang,0.022222222222222223,0.022222222222222223
gcc,0.635593220338983,0.961864406779661
gcc,0.6833333333333333,0.7638888888888888
gcc,0.6666666666666666,1.0
gcc,0.6862745098039216,0.803921568627451
gcc,0.5774778966961377,1.0614239181014424
clang,0.15,0.125
gcc,0.6634615384615384,0.7019230769230769
clang,0.21621621621621623,0.16216216216216217
gcc,0.7702702702702703,0.7567567567567568
clang,0.058823529411764705,0.07058823529411765
gcc,0.3968253968253968,0.4603174603174603
clang,0.10612244897959183,0.10612244897959183
gcc,0.34285714285714286,0.8285714285714286
gcc,0.6530612244897959,0.673469387755102
clang,0.05434782608695652,0.06521739130434782
clang,0.015748031496062992,0.015748031496062992
clang,0.03546099290780142,0.07092198581560284
gcc,0.6727272727272727,0.6545454545454545
clang,0.044444444444444446,0.1
gcc,0.5074626865671642,0.9776119402985075
clang,0.05223880597014925,0.03731343283582089
clang,0.058823529411764705,0.07058823529411765
gcc,0.7995867768595041,0.7913223140495868
clang,0.05303030303030303,0.15151515151515152
clang,0.018691588785046728,0.018691588785046728
gcc,0.6265560165975104,0.8547717842323651
gcc,0.489247311827957,0.8870967741935484
clang,0.06818181818181818,0.07954545454545454
clang,0.05813953488372093,0.06976744186046512
gcc,0.6458333333333334,0.9375
clang,0.048484848484848485,0.04242424242424243
clang,0.015312131919905771,0.030231645072634473
clang,0.06944444444444445,0.041666666666666664
gcc,0.6688311688311688,0.75
gcc,0.8088235294117647,0.8235294117647058
clang,0.07352941176470588,0.04411764705882353
gcc,0.3978494623655914,0.5913978494623656
clang,0.0028420625253755584,0.0028420625253755584
clang,0.05555555555555555,0.030864197530864196
clang,0.043478260869565216,0.028985507246376812
gcc,0.4908256880733945,0.9036697247706422
clang,0.03146853146853147,0.06993006993006994
gcc,0.7096774193548387,0.7096774193548387
gcc,0.625,0.8875
clang,0.14634146341463414,0.12195121951219512
gcc,0.7848101265822784,0.759493670886076
clang,0.015037593984962405,0.015037593984962405
clang,0.031413612565445025,0.03664921465968586
clang,0.3,0.2
gcc,0.6470588235294118,0.9117647058823529
clang,0.23076923076923078,0.23076923076923078
clang,0.07526881720430108,0.08602150537634409
gcc,0.7281553398058253,0.7572815533980582
gcc,0.35789473684210527,0.5894736842105263
gcc,0.723404255319149,0.7021276595744681
clang,0.1111111111111111,0.08888888888888889
gcc,0.6941747572815534,0.6893203883495146
gcc,0.6530612244897959,0.6326530612244898
gcc,0.6513761467889908,0.6330275229357798
gcc,0.5474452554744526,0.8613138686131386
clang,0.05660377358490566,0.03773584905660377
clang,0.09090909090909091,0.18181818181818182
gcc,0.5892857142857143,0.9583333333333334
gcc,0.4857142857142857,1.0666666666666667
clang,0.08024691358024691,0.037037037037037035
clang,0.024390243902439025,0.024390243902439025
clang,0.03466204506065858,0.04852686308492201
clang,0.06818181818181818,0.07954545454545454
clang,0.10810810810810811,0.08108108108108109
clang,0.25,0.25
gcc,0.40594059405940597,0.8811881188118812
gcc,0.7894736842105263,0.7781954887218046
gcc,0.38636363636363635,0.5795454545454546
clang,0.09473684210526316,0.031578947368421054
gcc,0.4970414201183432,0.7337278106508875
gcc,0.636144578313253,0.763855421686747
clang,0.058823529411764705,0.07058823529411765
gcc,0.46017699115044247,0.9380530973451328
gcc,0.6612903225806451,0.6451612903225806
gcc,0.4186851211072664,0.5484429065743944
clang,0.049586776859504134,0.04132231404958678
gcc,0.3972602739726027,0.4931506849315068
gcc,0.7336956521739131,0.7880434782608695
gcc,0.6785714285714286,0.6377551020408163
gcc,0.49193548387096775,1.0564516129032258
gcc,0.41379310344827586,0.4942528735632184
gcc,0.6071428571428571,0.6785714285714286
clang,0.029411764705882353,0.029411764705882353
clang,0.0488997555012225,0.061124694376528114
clang,0.041025641025641026,0.041025641025641026
clang,0.07017543859649122,0.02631578947368421
gcc,0.6695652173913044,0.6521739130434783
gcc,0.5598404255319149,1.0997340425531914
gcc,0.44333333333333336,0.6366666666666667
gcc,0.7195121951219512,0.7560975609756098
clang,0.15,0.125
gcc,0.7378640776699029,0.7766990291262136
gcc,0.7105263157894737,0.6973684210526315
clang,0.017857142857142856,0.017857142857142856
clang,0.0547945205479452,0.045662100456621
gcc,0.3902439024390244,0.45121951219512196
gcc,0.5692307692307692,0.9923076923076923
gcc,0.577639751552795,0.9192546583850931
clang,0.02197802197802198,0.02197802197802198
clang,0.055900621118012424,0.031055900621118012
gcc,0.7062937062937062,1.1048951048951048
clang,0.057692307692307696,0.0673076923076923
gcc,0.4642857142857143,0.7857142857142857
clang,0.01652892561983471,0.01652892561983471
clang,0.01752021563342318,0.0215633423180593
gcc,0.5266903914590747,0.9145907473309609
gcc,0.35555555555555557,0.5666666666666667
gcc,0.45454545454545453,0.5252525252525253
gcc,0.46545454545454545,0.7563636363636363
gcc,0.7872340425531915,0.8085106382978723
gcc,0.55,0.9686746987951808
gcc,0.7214611872146118,0.7488584474885844
gcc,0.4329896907216495,0.6597938144329897
gcc,0.7553191489361702,0.74822695035461
clang,0.13333333333333333,0.13333333333333333
clang,0.03896103896103896,0.03896103896103896
gcc,0.65,0.5
gcc,0.5344827586206896,0.7586206896551724
gcc,0.5714285714285714,0.6428571428571429
gcc,0.7153846153846154,0.8076923076923077
gcc,0.45255474452554745,0.7153284671532847
gcc,0.7368421052631579,0.6947368421052632
gcc,0.7291666666666666,0.7916666666666666
gcc,0.7101449275362319,0.7391304347826086
gcc,0.7333333333333333,0.780952380952381
clang,0.015384615384615385,0.015384615384615385
gcc,0.5786516853932584,1.0393258426966292
gcc,0.36486486486486486,0.3783783783783784
gcc,0.6891891891891891,1.0
clang,0.02158273381294964,0.02158273381294964
clang,0.016304347826086956,0.005434782608695652
clang,0.05357142857142857,0.05357142857142857
clang,0.045871559633027525,0.05504587155963303
gcc,0.6538461538461539,0.6923076923076923
clang,0.0684931506849315,0.0821917808219178
clang,0.07246376811594203,0.043478260869565216
gcc,0.46153846153846156,0.38461538461538464
clang,0.06382978723404255,0.07446808510638298
gcc,0.8119266055045872,0.8027522935779816
gcc,0.6470588235294118,0.6417112299465241
clang,0.024390243902439025,0.024390243902439025
gcc,0.7018348623853211,0.8165137614678899
clang,0.015267175572519083,0.015267175572519083
gcc,0.3469387755102041,0.5612244897959183
clang,0.06097560975609756,0.07317073170731707
clang,0.03723404255319149,0.05585106382978723
gcc,0.6114649681528662,1.0955414012738853
gcc,0.4,0.3
gcc,0.35135135135135137,0.5135135135135135
gcc,0.7162162162162162,0.7027027027027027
gcc,0.5615696887686062,1.0635994587280109
gcc,0.6578947368421053,0.7894736842105263
gcc,0.541501976284585,1.0671936758893281
clang,0.1,0.10666666666666667
gcc,0.7419354838709677,0.7634408602150538
clang,0.04054054054054054,0.030405405405405407
gcc,0.7142857142857143,0.8095238095238095
gcc,0.5164835164835165,0.7362637362637363
gcc,0.6304347826086957,0.8768115942028986
gcc,0.4788732394366197,0.9295774647887324
clang,0.0210727969348659,0.019157088122605363
clang,0.01818181818181818,0.01818181818181818
clang,0.08695652173913043,0.09782608695652174
gcc,0.640625,0.6302083333333334
gcc,0.4431818181818182,0.48863636363636365
clang,0.06854838709677419,0.06451612903225806
clang,0.058333333333333334,0.041666666666666664
gcc,0.7002801120448179,1.0861344537815125
gcc,0.5766129032258065,0.9637096774193549
clang,0.026859504132231406,0.024793388429752067
gcc,0.3958333333333333,0.625
clang,0.04430379746835443,0.0379746835443038
gcc,0.4166666666666667,0.3333333333333333
clang,0.05521472392638037,0.03067484662576687
gcc,0.5632911392405063,0.9556962025316456
clang,0.05405405405405406,0.05405405405405406
clang,0.003465003465003465,0.003465003465003465
clang,0.04516129032258064,0.04516129032258064
clang,0.0033519553072625698,0.0067039106145251395
gcc,0.627906976744186,0.6124031007751938
gcc,0.668,0.676
gcc,0.6538461538461539,0.7307692307692307
gcc,0.39622641509433965,0.4811320754716981
gcc,0.07142857142857142,0.19172932330827067
gcc,0.42168674698795183,0.4457831325301205
clang,0.06293706293706294,0.08741258741258741
gcc,0.6764705882352942,0.9264705882352942
clang,0.06,0.06
gcc,0.6808510638297872,1.0070921985815602
gcc,0.7142857142857143,0.7238095238095238
gcc,0.391304347826087,0.6521739130434783
clang,0.06451612903225806,0.06451612903225806
gcc,0.4666666666666667,0.4666666666666667
gcc,0.3917525773195876,0.8865979381443299
gcc,0.5,0.5
clang,0.015384615384615385,0.015384615384615385
clang,0.012461059190031152,0.012461059190031152
clang,0.05333333333333334,0.03333333333333333
gcc,0.6666666666666666,0.8958333333333334
gcc,0.6382978723404256,0.6170212765957447
gcc,0.6190476190476191,0.7619047619047619
gcc,0.6366421568627451,0.7616421568627451
gcc,0.3695652173913043,0.8695652173913043
clang,0.08860759493670886,0.0379746835443038
gcc,0.6666666666666666,0.6666666666666666
gcc,0.559322033898305,0.7796610169491526
gcc,0.65,0.6333333333333333
clang,0.08458646616541353,0.10902255639097744
gcc,0.39148936170212767,0.8191489361702128
clang,0.05660377358490566,0.03773584905660377
clang,0.03156384505021521,0.05308464849354376
clang,0.02158273381294964,0.02158273381294964
clang,0.057692307692307696,0.0673076923076923
clang,0.046875,0.03125
gcc,0.65,0.6
gcc,0.5259259259259259,0.6666666666666666
clang,0.031496062992125984,0.05368647100930565
gcc,0.6203208556149733,0.8288770053475936
clang,0.02586206896551724,0.02586206896551724
gcc,0.6759581881533101,0.7979094076655052
clang,0.015463917525773196,0.015463917525773196
gcc,0.7207792207792207,0.7142857142857143
clang,0.006993006993006993,0.006993006993006993
gcc,0.7769857433808554,0.7688391038696538
gcc,0.4105263157894737,0.6
clang,0.05128205128205128,0.05128205128205128
clang,0.03785488958990536,0.0694006309148265
gcc,0.6776859504132231,0.8057851239669421
gcc,0.7317073170731707,0.7926829268292683
gcc,0.751937984496124,0.751937984496124
gcc,0.546875,0.96875
clang,0.07446808510638298,0.0851063829787234
gcc,0.7272727272727273,0.7840909090909091
gcc,0.6462882096069869,0.62882096069869
gcc,0.8391089108910891,0.8168316831683168
clang,0.05405405405405406,0.05405405405405406
gcc,0.6,0.5333333333333333
clang,0.05555555555555555,0.1111111111111111
gcc,0.7291666666666666,0.7916666666666666
clang,0.03723404255319149,0.05585106382978723
gcc,0.7591714104996837,0.7610689437065149
clang,0.06557377049180328,0.04918032786885246
clang,0.017045454545454544,0.017045454545454544
clang,0.05813953488372093,0.06976744186046512
clang,0.035398230088495575,0.032448377581120944
clang,0.03674219228413962,0.054500918554807105
gcc,0.3829787234042553,0.9574468085106383
gcc,0.43853820598006643,0.6877076411960132
gcc,0.631578947368421,0.6842105263157895
gcc,0.6410256410256411,0.9935897435897436
clang,0.013422818791946308,0.013422818791946308
gcc,0.7599620493358634,0.7760910815939279
clang,0.06172839506172839,0.04938271604938271
gcc,0.7037037037037037,0.6888888888888889
clang,0.3,0.3
gcc,0.6009852216748769,0.6699507389162561
gcc,0.4318181818181818,0.7045454545454546
gcc,0.57235072619688,1.1086605701990317
clang,0.058823529411764705,0.07058823529411765
clang,0.05384615384615385,0.13076923076923078
gcc,0.7553191489361702,0.7446808510638298
clang,0.056818181818181816,0.06818181818181818
clang,0.05232558139534884,0.040697674418604654
clang,0.06315789473684211,0.07368421052631578
gcc,0.4205607476635514,0.6074766355140186
clang,0.2222222222222222,0.2222222222222222
gcc,0.75,0.75
clang,0.02821316614420063,0.03761755485893417
clang,0.01680672268907563,0.01680672268907563
gcc,0.42696629213483145,0.5168539325842697
gcc,0.4883720930232558,0.7209302325581395
clang,0.10638297872340426,0.0851063829787234
gcc,0.5,0.5
gcc,0.5992779783393501,1.098676293622142
clang,0.02142857142857143,0.02142857142857143
gcc,0.45161290322580644,0.7612903225806451
clang,0.05434782608695652,0.06521739130434782
gcc,0.7049180327868853,0.75
gcc,0.47368421052631576,0.49473684210526314
clang,0.04878048780487805,0.04878048780487805
clang,0.053763440860215055,0.06451612903225806
gcc,0.4460431654676259,1.0719424460431655
clang,0.03754266211604096,0.030716723549488054
clang,0.0023775558725630053,0.0023775558725630053
gcc,0.6352785145888594,0.7122015915119363
gcc,0.42857142857142855,0.4523809523809524
gcc,0.5989304812834224,1.2299465240641712
gcc,0.7238095238095238,0.7238095238095238
gcc,0.7378640776699029,0.7378640776699029
gcc,0.565028901734104,0.5679190751445087
clang,0.026022304832713755,0.02973977695167286
gcc,0.7647058823529411,0.7606019151846786
gcc,0.5813953488372093,0.8
gcc,0.6634304207119741,0.7766990291262136
clang,0.14285714285714285,0.11904761904761904
clang,0.058823529411764705,0.07058823529411765
gcc,0.5388349514563107,0.9563106796116505
clang,0.013513513513513514,0.006756756756756757
clang,0.08163265306122448,0.061224489795918366
gcc,0.4,0.6
gcc,0.7083333333333334,0.7083333333333334
gcc,0.2222222222222222,0.2222222222222222
gcc,0.6071428571428571,1.3035714285714286
gcc,0.375,0.6
gcc,0.5626159554730983,1.073747680890538
gcc,0.7222222222222222,0.7361111111111112
clang,0.03225806451612903,0.03225806451612903
gcc,0.6976744186046512,1.0232558139534884
clang,0.012953367875647668,0.013816925734024179
clang,0.0023775558725630053,0.0023775558725630053
gcc,0.39655172413793105,0.9073275862068966
gcc,0.69,0.68
gcc,0.6065573770491803,0.936768149882904
gcc,0.7619047619047619,0.7523809523809524
clang,0.03981264637002342,0.06416861826697892
gcc,0.6896551724137931,0.7155172413793104
clang,0.05,0.06
gcc,0.6435643564356436,0.6831683168316832
clang,0.05747126436781609,0.06896551724137931
clang,0.05202312138728324,0.06358381502890173
gcc,0.37209302325581395,0.9069767441860465
clang,0.032520325203252036,0.024390243902439025
gcc,0.6373626373626373,0.6153846153846154
clang,0.005747126436781609,0.005747126436781609
gcc,0.5514705882352942,0.6617647058823529
clang,0.05660377358490566,0.031446540880503145
clang,0.0023685457129322598,0.0023685457129322598
clang,0.0313588850174216,0.06968641114982578
gcc,0.5488721804511278,0.6541353383458647
gcc,0.5982658959537572,1.115606936416185
clang,0.10810810810810811,0.08108108108108109
clang,0.012903225806451613,0.021505376344086023
clang,0.024096385542168676,0.020080321285140562
gcc,0.40625,0.5
gcc,0.8391089108910891,0.8168316831683168
clang,0.15,0.125
clang,0.0684931506849315,0.0821917808219178
gcc,0.867579908675799,0.8660578386605784
clang,0.015384615384615385,0.016923076923076923
clang,0.03460207612456748,0.04844290657439446
clang,0.015957446808510637,0.015957446808510637
clang,0.061313868613138686,0.06277372262773723
clang,0.039523809523809524,0.06428571428571428
gcc,0.6451612903225806,0.6451612903225806
gcc,0.6842105263157895,0.6766917293233082
gcc,0.3673469387755102,0.5714285714285714
clang,0.060240963855421686,0.07228915662650602
clang,0.12318840579710146,0.050724637681159424
gcc,0.36904761904761907,0.38095238095238093
clang,0.05952380952380952,0.07142857142857142
clang,0.05319148936170213,0.06382978723404255
clang,0.08888888888888889,0.08888888888888889
gcc,0.7816901408450704,0.7816901408450704
gcc,0.797752808988764,1.2808988764044944
gcc,0.4,0.3
gcc,0.3902439024390244,0.43902439024390244
gcc,0.6071428571428571,1.0357142857142858
gcc,0.5362318840579711,0.7391304347826086
clang,0.026022304832713755,0.10780669144981413
clang,0.08860759493670886,0.0379746835443038
gcc,0.7819548872180451,0.7744360902255639
gcc,0.4810126582278481,0.4810126582278481
gcc,0.6766917293233082,0.8872180451127819
gcc,0.6821192052980133,0.7086092715231788
gcc,0.5787545787545788,0.8095238095238095
clang,0.03724053724053724,0.054945054945054944
clang,0.06097560975609756,0.07317073170731707
clang,0.056338028169014086,0.03755868544600939
gcc,0.7894736842105263,0.7894736842105263
gcc,0.375,0.625
gcc,0.8811188811188811,0.8496503496503497
gcc,0.4642857142857143,0.7321428571428571
clang,0.05952380952380952,0.07142857142857142
gcc,0.8120805369127517,0.7986577181208053
clang,0.05952380952380952,0.07142857142857142
clang,0.03870967741935484,0.05161290322580645
clang,0.052083333333333336,0.0625
clang,0.036231884057971016,0.028985507246376812
gcc,0.375,0.5
gcc,0.6438356164383562,0.9041095890410958
clang,0.050359712230215826,0.04316546762589928
clang,0.10526315789473684,0.05263157894736842
gcc,0.46601941747572817,0.5242718446601942
gcc,0.7333333333333333,0.7238095238095238
gcc,0.656934306569343,0.45255474452554745
clang,0.05135658914728682,0.06815245478036176
clang,0.05319148936170213,0.06382978723404255
clang,0.0049504950495049506,0.0049504950495049506
gcc,0.7233009708737864,0.7961165048543689
gcc,0.7727272727272727,0.7613636363636364
gcc,0.7230769230769231,0.7384615384615385
clang,0.018018018018018018,0.018018018018018018
gcc,0.6893203883495146,0.7135922330097088
gcc,0.8369304556354916,0.8081534772182254
gcc,0.518796992481203,0.7142857142857143
clang,0.0875,0.0375
clang,0.05747126436781609,0.06896551724137931
clang,0.05813953488372093,0.06976744186046512
clang,0.036544850498338874,0.023255813953488372
gcc,0.72,0.76
gcc,0.5056179775280899,0.7415730337078652
gcc,0.7197452229299363,1.2484076433121019
clang,0.05263157894736842,0.039473684210526314
gcc,0.5625,0.8557692307692307
gcc,0.5847619047619048,1.0971428571428572
clang,0.03383458646616541,0.03383458646616541
gcc,0.38095238095238093,0.5714285714285714
gcc,0.7702702702702703,0.7567567567567568
gcc,0.7,0.5
gcc,0.6255060728744939,0.6275303643724697
gcc,0.36363636363636365,0.5454545454545454
gcc,0.3614457831325301,0.3614457831325301
clang,0.04854368932038835,0.02912621359223301
clang,0.018018018018018018,0.018018018018018018
gcc,0.5421052631578948,0.968421052631579
gcc,0.5507859733978234,0.9897218863361548
gcc,0.6417910447761194,0.9303482587064676
gcc,0.6735751295336787,0.6373056994818653
gcc,0.7848837209302325,0.7325581395348837
gcc,0.6859504132231405,0.6694214876033058
gcc,0.5086705202312138,1.0
gcc,0.7349397590361446,0.7108433734939759
clang,0.058823529411764705,0.07058823529411765
clang,0.0392156862745098,0.0457516339869281
gcc,0.6766917293233082,0.7368421052631579
gcc,0.7589285714285714,0.7678571428571429
clang,0.005747126436781609,0.005747126436781609
gcc,0.55,0.55
clang,0.0859375,0.0703125
gcc,0.8140495867768595,0.8057851239669421
clang,0.033123028391167195,0.050473186119873815
gcc,0.3977272727272727,0.9318181818181818
gcc,0.5666666666666667,0.8666666666666667
clang,0.06944444444444445,0.08333333333333333
clang,0.0027472527472527475,0.0027472527472527475
clang,0.056179775280898875,0.06741573033707865
gcc,0.7578947368421053,0.7789473684210526
gcc,0.7405660377358491,0.839622641509434
gcc,0.5714285714285714,0.6428571428571429
gcc,0.6545454545454545,0.6909090909090909
gcc,0.4069767441860465,0.46511627906976744
clang,0.06172839506172839,0.07407407407407407
clang,0.013157894736842105,0.013157894736842105
gcc,0.6855345911949685,0.89937106918239
clang,0.024822695035460994,0.03900709219858156
clang,0.049773755656108594,0.07692307692307693
gcc,0.39664804469273746,0.8715083798882681
gcc,0.6710526315789473,0.7171052631578947
gcc,0.6,0.6071428571428571
gcc,0.6127659574468085,0.6170212765957447
gcc,0.4,0.49411764705882355
gcc,0.49572649572649574,0.5811965811965812
gcc,0.6144578313253012,0.8072289156626506
clang,0.02586206896551724,0.008620689655172414
gcc,0.7291666666666666,0.7291666666666666
clang,0.05223880597014925,0.04477611940298507
gcc,0.7291666666666666,0.7291666666666666
gcc,0.5897435897435898,0.8846153846153846
gcc,0.6984126984126984,0.6825396825396826
clang,0.1,0.1
gcc,0.6545454545454545,0.6363636363636364
gcc,0.4065934065934066,0.8901098901098901
gcc,0.6764705882352942,0.7352941176470589
gcc,0.6170212765957447,0.6808510638297872
gcc,0.3902439024390244,1.024390243902439
gcc,0.4645161290322581,0.7419354838709677
clang,0.03676470588235294,0.022058823529411766
gcc,0.7352941176470589,0.7745098039215687
clang,0.038461538461538464,0.05128205128205128
clang,0.019230769230769232,0.019230769230769232
clang,0.01818181818181818,0.01818181818181818
clang,0.010256410256410256,0.005128205128205128
clang,0.056818181818181816,0.06818181818181818
gcc,0.6486486486486487,0.6486486486486487
clang,0.0213903743315508,0.0213903743315508
gcc,0.538252427184466,1.0419417475728154
gcc,0.7391304347826086,0.782608695652174
clang,0.009216589861751152,0.009216589861751152
gcc,0.73,0.73
gcc,0.7,0.75
gcc,0.603448275862069,0.9942528735632183
clang,0.23076923076923078,0.23076923076923078
gcc,0.6527777777777778,0.625
gcc,0.7682417229186757,0.7643844423015108
gcc,0.6011904761904762,1.1964285714285714
clang,0.05319148936170213,0.06382978723404255
clang,0.09473684210526316,0.031578947368421054
clang,0.03858980466888995,0.06145783706526917
clang,0.00048262548262548264,0.0035392535392535394
clang,0.041666666666666664,0.05416666666666667
clang,0.05405405405405406,0.05405405405405406
gcc,0.6451612903225806,0.6451612903225806
clang,0.07352941176470588,0.04411764705882353
clang,0.05319148936170213,0.2127659574468085
gcc,0.6861924686192469,0.698744769874477
clang,0.046296296296296294,0.05555555555555555
clang,0.05555555555555555,0.06666666666666667
gcc,0.6167664670658682,0.6407185628742516
gcc,0.73,0.79
gcc,0.42857142857142855,0.6875
gcc,0.35714285714285715,0.5595238095238095
clang,0.02821316614420063,0.03761755485893417
gcc,0.5597173144876325,1.0494699646643109
clang,0.04838709677419355,0.04838709677419355
clang,0.07608695652173914,0.08695652173913043
gcc,0.8406374501992032,0.8286852589641435
clang,0.11538461538461539,0.07692307692307693
clang,0.06097560975609756,0.07317073170731707
clang,0.04838709677419355,0.04838709677419355
clang,0.0042796005706134095,0.0042796005706134095
clang,0.0048721071863581,0.0048721071863581
clang,0.03333333333333333,0.03333333333333333
gcc,0.6,0.7
clang,0.04468085106382979,0.04468085106382979
gcc,0.5590551181102362,0.7637795275590551
gcc,0.34615384615384615,0.7884615384615384
clang,0.03088538091969801,0.05078929306794784
gcc,0.6894586894586895,0.7065527065527065
gcc,0.8,0.7777777777777778
gcc,0.7380952380952381,0.7142857142857143
gcc,0.43103448275862066,1.2586206896551724
gcc,0.7748538011695907,0.7678362573099415
gcc,0.782608695652174,0.7729468599033816
clang,0.056179775280898875,0.06741573033707865
clang,0.05813953488372093,0.06976744186046512
gcc,0.7129032258064516,0.7322580645161291
gcc,0.6991150442477876,0.9646017699115044
gcc,0.4,0.5
clang,0.04878048780487805,0.06504065040650407
gcc,0.39361702127659576,0.9042553191489362
clang,0.006944444444444444,0.006944444444444444
clang,0.011990407673860911,0.009592326139088728
gcc,0.4318181818181818,0.5681818181818182
gcc,0.41509433962264153,0.5660377358490566
clang,0.1111111111111111,0.1111111111111111
gcc,0.5401069518716578,0.8770053475935828
gcc,0.7307692307692307,0.7371794871794872
gcc,0.5112781954887218,0.6466165413533834
gcc,0.6842105263157895,0.7105263157894737
gcc,0.6111111111111112,0.8986928104575164
clang,0.05785123966942149,0.04132231404958678
clang,0.029411764705882353,0.029411764705882353
clang,0.013605442176870748,0.013605442176870748
gcc,0.579088471849866,1.023592493297587
clang,0.05555555555555555,0.047619047619047616
clang,0.05405405405405406,0.05405405405405406
clang,0.03136136849607983,0.048467569493941556
clang,0.05952380952380952,0.07142857142857142
gcc,0.5035460992907801,0.8014184397163121
clang,0.03933649289099526,0.06398104265402843
gcc,0.4453125,0.609375
clang,0.000646830530401035,0.000646830530401035
clang,0.056818181818181816,0.06818181818181818
clang,0.08997429305912596,0.10025706940874037
clang,0.07329842931937172,0.03664921465968586
gcc,0.5054347826086957,0.8043478260869565
clang,0.056338028169014086,0.04225352112676056
clang,0.024822695035460994,0.03900709219858156
clang,0.051094890510948905,0.043795620437956206
clang,0.020833333333333332,0.020833333333333332
gcc,0.7995867768595041,0.7913223140495868
gcc,0.72,0.7314285714285714
clang,0.056818181818181816,0.06818181818181818
gcc,0.6771653543307087,0.6692913385826772
gcc,0.5789473684210527,0.6842105263157895
clang,0.05351170568561873,0.043478260869565216
clang,0.06896551724137931,0.06130268199233716
gcc,0.7252747252747253,0.7142857142857143
clang,0.01675977653631285,0.0446927374301676
clang,0.059800664451827246,0.04318936877076412
clang,0.016260162601626018,0.016260162601626018
clang,0.05357142857142857,0.05357142857142857
clang,0.037815126050420166,0.037815126050420166
gcc,0.5605095541401274,1.21656050955414
clang,0.06535947712418301,0.06535947712418301
gcc,0.4431818181818182,0.6363636363636364
gcc,0.6875,0.6875
gcc,0.48,0.68
gcc,0.7303370786516854,0.7078651685393258
gcc,0.5975609756097561,0.6341463414634146
clang,0.03896103896103896,0.05194805194805195
clang,0.06293706293706294,0.08391608391608392
gcc,0.38461538461538464,0.48717948717948717
clang,0.03355704697986577,0.026845637583892617
clang,0.041884816753926704,0.041884816753926704
gcc,0.44402985074626866,0.664179104477612
gcc,0.44047619047619047,0.6428571428571429
gcc,0.6521739130434783,0.6347826086956522
gcc,0.7349397590361446,0.7108433734939759
clang,0.012875536480686695,0.012875536480686695
gcc,0.7894736842105263,0.7799043062200957
clang,0.09090909090909091,0.18181818181818182
clang,0.06451612903225806,0.07526881720430108
gcc,0.7693543205910697,0.7658207516864761
clang,0.056818181818181816,0.06818181818181818
clang,0.07608695652173914,0.043478260869565216
gcc,0.671875,0.703125
gcc,0.7419354838709677,0.8172043010752689
gcc,0.788235294117647,0.788235294117647
clang,0.039473684210526314,0.05263157894736842
gcc,0.6186046511627907,0.5302325581395348
clang,0.07079646017699115,0.02654867256637168
gcc,0.42028985507246375,0.9565217391304348
clang,0.06896551724137931,0.08045977011494253
clang,0.06060606060606061,0.03896103896103896
gcc,0.6451612903225806,0.6236559139784946
clang,0.020833333333333332,0.020833333333333332
gcc,0.4631578947368421,0.6
gcc,0.684863523573201,0.7468982630272953
gcc,0.7435897435897436,0.7521367521367521
gcc,0.72,0.6933333333333334
gcc,0.7769857433808554,0.7688391038696538
clang,0.06854838709677419,0.06451612903225806
clang,0.05813953488372093,0.06976744186046512
gcc,0.4652777777777778,0.9097222222222222
gcc,0.7348484848484849,0.7424242424242424
clang,0.014134275618374558,0.014134275618374558
clang,0.05454545454545454,0.03636363636363636
clang,0.04516129032258064,0.04516129032258064
clang,0.025879917184265012,0.024844720496894408
clang,0.02666666666666667,0.023333333333333334
gcc,0.42857142857142855,0.4523809523809524
clang,0.1,0.1
gcc,0.6086956521739131,0.6521739130434783
clang,0.031528444139821796,0.05140507196710076
gcc,0.8083333333333333,0.8083333333333333
gcc,0.5595399188092016,1.047361299052774
gcc,0.43243243243243246,0.6486486486486487
gcc,0.4266666666666667,0.6866666666666666
clang,0.03922249219021173,0.05866018743491843
clang,0.06097560975609756,0.07317073170731707
clang,0.060240963855421686,0.07228915662650602
clang,0.07608695652173914,0.043478260869565216
clang,0.06666666666666667,0.06666666666666667
gcc,0.43243243243243246,1.018018018018018
clang,0.05263157894736842,0.05263157894736842
gcc,0.6204379562043796,0.9124087591240876
gcc,0.6470588235294118,0.7058823529411765
gcc,0.7647058823529411,0.7529411764705882
gcc,0.42168674698795183,0.4457831325301205
clang,0.03202846975088968,0.0711743772241993
clang,0.04807692307692308,0.057692307692307696
clang,0.08333333333333333,0.08333333333333333
gcc,0.7415730337078652,0.7191011235955056
clang,0.015337423312883436,0.015337423312883436
gcc,0.7352941176470589,0.7352941176470589
gcc,0.3157894736842105,0.631578947368421
gcc,0.6764705882352942,0.6764705882352942
gcc,0.5652173913043478,1.0186335403726707
gcc,0.6794425087108014,0.7909407665505227
clang,0.056179775280898875,0.06741573033707865
gcc,0.6666666666666666,1.1333333333333333
clang,0.07352941176470588,0.04411764705882353
clang,0.015463917525773196,0.015463917525773196
clang,0.01818181818181818,0.01818181818181818
clang,0.04807692307692308,0.057692307692307696
clang,0.013605442176870748,0.013605442176870748
gcc,0.35714285714285715,0.41836734693877553
gcc,0.6796116504854369,0.7799352750809061
gcc,0.7748538011695907,0.7678362573099415
clang,0.05405405405405406,0.05405405405405406
gcc,0.7098901098901099,0.7296703296703296
gcc,0.7094972067039106,0.7039106145251397
clang,0.05952380952380952,0.07142857142857142
clang,0.053156146179401995,0.04318936877076412
gcc,0.6216216216216216,0.9099099099099099
gcc,0.6382978723404256,0.6170212765957447
clang,0.16129032258064516,0.16129032258064516
clang,0.04242424242424243,0.04242424242424243
clang,0.014527845036319613,0.014527845036319613
gcc,0.5031446540880503,0.89937106918239
gcc,0.3,0.3
gcc,0.564625850340136,1.0952380952380953
clang,0.015873015873015872,0.015873015873015872
gcc,0.6394849785407726,0.6351931330472103
gcc,0.6762589928057554,0.7266187050359713
clang,0.10033444816053512,0.11036789297658862
gcc,0.5114503816793893,0.648854961832061
clang,0.2903225806451613,0.22580645161290322
gcc,0.554945054945055,0.7802197802197802
clang,0.2,0.2
clang,0.013422818791946308,0.006711409395973154
gcc,0.4631578947368421,0.5368421052631579
gcc,0.6434108527131783,0.6744186046511628
gcc,0.7170731707317073,0.7951219512195122
gcc,0.697986577181208,0.7315436241610739
gcc,0.390625,0.421875
gcc,0.65,0.5
clang,0.05405405405405406,0.2072072072072072
gcc,0.6536312849162011,0.9888268156424581
gcc,0.7216494845360825,0.7242268041237113
gcc,0.5454545454545454,0.6363636363636364
clang,0.08333333333333333,0.08333333333333333
clang,0.035398230088495575,0.032448377581120944
gcc,0.7269076305220884,0.7188755020080321
clang,0.012853470437017995,0.012853470437017995
clang,0.015037593984962405,0.015037593984962405
clang,0.04054054054054054,0.05405405405405406
gcc,0.5132075471698113,1.0735849056603775
gcc,0.6762589928057554,0.7266187050359713
clang,0.04,0.025454545454545455
clang,0.049586776859504134,0.024793388429752067
gcc,0.793233082706767,0.7857142857142857
gcc,0.6255060728744939,0.6275303643724697
clang,0.05,0.04
clang,0.23076923076923078,0.23076923076923078
clang,0.019230769230769232,0.019230769230769232
clang,0.050359712230215826,0.04316546762589928
gcc,0.7450980392156863,0.7352941176470589
clang,0.04838709677419355,0.04838709677419355
clang,0.04411764705882353,0.0661764705882353
clang,0.14453125,0.15625
gcc,0.7435897435897436,0.7521367521367521
gcc,0.7198067632850241,0.7971014492753623
gcc,0.6687116564417178,1.0674846625766872
gcc,0.5417721518987342,1.0677215189873417
gcc,0.72,0.76
gcc,0.6346153846153846,1.064102564102564
gcc,0.4,0.3
gcc,0.2857142857142857,0.42857142857142855
gcc,0.7419354838709677,0.7634408602150538
gcc,0.72,0.7371428571428571
clang,0.25,0.25
clang,0.056179775280898875,0.033707865168539325
gcc,0.42045454545454547,0.5227272727272727
clang,0.02097902097902098,0.02097902097902098
gcc,0.5797101449275363,0.6811594202898551
gcc,0.5419432709716355,0.9837054918527459
gcc,0.719626168224299,0.7757009345794392
clang,0.0038240917782026767,0.0038240917782026767
clang,0.10526315789473684,0.10526315789473684
clang,0.05952380952380952,0.07142857142857142
gcc,0.6976744186046512,1.0387596899224807
gcc,0.7692307692307693,0.7582417582417582
clang,0.0967741935483871,0.06451612903225806
clang,0.28125,0.21875
clang,0.09302325581395349,0.06976744186046512
clang,0.04580152671755725,0.06870229007633588
gcc,0.6,0.8
gcc,0.7526501766784452,0.7455830388692579
clang,0.02120141342756184,0.02120141342756184
clang,0.06097560975609756,0.07317073170731707
gcc,0.7632575757575758,0.7585227272727273
gcc,0.6666666666666666,0.927536231884058
clang,0.037037037037037035,0.027777777777777776
gcc,0.391304347826087,0.391304347826087
gcc,0.4230769230769231,0.9615384615384616
gcc,0.7441860465116279,0.7209302325581395
clang,0.125,0.125
gcc,0.6666666666666666,0.8484848484848485
clang,0.06382978723404255,0.07446808510638298
gcc,0.7484433374844334,0.8418430884184309
clang,0.03896103896103896,0.03896103896103896
gcc,0.38636363636363635,0.6136363636363636
clang,0.04950495049504951,0.0594059405940594
gcc,0.6470588235294118,0.6470588235294118
clang,0.038461538461538464,0.038461538461538464
gcc,0.6424581005586593,0.9608938547486033
clang,0.047058823529411764,0.06274509803921569
gcc,0.40860215053763443,0.8817204301075269
gcc,0.8108108108108109,0.7567567567567568
gcc,0.7349397590361446,0.7831325301204819
gcc,0.7170542635658915,0.7441860465116279
clang,0.05699481865284974,0.09844559585492228
gcc,0.3793103448275862,0.896551724137931
gcc,0.47394770999443725,1.1183015019469682
clang,0.10810810810810811,0.10810810810810811
gcc,0.5051903114186851,0.5103806228373703
gcc,0.3,0.3
gcc,0.6197183098591549,0.647887323943662
clang,0.2,0.2
clang,0.015957446808510637,0.015957446808510637
gcc,0.6494845360824743,1.134020618556701
gcc,0.6470588235294118,0.680672268907563
gcc,0.6770833333333334,0.9166666666666666
gcc,0.4883720930232558,0.7616279069767442
gcc,0.4859154929577465,0.7183098591549296
gcc,0.7122302158273381,0.7410071942446043
clang,0.046153846153846156,0.05384615384615385
clang,0.008522727272727272,0.04261363636363636
clang,0.06172839506172839,0.07407407407407407
clang,0.054455445544554455,0.06930693069306931
clang,0.03333333333333333,0.025
clang,0.031746031746031744,0.037037037037037035
clang,0.01818181818181818,0.01818181818181818
gcc,0.6346041055718475,0.758357771260997
clang,0.01675977653631285,0.0446927374301676
clang,0.03225806451612903,0.03225806451612903
clang,0.03235294117647059,0.026470588235294117
gcc,0.610062893081761,0.9811320754716981
clang,0.05,0.06
clang,0.021897810218978103,0.08759124087591241
gcc,0.43434343434343436,0.494949494949495
gcc,0.5677083333333334,0.8854166666666666
clang,0.03667481662591687,0.0550122249388753
gcc,0.44047619047619047,0.6547619047619048
gcc,0.6746987951807228,0.6626506024096386
clang,0.012345679012345678,0.012345679012345678
gcc,0.7730496453900709,0.7624113475177305
gcc,0.6612903225806451,0.6935483870967742
clang,0.05747126436781609,0.06896551724137931
gcc,0.7711598746081505,0.786833855799373
gcc,0.7236842105263158,0.9078947368421053
clang,0.06172839506172839,0.07407407407407407
gcc,0.6434782608695652,0.6869565217391305
gcc,0.4,0.3
gcc,0.7317073170731707,0.7560975609756098
gcc,0.3939393939393939,0.48484848484848486
gcc,0.5638297872340425,0.8882978723404256
gcc,0.65,0.75
gcc,0.6428571428571429,0.865546218487395
gcc,0.40816326530612246,0.4897959183673469
gcc,0.5480427046263345,0.9217081850533808
clang,0.036036036036036036,0.02702702702702703
gcc,0.7441860465116279,0.7209302325581395
clang,0.03333333333333333,0.025
gcc,0.7104072398190046,0.7194570135746606
gcc,0.3902439024390244,0.45121951219512196
clang,0.016129032258064516,0.016129032258064516
clang,0.009404388714733543,0.009404388714733543
gcc,0.7391304347826086,0.7246376811594203
clang,0.030364372469635626,0.04251012145748988
clang,0.1,0.1
gcc,0.8,0.6857142857142857
gcc,0.7380952380952381,0.7857142857142857
clang,0.05172413793103448,0.06321839080459771
gcc,0.6506550218340611,0.6375545851528385
gcc,0.6089743589743589,0.8333333333333334
gcc,0.5609756097560976,0.5609756097560976
gcc,0.8589743589743589,0.8269230769230769
gcc,0.4418604651162791,0.47674418604651164
gcc,0.6114285714285714,1.0285714285714285
gcc,0.8548387096774194,0.8461538461538461
clang,0.018072289156626505,0.060240963855421686
clang,0.0380952380952381,0.0380952380952381
gcc,0.6858974358974359,0.7243589743589743
gcc,0.7711598746081505,0.7554858934169278
gcc,0.3,0.3
gcc,0.7679324894514767,0.7763713080168776
clang,0.004213483146067416,0.004213483146067416
clang,0.056338028169014086,0.03755868544600939
gcc,0.46153846153846156,0.38461538461538464
clang,0.028469750889679714,0.06405693950177936
clang,0.032,0.032
clang,0.03754266211604096,0.030716723549488054
clang,0.06896551724137931,0.08045977011494253
gcc,0.631578947368421,0.7894736842105263
gcc,0.7475728155339806,0.7961165048543689
clang,0.013186813186813187,0.03296703296703297
clang,0.035398230088495575,0.08849557522123894
gcc,0.5909090909090909,0.7272727272727273
gcc,0.5,0.4375
gcc,0.7157360406091371,0.9949238578680203
gcc,0.7792207792207793,0.7694805194805194
gcc,0.68,0.64
gcc,0.7352941176470589,0.7156862745098039
gcc,0.37209302325581395,0.5813953488372093
gcc,0.3655913978494624,0.8709677419354839
clang,0.0851063829787234,0.0425531914893617
gcc,0.6581196581196581,1.072039072039072
clang,0.09293680297397769,0.10223048327137546
clang,0.05625,0.03125
gcc,0.5550239234449761,0.8564593301435407
gcc,0.6863270777479893,0.6957104557640751
clang,0.04054054054054054,0.030405405405405407
gcc,0.6460176991150443,0.6283185840707964
gcc,0.7142857142857143,0.7142857142857143
clang,0.008,0.008
gcc,0.7186897880539499,0.7052023121387283
clang,0.024793388429752067,0.024793388429752067
gcc,0.8203125,1.0
clang,0.01935483870967742,0.01935483870967742
clang,0.024390243902439025,0.024390243902439025
clang,0.02608695652173913,0.02608695652173913
clang,0.024822695035460994,0.03900709219858156
clang,0.05405405405405406,0.05405405405405406
gcc,0.6042780748663101,1.3101604278074865
gcc,0.7678571428571429,0.7589285714285714
clang,0.05405405405405406,0.05405405405405406
gcc,0.7848837209302325,0.7383720930232558
gcc,0.7024793388429752,0.7355371900826446
gcc,0.3958333333333333,0.625
gcc,0.46710526315789475,0.6842105263157895
gcc,0.6483516483516484,1.0769230769230769
gcc,0.65,0.5
gcc,0.6019736842105263,1.0526315789473684
clang,0.02127659574468085,0.02127659574468085
gcc,0.7697368421052632,0.8289473684210527
clang,0.13043478260869565,0.08695652173913043
clang,0.07246376811594203,0.057971014492753624
gcc,0.5822784810126582,1.3037974683544304
gcc,0.6363636363636364,0.8441558441558441
gcc,0.6666666666666666,0.8787878787878788
clang,0.06521739130434782,0.050724637681159424
clang,0.017167381974248927,0.017167381974248927
gcc,0.34782608695652173,0.34782608695652173
gcc,0.3469387755102041,0.5612244897959183
gcc,0.5482625482625483,0.8301158301158301
clang,0.047244094488188976,0.05511811023622047
clang,0.05434782608695652,0.06521739130434782
gcc,0.633703920421299,0.7712112346401404
clang,0.07526881720430108,0.043010752688172046
gcc,0.6818181818181818,0.6363636363636364
clang,0.015384615384615385,0.016923076923076923
gcc,0.6615384615384615,0.6923076923076923
clang,0.017543859649122806,0.017543859649122806
gcc,0.43023255813953487,0.47674418604651164
clang,0.05434782608695652,0.06521739130434782
clang,0.04950495049504951,0.0594059405940594
clang,0.13043478260869565,0.08695652173913043
clang,0.0736196319018405,0.0736196319018405
clang,0.14285714285714285,0.14285714285714285
clang,0.07171314741035857,0.04780876494023904
clang,0.015267175572519083,0.015267175572519083
clang,0.036036036036036036,0.02702702702702703
clang,0.017699115044247787,0.017699115044247787
clang,0.024793388429752067,0.024793388429752067
gcc,0.6159420289855072,0.8985507246376812
clang,0.043478260869565216,0.05217391304347826
clang,0.024793388429752067,0.024793388429752067
clang,0.05357142857142857,0.05357142857142857
gcc,0.5,0.5
gcc,0.6818181818181818,0.8939393939393939
gcc,0.8227848101265823,0.810126582278481
gcc,0.3614457831325301,0.37349397590361444
clang,0.05102040816326531,0.061224489795918366
clang,0.05357142857142857,0.20535714285714285
clang,0.05096774193548387,0.06774193548387097
gcc,0.45864661654135336,0.7518796992481203
gcc,0.6761904761904762,0.6666666666666666
clang,0.05813953488372093,0.06976744186046512
clang,0.08108108108108109,0.05405405405405406
gcc,0.645021645021645,0.6536796536796536
clang,0.016260162601626018,0.016260162601626018
gcc,0.4864864864864865,0.8108108108108109
gcc,0.6666666666666666,0.6507936507936508
gcc,0.56875,1.01875
clang,0.041666666666666664,0.03333333333333333
gcc,0.6635416666666667,0.796875
gcc,0.815653298835705,0.8137128072445019
clang,0.28125,0.21875
gcc,0.3902439024390244,0.47560975609756095
clang,0.07777777777777778,0.18888888888888888
gcc,0.358695652173913,0.5543478260869565
gcc,0.5721649484536082,0.8969072164948454
clang,0.012875536480686695,0.012875536480686695
clang,0.09523809523809523,0.07936507936507936
gcc,0.6170212765957447,0.6808510638297872
gcc,0.35,0.45
clang,0.028985507246376812,0.06521739130434782
gcc,0.7272727272727273,0.7045454545454546
gcc,0.5502645502645502,0.917989417989418
gcc,0.5919421487603306,0.9390495867768595
gcc,0.7204301075268817,0.6989247311827957
clang,0.0371900826446281,0.045454545454545456
gcc,0.7228646027601641,0.7228646027601641
gcc,0.8135593220338984,0.8050847457627118
gcc,0.40404040404040403,0.6464646464646465
clang,0.043076923076923075,0.036923076923076927
gcc,0.735632183908046,0.7816091954022989
gcc,0.4358974358974359,0.6837606837606838
gcc,0.3902439024390244,0.45121951219512196
clang,0.05813953488372093,0.06976744186046512
clang,0.1111111111111111,0.1111111111111111
clang,0.04107360715738105,0.0634404229361529
clang,0.014184397163120567,0.07801418439716312
clang,0.01904761904761905,0.01904761904761905
clang,0.048582995951417005,0.05668016194331984
gcc,0.36046511627906974,0.5697674418604651
gcc,0.4943820224719101,0.7528089887640449
clang,0.058823529411764705,0.07058823529411765
gcc,0.7415730337078652,0.7865168539325843
clang,0.02197802197802198,0.02197802197802198
gcc,0.40860215053763443,0.4731182795698925
gcc,0.7894736842105263,0.7781954887218046
clang,0.07352941176470588,0.04411764705882353
clang,0.05,0.06
gcc,0.7288135593220338,0.7669491525423728
gcc,0.4519230769230769,0.5384615384615384
clang,0.050928129462160875,0.05949547834364588
clang,0.04460966542750929,0.04956629491945477
gcc,0.4486486486486487,0.8540540540540541
gcc,0.5719557195571956,1.169741697416974
gcc,0.526595744680851,0.898936170212766
clang,0.056179775280898875,0.06741573033707865
gcc,0.6377952755905512,0.8858267716535433
clang,0.040293040293040296,0.02564102564102564
gcc,0.3888888888888889,0.45555555555555555
gcc,0.7297297297297297,0.7027027027027027
gcc,0.44954128440366975,0.926605504587156
gcc,0.6615384615384615,0.6461538461538462
clang,0.019230769230769232,0.02514792899408284
clang,0.08860759493670886,0.0379746835443038
gcc,0.37373737373737376,0.5454545454545454
clang,0.055900621118012424,0.031055900621118012
clang,0.018691588785046728,0.018691588785046728
clang,0.031746031746031744,0.047619047619047616
clang,0.0625,0.041666666666666664
clang,0.0625,0.041666666666666664
gcc,0.42452830188679247,0.6698113207547169
clang,0.05434782608695652,0.21739130434782608
clang,0.17708333333333334,0.14583333333333334
gcc,0.6571428571428571,0.638095238095238
gcc,0.6814814814814815,0.7111111111111111
clang,0.004578754578754579,0.004578754578754579
gcc,0.08571428571428572,0.3535714285714286
gcc,0.6094420600858369,1.0128755364806867
gcc,0.40476190476190477,0.4523809523809524
gcc,0.7349397590361446,0.6987951807228916
gcc,0.6666666666666666,0.6507936507936508
clang,0.022222222222222223,0.022222222222222223
gcc,0.6086956521739131,0.6521739130434783
clang,0.03954263935207242,0.06193425440686041
gcc,0.6666666666666666,0.6
gcc,0.815653298835705,0.8285899094437258
clang,0.0322354590049054,0.04905395935529082
clang,0.024193548387096774,0.024193548387096774
gcc,0.2222222222222222,0.2222222222222222
gcc,0.7824675324675324,0.7780032467532467
gcc,0.5534743202416919,1.0030211480362539
gcc,0.8120805369127517,0.7919463087248322
gcc,0.6368159203980099,0.9203980099502488
clang,0.0625,0.05357142857142857
clang,0.05232558139534884,0.06395348837209303
clang,0.05747126436781609,0.06896551724137931
clang,0.015267175572519083,0.015267175572519083
gcc,0.735632183908046,0.7126436781609196
clang,0.04294478527607362,0.04294478527607362
gcc,0.5147058823529411,0.9411764705882353
clang,0.05813953488372093,0.06976744186046512
gcc,0.6185567010309279,0.8350515463917526
gcc,0.8120805369127517,0.7919463087248322
clang,0.01937984496124031,0.05426356589147287
clang,0.03939532753092075,0.06184150251946862
clang,0.125,0.125
gcc,0.40229885057471265,0.5057471264367817
clang,0.049586776859504134,0.06611570247933884
clang,0.03265940902021773,0.04043545878693624
clang,0.04918032786885246,0.10655737704918032
gcc,0.7333333333333333,0.780952380952381
gcc,0.5772727272727273,0.7318181818181818
gcc,0.494949494949495,0.6161616161616161
gcc,0.6373626373626373,0.8571428571428571
gcc,0.3829787234042553,0.5851063829787234
clang,0.017857142857142856,0.03571428571428571
gcc,0.43243243243243246,0.4864864864864865
gcc,0.43617021276595747,0.5106382978723404
clang,0.043859649122807015,0.05263157894736842
clang,0.05952380952380952,0.07142857142857142
gcc,0.7242152466367713,0.7253363228699552
clang,0.07352941176470588,0.04411764705882353
clang,0.05758582502768549,0.058693244739756366
gcc,0.75,0.8043478260869565
gcc,0.75,0.7767857142857143
gcc,0.7325581395348837,0.7790697674418605
gcc,0.668,0.652
gcc,0.5615275813295615,1.0707213578500707
clang,0.06097560975609756,0.07317073170731707
clang,0.024793388429752067,0.024793388429752067
gcc,0.6842105263157895,0.7105263157894737
gcc,0.5238095238095238,0.6746031746031746
clang,0.015384615384615385,0.016923076923076923
gcc,0.7319587628865979,0.7216494845360825
clang,0.04580152671755725,0.04580152671755725
gcc,0.38372093023255816,0.4186046511627907
clang,0.058823529411764705,0.07058823529411765
gcc,0.6022864019253911,1.1365824308062575
clang,0.015748031496062992,0.015748031496062992
gcc,0.47761194029850745,0.6343283582089553
gcc,0.7214611872146118,0.7488584474885844
gcc,0.6602564102564102,0.6602564102564102
gcc,0.8037383177570093,0.7850467289719626
gcc,0.6255060728744939,0.6275303643724697
clang,0.04580152671755725,0.06870229007633588
clang,0.07272727272727272,0.08181818181818182
gcc,0.43902439024390244,0.43902439024390244
clang,0.28125,0.21875
clang,0.0872093023255814,0.05813953488372093
clang,0.060240963855421686,0.07228915662650602
clang,0.023255813953488372,0.023255813953488372
gcc,0.6233269598470363,0.615678776290631
clang,0.04878048780487805,0.024390243902439025
clang,0.0967741935483871,0.0967741935483871
gcc,0.6131687242798354,1.0493827160493827
gcc,0.4230769230769231,0.5
gcc,0.7368421052631579,0.7894736842105263
clang,0.013422818791946308,0.013422818791946308
gcc,0.5505200594353641,0.9925705794947994
clang,0.02120141342756184,0.02120141342756184
gcc,0.8360655737704918,0.7868852459016393
gcc,0.7258883248730964,1.0203045685279188
gcc,0.46153846153846156,0.38461538461538464
gcc,0.8235294117647058,0.8455882352941176
gcc,0.7628326996197718,0.7580798479087453
gcc,0.6598667776852623,0.7810158201498751
clang,0.05128205128205128,0.04487179487179487
clang,0.05128205128205128,0.07692307692307693
gcc,0.7636709462672373,0.7698525915359011
gcc,0.5159574468085106,0.851063829787234
clang,0.05,0.06
gcc,0.6470588235294118,0.8914027149321267
clang,0.041429731925264016,0.06539398862713242
clang,0.07692307692307693,0.07692307692307693
clang,0.05555555555555555,0.05291005291005291
clang,0.07407407407407407,0.07407407407407407
gcc,0.8083333333333333,0.8
clang,0.05357142857142857,0.03571428571428571
gcc,0.49295774647887325,0.9014084507042254
gcc,0.449438202247191,0.6404494382022472
clang,0.03640776699029126,0.054004854368932036
clang,0.05714285714285714,0.04285714285714286
clang,0.05945945945945946,0.043243243243243246
gcc,0.4,0.4
clang,0.05319148936170213,0.06382978723404255
clang,0.057692307692307696,0.038461538461538464
gcc,0.44680851063829785,0.6702127659574468
gcc,0.4,0.4
clang,0.016,0.016
clang,0.07258064516129033,0.04838709677419355
clang,0.05747126436781609,0.06896551724137931
gcc,0.768348623853211,0.7408256880733946
gcc,0.7952127659574468,0.7898936170212766
gcc,0.6868686868686869,0.7373737373737373
gcc,0.7741935483870968,0.7096774193548387
gcc,0.4782608695652174,0.6
gcc,0.436241610738255,0.6308724832214765
gcc,0.5595567867036011,0.6426592797783933
clang,0.015625,0.015625
gcc,0.6535087719298246,0.9122807017543859
clang,0.02054794520547945,0.02054794520547945
gcc,0.367816091954023,0.5862068965517241
clang,0.03636363636363636,0.10303030303030303
gcc,0.77,0.76
clang,0.056818181818181816,0.06818181818181818
clang,0.04854368932038835,0.05825242718446602
clang,0.024390243902439025,0.024390243902439025
clang,0.05813953488372093,0.06976744186046512
clang,0.1724137931034483,0.1724137931034483
clang,0.017857142857142856,0.017857142857142856
gcc,0.5897435897435898,0.9038461538461539
gcc,0.4528301886792453,0.5943396226415094
clang,0.016304347826086956,0.005434782608695652
clang,0.03767123287671233,0.030821917808219176
gcc,0.3918918918918919,0.4189189189189189
gcc,0.33405172413793105,0.790948275862069
clang,0.14285714285714285,0.14285714285714285
gcc,0.3275862068965517,0.7931034482758621
clang,0.039755351681957186,0.039755351681957186
gcc,0.36585365853658536,0.8780487804878049
clang,0.3,0.2
gcc,0.6764705882352942,0.7352941176470589
gcc,0.7,0.5333333333333333
clang,0.03948620361560418,0.06422454804947669
clang,0.019736842105263157,0.019736842105263157
clang,0.10526315789473684,0.10526315789473684
gcc,0.655440414507772,1.0582901554404145
gcc,0.6766917293233082,0.706766917293233
gcc,0.4044943820224719,1.0224719101123596
clang,0.05128205128205128,0.038461538461538464
gcc,0.7024793388429752,0.6859504132231405
gcc,0.6746987951807228,0.6626506024096386
gcc,0.46195652173913043,0.7771739130434783
clang,0.03742331288343558,0.05889570552147239
clang,0.012345679012345678,0.012345679012345678
clang,0.05384615384615385,0.13076923076923078
gcc,0.55,0.5
clang,0.015544041450777202,0.03626943005181347
clang,0.03721781574130567,0.05430140329469189
gcc,0.7,0.5
gcc,0.6542372881355932,0.9322033898305084
clang,0.03136136849607983,0.048467569493941556
gcc,0.5238095238095238,1.098639455782313
clang,0.0028420625253755584,0.0028420625253755584
clang,0.05405405405405406,0.2072072072072072
clang,0.011627906976744186,0.046511627906976744
clang,0.0967741935483871,0.12903225806451613
gcc,0.3783783783783784,0.9099099099099099
clang,0.01652892561983471,0.01652892561983471
clang,0.05194805194805195,0.03896103896103896
clang,0.08045977011494253,0.09195402298850575
gcc,0.46,0.72
clang,0.0017325017325017325,0.0017325017325017325
gcc,0.703125,0.75
clang,0.09473684210526316,0.031578947368421054
gcc,0.565028901734104,0.6011560693641619
clang,0.0380952380952381,0.0380952380952381
gcc,0.38271604938271603,0.4691358024691358
gcc,0.6166253101736973,0.5645161290322581
gcc,0.617816091954023,0.8448275862068966
clang,0.06086956521739131,0.0391304347826087
gcc,0.46545454545454545,0.7563636363636363
gcc,0.3780487804878049,0.4268292682926829
clang,0.026415094339622643,0.06792452830188679
gcc,0.7218045112781954,1.0977443609022557
gcc,0.6125,0.8
gcc,0.6325878594249201,0.8977635782747604
gcc,0.6984126984126984,0.746031746031746
clang,0.0016926201760324984,0.0016926201760324984
gcc,0.1926782273603083,0.23121387283236994
clang,0.06060606060606061,0.03896103896103896
clang,0.017543859649122806,0.017543859649122806
clang,0.03896103896103896,0.03896103896103896
clang,0.03529411764705882,0.03235294117647059
gcc,0.7401709401709402,0.8700854700854701
clang,0.06944444444444445,0.08333333333333333
gcc,0.831858407079646,0.8230088495575221
gcc,0.7238095238095238,0.7238095238095238
gcc,0.48598130841121495,0.514018691588785
clang,0.03488372093023256,0.03197674418604651
clang,0.2222222222222222,0.2222222222222222
gcc,0.6814814814814815,0.6666666666666666
gcc,0.7269076305220884,0.714859437751004
gcc,0.6826923076923077,0.9903846153846154
clang,0.024390243902439025,0.024390243902439025
gcc,0.6666666666666666,1.3269230769230769
gcc,0.6571428571428571,0.8285714285714286
clang,0.0967741935483871,0.06451612903225806
gcc,0.6493506493506493,0.6363636363636364
clang,0.04979253112033195,0.05394190871369295
clang,0.0425531914893617,0.059574468085106386
clang,0.08024691358024691,0.037037037037037035
clang,0.0872093023255814,0.05813953488372093
gcc,0.4186046511627907,0.813953488372093
gcc,0.6300940438871473,0.6426332288401254
gcc,0.6891891891891891,1.1756756756756757
gcc,0.6832579185520362,0.8642533936651584
gcc,0.7096774193548387,0.7419354838709677
clang,0.08997429305912596,0.09768637532133675
gcc,0.65,0.6
gcc,0.5714285714285714,0.7714285714285715
gcc,0.7596899224806202,0.7674418604651163
clang,0.09574468085106383,0.031914893617021274
gcc,0.6883116883116883,0.8311688311688312
clang,0.04735376044568245,0.07520891364902507
clang,0.07158351409978309,0.09327548806941431
gcc,0.7297297297297297,0.7297297297297297
clang,0.045871559633027525,0.05504587155963303
gcc,0.6859504132231405,0.6694214876033058
gcc,0.6991869918699187,0.7317073170731707
gcc,0.6933962264150944,0.8584905660377359
clang,0.021505376344086023,0.021505376344086023
gcc,0.4626334519572954,0.8825622775800712
clang,0.018018018018018018,0.018018018018018018
gcc,0.768348623853211,0.7522935779816514
gcc,0.4631578947368421,0.49473684210526314
clang,0.045454545454545456,0.045454545454545456
gcc,0.7355371900826446,0.7975206611570248
clang,0.05194805194805195,0.03896103896103896
clang,0.012903225806451613,0.016129032258064516
gcc,0.7914893617021277,0.7829787234042553
gcc,0.3392857142857143,1.0892857142857142
gcc,0.6307692307692307,0.8769230769230769
clang,0.03932584269662921,0.02247191011235955
clang,0.06153846153846154,0.12307692307692308
gcc,0.7233009708737864,0.7961165048543689
gcc,0.5,0.5
clang,0.033112582781456956,0.026490066225165563
clang,0.1724137931034483,0.1724137931034483
gcc,0.8405797101449275,0.8043478260869565
gcc,0.5833333333333334,0.9702380952380952
gcc,0.6635514018691588,0.7009345794392523
clang,0.06756756756756757,0.08108108108108109
gcc,0.3888888888888889,0.5888888888888889
gcc,0.7570093457943925,0.794392523364486
gcc,0.42857142857142855,0.7142857142857143
clang,0.09090909090909091,0.09090909090909091
clang,0.06097560975609756,0.07317073170731707
gcc,0.7435897435897436,0.7521367521367521
gcc,0.5401069518716578,0.9786096256684492
gcc,0.7837728194726167,0.7890466531440162
gcc,0.5605536332179931,1.1245674740484428
clang,0.049107142857142856,0.049107142857142856
clang,0.05357142857142857,0.05357142857142857
clang,0.08333333333333333,0.08333333333333333
gcc,0.6634615384615384,0.7019230769230769
gcc,0.6868686868686869,0.7373737373737373
clang,0.03844328429046037,0.061224489795918366
clang,0.02,0.02
gcc,0.5625,0.7757352941176471
gcc,0.7659574468085106,0.7801418439716312
clang,0.07042253521126761,0.04225352112676056
gcc,0.5899795501022495,1.0930470347648262
gcc,0.3953488372093023,1.0465116279069768
gcc,0.7291666666666666,0.7916666666666666
gcc,0.7162162162162162,0.7702702702702703
clang,0.07207207207207207,0.08108108108108109
gcc,0.4883720930232558,0.627906976744186
clang,0.058823529411764705,0.06722689075630252
clang,0.0425531914893617,0.04964539007092199
gcc,0.6395759717314488,0.7626619552414605
gcc,0.7,0.65
clang,0.028469750889679714,0.06405693950177936
gcc,0.6896551724137931,0.6798029556650246
clang,0.058394160583941604,0.043795620437956206
clang,0.024175824175824177,0.04395604395604396
clang,0.14285714285714285,0.11904761904761904
clang,0.060240963855421686,0.07228915662650602
gcc,0.8058252427184466,0.8058252427184466
clang,0.05357142857142857,0.20535714285714285
gcc,0.5181818181818182,0.8454545454545455
gcc,0.18653846153846154,0.24615384615384617
gcc,0.6818181818181818,0.6727272727272727
gcc,0.631578947368421,0.6842105263157895
clang,0.017699115044247787,0.017699115044247787
gcc,0.7345132743362832,0.7610619469026548
gcc,0.8405797101449275,0.8115942028985508
clang,0.046511627906976744,0.023255813953488372
gcc,0.6236559139784946,0.978494623655914
clang,0.1,0.1
gcc,0.48484848484848486,0.6666666666666666
clang,0.03982300884955752,0.08849557522123894
gcc,0.391304347826087,1.0
clang,0.125,0.125
gcc,0.4,0.6
clang,0.05747126436781609,0.06896551724137931
clang,0.057692307692307696,0.038461538461538464
clang,0.030843043180260453,0.05140507196710076
gcc,0.7391304347826086,0.782608695652174
clang,0.05660377358490566,0.03773584905660377
clang,0.058823529411764705,0.07058823529411765
gcc,0.3614457831325301,0.37349397590361444
gcc,0.6693227091633466,1.1713147410358566
clang,0.07194244604316546,0.1510791366906475
gcc,0.4807692307692308,0.6153846153846154
clang,0.0967741935483871,0.0967741935483871
gcc,0.6373626373626373,0.6153846153846154
gcc,0.7349397590361446,0.7831325301204819
gcc,0.375,0.5
clang,0.053763440860215055,0.06451612903225806
gcc,0.7272727272727273,0.7171717171717171
gcc,0.6568627450980392,0.6274509803921569
clang,0.05504587155963303,0.045871559633027525
clang,0.07352941176470588,0.04411764705882353
gcc,0.5598404255319149,1.0997340425531914
gcc,0.375,0.775
clang,0.01948051948051948,0.01948051948051948
gcc,0.6968325791855203,1.0180995475113122
clang,0.06611570247933884,0.05785123966942149
gcc,0.6513761467889908,0.6880733944954128
clang,0.019230769230769232,0.019230769230769232
gcc,0.708029197080292,0.7846715328467153
gcc,0.5364583333333334,0.9322916666666666
clang,0.040145985401459854,0.025547445255474453
gcc,0.5891472868217055,0.8868217054263566
clang,0.013605442176870748,0.013605442176870748
gcc,0.6666666666666666,0.9540229885057471
clang,0.06666666666666667,0.06666666666666667
gcc,0.75,0.75
clang,0.05555555555555555,0.041666666666666664
clang,0.06206896551724138,0.06896551724137931
gcc,0.391304347826087,0.5217391304347826
gcc,0.4105263157894737,1.0315789473684212
gcc,0.7272727272727273,0.7272727272727273
clang,0.055900621118012424,0.031055900621118012
gcc,0.6351351351351351,0.8378378378378378
clang,0.019141423527225424,0.05426500650436722
gcc,0.7349397590361446,0.7710843373493976
clang,0.05434782608695652,0.06521739130434782
gcc,0.7104430379746836,0.7642405063291139
clang,0.0020242914979757085,0.0020242914979757085
gcc,0.4666666666666667,0.5333333333333333
gcc,0.7792207792207793,0.7694805194805194
clang,0.06097560975609756,0.07317073170731707
clang,0.05,0.06
clang,0.03773584905660377,0.03773584905660377
clang,0.058823529411764705,0.07058823529411765
gcc,0.6666666666666666,0.7327327327327328
gcc,0.75,0.8125
gcc,0.5118110236220472,0.7559055118110236
clang,0.02100840336134454,0.01680672268907563
clang,0.04,0.025454545454545455
clang,0.0546875,0.046875
gcc,0.6,0.6071428571428571
gcc,0.8013698630136986,0.7945205479452054
gcc,0.7237569060773481,0.7679558011049724
clang,0.011278195488721804,0.020676691729323307
clang,0.0136986301369863,0.0136986301369863
gcc,0.74,0.79
clang,0.02586206896551724,0.008620689655172414
clang,0.05,0.06
clang,0.05263157894736842,0.039473684210526314
gcc,0.23540856031128404,0.9552529182879378
clang,0.01818181818181818,0.01818181818181818
gcc,0.7762836185819071,0.7707823960880196
gcc,0.6513409961685823,0.8467432950191571
clang,0.2222222222222222,0.2222222222222222
gcc,0.6666666666666666,0.6666666666666666
clang,0.05434782608695652,0.06521739130434782
clang,0.007067137809187279,0.007067137809187279
gcc,0.16428571428571428,0.2642857142857143
clang,0.007067137809187279,0.007067137809187279
clang,0.10344827586206896,0.13793103448275862
gcc,0.6666666666666666,0.706140350877193
gcc,0.38144329896907214,0.6391752577319587
gcc,0.4666666666666667,0.5333333333333333
gcc,0.6190476190476191,0.7619047619047619
clang,0.014598540145985401,0.014598540145985401
gcc,0.5813953488372093,0.9069767441860465
clang,0.06172839506172839,0.07407407407407407
gcc,0.6117824773413897,0.8851963746223565
clang,0.015037593984962405,0.015037593984962405
clang,0.05732484076433121,0.03184713375796178
gcc,0.6576576576576577,0.7117117117117117
clang,0.020029673590504452,0.05137240356083086
clang,0.050359712230215826,0.04316546762589928
gcc,0.6831683168316832,0.900990099009901
clang,0.047619047619047616,0.047619047619047616
gcc,0.6764705882352942,0.6764705882352942
gcc,0.565028901734104,0.6011560693641619
gcc,0.7428571428571429,0.75
gcc,0.7849462365591398,0.7849462365591398
gcc,0.8083333333333333,0.8083333333333333
clang,0.125,0.125
gcc,0.57235072619688,1.1086605701990317
clang,0.050359712230215826,0.04316546762589928
gcc,0.8205128205128205,0.7692307692307693
clang,0.1,0.13333333333333333
gcc,0.6771653543307087,0.6692913385826772
clang,0.07575757575757576,0.045454545454545456
clang,0.08588957055214724,0.049079754601226995
gcc,0.43373493975903615,0.6385542168674698
clang,0.045112781954887216,0.03007518796992481
clang,0.036290322580645164,0.10887096774193548
clang,0.019230769230769232,0.019230769230769232
gcc,0.5368852459016393,0.8032786885245902
gcc,0.7794321329639889,0.7863573407202216
gcc,0.7701149425287356,0.7586206896551724
clang,0.01652892561983471,0.01652892561983471
clang,0.0425531914893617,0.05673758865248227
clang,0.058823529411764705,0.058823529411764705
gcc,0.5844155844155844,0.7662337662337663
clang,0.05319148936170213,0.06382978723404255
clang,0.019230769230769232,0.019230769230769232
gcc,0.5625,0.7757352941176471
gcc,0.8058252427184466,0.7961165048543689
clang,0.01904761904761905,0.01904761904761905
clang,0.0967741935483871,0.06451612903225806
gcc,0.7475728155339806,0.7281553398058253
clang,0.028985507246376812,0.06521739130434782
gcc,0.5,0.6888888888888889
gcc,0.46875,0.59375
clang,0.06172839506172839,0.07407407407407407
gcc,0.7303370786516854,0.7191011235955056
clang,0.08024691358024691,0.037037037037037035
gcc,0.4166666666666667,0.3333333333333333
clang,0.0425531914893617,0.0425531914893617
clang,0.05263157894736842,0.05263157894736842
clang,0.2,0.2
clang,0.046218487394957986,0.0546218487394958
gcc,0.1785028790786948,0.255278310940499
clang,0.058823529411764705,0.058823529411764705
gcc,0.6460176991150443,0.6283185840707964
gcc,0.6125,0.7875
gcc,0.8108108108108109,0.7567567567567568
clang,0.0425531914893617,0.0425531914893617
gcc,0.6634615384615384,0.6442307692307693
clang,0.014134275618374558,0.014134275618374558
gcc,0.4,0.3
gcc,0.8181818181818182,0.8181818181818182
gcc,0.593939393939394,0.9393939393939394
clang,0.08860759493670886,0.0379746835443038
gcc,0.5538461538461539,0.9692307692307692
gcc,0.6649484536082474,0.6288659793814433
gcc,0.8235294117647058,0.7941176470588235
clang,0.03676470588235294,0.022058823529411766
gcc,0.6451612903225806,0.5806451612903226
gcc,0.6915887850467289,0.6915887850467289
clang,0.05813953488372093,0.06976744186046512
clang,0.10526315789473684,0.10526315789473684
clang,0.06,0.06
gcc,0.6346153846153846,0.9519230769230769
gcc,0.6367924528301887,0.6273584905660378
clang,0.05263157894736842,0.045112781954887216
gcc,0.6008403361344538,0.8571428571428571
clang,0.019417475728155338,0.019417475728155338
clang,0.05555555555555555,0.06666666666666667
clang,0.05,0.06
gcc,0.43478260869565216,0.6739130434782609
clang,0.0594059405940594,0.0594059405940594
clang,0.03763440860215054,0.026881720430107527
gcc,0.6521739130434783,1.0869565217391304
clang,0.1111111111111111,0.1111111111111111
gcc,0.8076923076923077,0.7596153846153846
gcc,0.5,0.7394366197183099
clang,0.0125,0.0125
clang,0.017543859649122806,0.017543859649122806
gcc,0.7995867768595041,0.7954545454545454
clang,0.050445103857566766,0.05192878338278932
gcc,0.45652173913043476,0.5108695652173914
clang,0.03389830508474576,0.025423728813559324
gcc,0.8270440251572327,0.8207547169811321
gcc,0.6024096385542169,0.8072289156626506
gcc,0.7372627372627373,0.7952047952047953
gcc,0.554945054945055,0.7362637362637363
clang,0.057692307692307696,0.0673076923076923
clang,0.026615969581749048,0.06844106463878327
gcc,0.3,0.3
clang,0.005747126436781609,0.005747126436781609
gcc,0.7647058823529411,0.7606019151846786
clang,0.04950495049504951,0.0594059405940594
gcc,0.6730769230769231,0.6634615384615384
gcc,0.6893203883495146,0.6699029126213593
clang,0.04666666666666667,0.04666666666666667
clang,0.03946764570904084,0.06195502524093621
gcc,0.8,0.7777777777777778
gcc,0.43010752688172044,0.5161290322580645
clang,0.031227821149751596,0.048970901348474094
gcc,0.8108108108108109,0.7567567567567568
gcc,0.7769857433808554,0.7810590631364562
clang,0.3,0.3
clang,0.045454545454545456,0.05303030303030303
gcc,0.6863270777479893,0.6823056300268097
gcc,0.8409090909090909,0.8106060606060606
gcc,0.7,0.5333333333333333
clang,0.08333333333333333,0.08333333333333333
clang,0.05405405405405406,0.05405405405405406
clang,0.015741833923652106,0.030303030303030304
gcc,0.41414141414141414,0.46464646464646464
gcc,0.7777777777777778,0.6296296296296297
clang,0.04020100502512563,0.04020100502512563
clang,0.051220679751077074,0.07180469123982768
gcc,0.5567010309278351,0.9742268041237113
clang,0.07407407407407407,0.07407407407407407
gcc,0.5087719298245614,0.8070175438596491
gcc,0.501358695652174,0.7255434782608695
gcc,0.7246376811594203,0.7536231884057971
clang,0.06040268456375839,0.06711409395973154
clang,0.06844106463878327,0.060836501901140684
gcc,0.6717557251908397,1.0229007633587786
gcc,0.6216216216216216,0.9279279279279279
gcc,0.5233644859813084,0.8130841121495327
gcc,0.47368421052631576,0.6616541353383458
gcc,0.6814159292035398,0.7079646017699115
clang,0.047619047619047616,0.05714285714285714
gcc,0.45907473309608543,0.9039145907473309
clang,0.06172839506172839,0.07407407407407407
gcc,0.6690647482014388,0.7913669064748201
clang,0.13333333333333333,0.13333333333333333
gcc,0.7058823529411765,0.7352941176470589
gcc,0.38271604938271603,1.0246913580246915
gcc,0.6015625,0.9140625
gcc,0.41346153846153844,0.5288461538461539
gcc,0.6528925619834711,0.6446280991735537
clang,0.047619047619047616,0.047619047619047616
gcc,0.46153846153846156,0.38461538461538464
clang,0.05319148936170213,0.06382978723404255
clang,0.07462686567164178,0.05970149253731343
clang,0.06172839506172839,0.07407407407407407
gcc,0.7661804922515952,0.7734731084776664
gcc,0.7425742574257426,0.7326732673267327
gcc,0.688,0.68
gcc,0.714975845410628,0.7971014492753623
gcc,0.7110091743119266,0.7935779816513762
gcc,0.6176470588235294,0.6176470588235294
gcc,0.4479166666666667,0.5
clang,0.04395604395604396,0.0989010989010989
gcc,0.6460176991150443,0.6814159292035398
gcc,0.45454545454545453,0.8181818181818182
gcc,0.5654237288135593,1.0759322033898304
gcc,0.6901057871810827,1.0342252644679526
gcc,0.6715328467153284,1.0
gcc,0.3,0.3
clang,0.014164305949008499,0.014164305949008499
gcc,0.6785714285714286,0.6607142857142857
gcc,0.3,0.3
clang,0.056962025316455694,0.03164556962025317
gcc,0.7592592592592593,0.762962962962963
gcc,0.7714285714285715,0.7714285714285715
clang,0.003134796238244514,0.003134796238244514
gcc,0.5454545454545454,0.7355371900826446
gcc,0.4,0.3
gcc,0.7419354838709677,0.7204301075268817
clang,0.10526315789473684,0.05263157894736842
clang,0.05303030303030303,0.15151515151515152
gcc,0.691747572815534,0.7063106796116505
clang,0.03571428571428571,0.023809523809523808
clang,0.05128205128205128,0.038461538461538464
gcc,0.6756756756756757,0.7117117117117117
clang,0.1111111111111111,0.07407407407407407
clang,0.02912621359223301,0.02912621359223301
gcc,0.7272727272727273,0.7727272727272727
gcc,0.3855421686746988,0.42168674698795183
gcc,0.4027777777777778,0.5
gcc,0.6305732484076433,0.9044585987261147
gcc,0.42857142857142855,0.44047619047619047
gcc,0.7446808510638298,1.2765957446808511
gcc,0.6923076923076923,0.676923076923077
gcc,0.4626865671641791,0.746268656716418
gcc,0.5394190871369294,0.6929460580912863
gcc,0.43636363636363634,0.6545454545454545
gcc,0.6936936936936937,0.6846846846846847
gcc,0.6360316494217894,0.7754108338405356
gcc,0.559322033898305,1.0427118644067797
gcc,0.8846153846153846,0.8566433566433567
gcc,0.6923076923076923,0.676923076923077
gcc,0.6451612903225806,0.6236559139784946
clang,0.014218009478672985,0.020537124802527645
clang,0.012987012987012988,0.025974025974025976
gcc,0.3902439024390244,0.47560975609756095
clang,0.050505050505050504,0.08585858585858586
clang,0.15384615384615385,0.15384615384615385
gcc,0.6458333333333334,0.6510416666666666
gcc,0.7613636363636364,0.75
gcc,0.8281718281718282,0.8081918081918081
gcc,0.65625,0.9921875
gcc,0.3125,0.328125
clang,0.03678929765886288,0.023411371237458192
gcc,0.44333333333333336,0.6366666666666667
clang,0.05202312138728324,0.07514450867052024
gcc,0.35365853658536583,0.4634146341463415
gcc,0.425531914893617,0.46808510638297873
clang,0.03985507246376811,0.025362318840579712
clang,0.02142857142857143,0.02142857142857143
clang,0.037383177570093455,0.018691588785046728
clang,0.0392156862745098,0.05228758169934641
gcc,0.5609028960817717,0.9987223168654173
clang,0.003134796238244514,0.003134796238244514
gcc,0.7044025157232704,0.9622641509433962
clang,0.06293706293706294,0.08741258741258741
gcc,0.7687125748502994,0.8413173652694611
gcc,0.7342342342342343,0.9684684684684685
gcc,0.39285714285714285,0.44047619047619047
gcc,0.6666666666666666,0.6984126984126984
gcc,0.6666666666666666,0.9420289855072463
gcc,0.6814159292035398,0.6548672566371682
clang,0.06172839506172839,0.04938271604938271
gcc,0.6954933008526187,0.97442143727162
gcc,0.7303370786516854,0.7191011235955056
gcc,0.7581967213114754,0.7663934426229508
clang,0.031746031746031744,0.047619047619047616
gcc,0.48,0.74
gcc,0.7129629629629629,0.6759259259259259
clang,0.13043478260869565,0.08695652173913043
gcc,0.5414398064125832,1.0490018148820326
clang,0.058823529411764705,0.058823529411764705
clang,0.05319148936170213,0.06382978723404255
gcc,0.4755244755244755,0.8811188811188811
clang,0.05434782608695652,0.21739130434782608
gcc,0.7029702970297029,0.801980198019802
gcc,0.7341772151898734,0.7721518987341772
gcc,0.65,0.65
gcc,0.7848837209302325,0.7383720930232558
clang,0.039868667917448405,0.06425891181988742
gcc,0.7384806973848069,0.8542963885429639
gcc,0.7710843373493976,0.7469879518072289
clang,0.09090909090909091,0.09090909090909091
clang,0.047619047619047616,0.047619047619047616
gcc,0.5114942528735632,1.0229885057471264
clang,0.03466204506065858,0.04852686308492201
gcc,0.7448275862068966,0.8
gcc,0.7717391304347826,0.7608695652173914
clang,0.3,0.2
clang,0.05405405405405406,0.05405405405405406
gcc,0.4,0.4666666666666667
gcc,0.5340909090909091,0.6704545454545454
clang,0.2,0.2
clang,0.06569343065693431,0.051094890510948905
gcc,0.512,1.016
clang,0.13333333333333333,0.13333333333333333
clang,0.05102040816326531,0.061224489795918366
clang,0.06896551724137931,0.034482758620689655
gcc,0.636085626911315,0.7755351681957187
gcc,0.5806451612903226,0.7741935483870968
clang,0.04487179487179487,0.038461538461538464
gcc,0.6634304207119741,0.7766990291262136
clang,0.050505050505050504,0.06060606060606061
gcc,0.56,0.67
gcc,0.7014925373134329,0.9701492537313433
gcc,0.35,0.6
gcc,0.6451612903225806,0.6451612903225806
clang,0.05813953488372093,0.06976744186046512
gcc,0.7050359712230215,0.5035971223021583
clang,0.17708333333333334,0.14583333333333334
clang,0.043859649122807015,0.05263157894736842
gcc,0.7471980074719801,0.8430884184308842
clang,0.024,0.136
gcc,0.6793893129770993,0.7099236641221374
gcc,0.5114155251141552,0.8310502283105022
clang,0.011976047904191617,0.011976047904191617
clang,0.016666666666666666,0.016666666666666666
gcc,0.5072463768115942,1.0579710144927537
clang,0.046511627906976744,0.023255813953488372
gcc,0.5827338129496403,0.9280575539568345
clang,0.056818181818181816,0.06818181818181818
gcc,0.7466666666666667,0.9333333333333333
clang,0.05200594353640416,0.05200594353640416
gcc,0.7062937062937062,1.027972027972028
clang,0.04411764705882353,0.029411764705882353
clang,0.03866348448687351,0.06157517899761337
gcc,0.82,0.83
gcc,0.44565217391304346,0.6630434782608695
clang,0.125,0.125
gcc,0.6822429906542056,0.719626168224299
clang,0.1875,0.1875
clang,0.021739130434782608,0.021739130434782608
gcc,0.7833333333333333,0.7916666666666666
gcc,0.671875,0.703125
gcc,0.6666666666666666,0.9393939393939394
gcc,0.5245098039215687,0.7058823529411765
clang,0.048,0.056
clang,0.03389830508474576,0.025423728813559324
clang,0.03137789904502047,0.0504774897680764
clang,0.053763440860215055,0.06451612903225806
gcc,0.43010752688172044,1.010752688172043
gcc,0.6366421568627451,0.7616421568627451
gcc,0.42857142857142855,0.4642857142857143
gcc,0.75,0.7232142857142857
clang,0.046875,0.046875
clang,0.05128205128205128,0.08974358974358974
gcc,0.6694214876033058,0.6528925619834711
gcc,0.5965665236051502,0.6180257510729614
clang,0.06993006993006994,0.09090909090909091
clang,0.052083333333333336,0.0625
clang,0.040145985401459854,0.025547445255474453
gcc,0.6496350364963503,0.6788321167883211
clang,0.13043478260869565,0.08695652173913043
gcc,0.5267489711934157,0.8395061728395061
gcc,0.6756756756756757,0.6576576576576577
gcc,0.7804878048780488,0.7707317073170732
gcc,0.721259842519685,0.889763779527559
clang,0.031541218637992835,0.05591397849462366
clang,0.044444444444444446,0.1
clang,0.05172413793103448,0.02413793103448276
clang,0.006993006993006993,0.006993006993006993
gcc,0.6559139784946236,0.6451612903225806
clang,0.013605442176870748,0.013605442176870748
gcc,0.735632183908046,0.7816091954022989
clang,0.05434782608695652,0.06521739130434782
gcc,0.723404255319149,0.7872340425531915
clang,0.03932584269662921,0.02247191011235955
gcc,0.65,0.9875
clang,0.06282722513089005,0.05759162303664921
clang,0.2,0.2
gcc,0.7710843373493976,0.7590361445783133
gcc,0.5833333333333334,0.9702380952380952
gcc,0.8333333333333334,0.8157894736842105
gcc,0.7722772277227723,0.7623762376237624
clang,0.049586776859504134,0.049586776859504134
gcc,0.6738609112709832,0.7865707434052758
gcc,0.6367924528301887,0.6273584905660378
gcc,0.5093167701863354,1.0745341614906831
gcc,0.43829787234042555,0.6148936170212767
clang,0.050359712230215826,0.04316546762589928
clang,0.05319148936170213,0.06382978723404255
gcc,0.42857142857142855,0.5625
gcc,0.7333333333333333,0.780952380952381
clang,0.052083333333333336,0.0625
gcc,0.7391304347826086,0.717391304347826
gcc,0.5789473684210527,0.47368421052631576
clang,0.054945054945054944,0.06593406593406594
gcc,0.4431818181818182,0.6477272727272727
gcc,0.36666666666666664,0.4111111111111111
gcc,0.6550387596899225,0.6937984496124031
clang,0.10526315789473684,0.10526315789473684
clang,0.04580152671755725,0.06870229007633588
clang,0.013422818791946308,0.006711409395973154
gcc,0.7864077669902912,0.7766990291262136
gcc,0.3902439024390244,0.47560975609756095
clang,0.1,0.1
gcc,0.7110091743119266,0.8165137614678899
gcc,0.375,0.5
gcc,0.5627118644067797,1.0616949152542372
clang,0.014814814814814815,0.014814814814814815
gcc,0.6059113300492611,0.6699507389162561
gcc,0.48322147651006714,0.6577181208053692
clang,0.12,0.08
gcc,0.6740947075208914,0.7158774373259053
clang,0.020134228187919462,0.020134228187919462
gcc,0.7237569060773481,0.7348066298342542
gcc,0.8360655737704918,0.7868852459016393
clang,0.03946764570904084,0.05966039467645709
gcc,0.6690140845070423,1.0140845070422535
gcc,0.546875,0.96875
clang,0.05405405405405406,0.05405405405405406
gcc,0.4,0.5
gcc,0.375,0.5
clang,0.03932584269662921,0.02247191011235955
clang,0.009433962264150943,0.009433962264150943
gcc,0.6984126984126984,0.746031746031746
clang,0.058823529411764705,0.07058823529411765
clang,0.0603448275862069,0.05172413793103448
gcc,0.4423076923076923,0.9423076923076923
clang,0.056179775280898875,0.06741573033707865
clang,0.0636042402826855,0.08480565371024736
gcc,0.6867469879518072,0.6867469879518072
gcc,0.7837728194726167,0.7890466531440162
gcc,0.5594202898550724,0.9623188405797102
clang,0.03740036787247088,0.060085836909871244
clang,0.019230769230769232,0.019230769230769232
gcc,0.697986577181208,0.6845637583892618
clang,0.018691588785046728,0.018691588785046728
clang,0.017341040462427744,0.10982658959537572
gcc,0.3924050632911392,0.5063291139240507
gcc,0.5,0.5
clang,0.047058823529411764,0.058823529411764705
gcc,0.706766917293233,0.7969924812030075
clang,0.0375,0.04583333333333333
clang,0.05263157894736842,0.039473684210526314
gcc,0.5841584158415841,0.8316831683168316
gcc,0.7587412587412588,0.7517482517482518
clang,0.018018018018018018,0.018018018018018018
gcc,0.375,1.0277777777777777
gcc,0.5519194461925739,0.9993706733794839
clang,0.03640776699029126,0.054004854368932036
gcc,0.6269349845201239,0.8591331269349846
gcc,0.6036036036036037,0.963963963963964
clang,0.10526315789473684,0.10526315789473684
gcc,0.7752808988764045,0.7640449438202247
gcc,0.6451612903225806,0.6451612903225806
gcc,0.6894586894586895,0.6809116809116809
gcc,0.44565217391304346,0.6521739130434783
gcc,0.4,0.3
clang,0.00048262548262548264,0.0035392535392535394
gcc,0.35714285714285715,0.5595238095238095
gcc,0.6994219653179191,0.7109826589595376
clang,0.03858980466888995,0.06145783706526917
gcc,0.8319327731092437,0.8235294117647058
clang,0.009433962264150943,0.009433962264150943
clang,0.07352941176470588,0.04411764705882353
gcc,0.6766917293233082,0.6616541353383458
gcc,0.5647668393782384,0.8808290155440415
gcc,0.45454545454545453,0.8636363636363636
gcc,0.6264367816091954,0.6206896551724138
clang,0.056338028169014086,0.03755868544600939
clang,0.023121387283236993,0.11560693641618497
clang,0.012903225806451613,0.012903225806451613
gcc,0.4725274725274725,0.7087912087912088
gcc,0.7333333333333333,0.780952380952381
gcc,0.45528455284552843,1.056910569105691
clang,0.024,0.136
gcc,0.7926829268292683,0.7804878048780488
clang,0.059322033898305086,0.05084745762711865
clang,0.0375,0.04583333333333333
gcc,0.8170731707317073,0.8048780487804879
clang,0.04854368932038835,0.05825242718446602
clang,0.058823529411764705,0.07058823529411765
gcc,0.6163522012578616,0.8427672955974843
clang,0.024793388429752067,0.024793388429752067
gcc,0.7619047619047619,0.7777777777777778
gcc,0.6761904761904762,0.6666666666666666
gcc,0.5227272727272727,0.6704545454545454
clang,0.028469750889679714,0.06405693950177936
gcc,0.6373626373626373,0.6593406593406593
clang,0.05,0.06
gcc,0.5527950310559007,0.9751552795031055
clang,0.07246376811594203,0.043478260869565216
gcc,0.6410256410256411,0.9487179487179487
clang,0.043256997455470736,0.061068702290076333
gcc,0.7373737373737373,0.7878787878787878
gcc,0.4174757281553398,0.6310679611650486
clang,0.04294478527607362,0.04294478527607362
gcc,0.7253363228699552,0.7242152466367713
gcc,0.6035502958579881,0.8461538461538461
gcc,0.6868686868686869,0.6767676767676768
gcc,0.44042553191489364,0.6148936170212767
clang,0.08974358974358974,0.057692307692307696
gcc,0.751937984496124,0.751937984496124
clang,0.05813953488372093,0.06976744186046512
gcc,0.7619047619047619,0.8095238095238095
clang,0.04918032786885246,0.06557377049180328
gcc,0.48522349464351683,1.162726265238271
clang,0.011560693641618497,0.028901734104046242
clang,0.05,0.04285714285714286
gcc,0.76,0.7666666666666667
gcc,0.46875,0.625
clang,0.050359712230215826,0.04316546762589928
gcc,0.7647058823529411,0.7647058823529411
gcc,0.4482758620689655,0.6666666666666666
clang,0.059322033898305086,0.05084745762711865
gcc,0.6027027027027027,0.7783783783783784
clang,0.05747126436781609,0.06896551724137931
gcc,0.6986301369863014,0.958904109589041
