label,nop_total,1B_R,2B_R,3B_R,4B_R,5B_R,6B_R,7B_R,8B_R,9B_R,10B_V,11B_V,12B_V,13B_V,14B_V,15B_V,OTHERS
icc,0.010494732035881891,0.08930323846908735,0.03925417075564279,0.08701341184167484,0.08766764802093556,0.12103369316323193,0.038272816486751716,0.2741249591102388,0.15472685639515865,0.05920837422309454,0.012103369316323193,0.002944062806673209,0.0009813542688910696,0.007523716061498201,0.0009813542688910696,0.024860974811907098,0.0
gcc,0.04353994066051654,0.07726680320238317,0.071960528765593,0.12306832991994042,0.1350772668032024,0.11878607335691678,0.10668404393967604,0.11515546453174455,0.06395457084341835,0.05836901880469186,0.12967789983243344,0.0,0.0,0.0,0.0,0.0,0.0
clang,0.020811824794199803,0.09996256083863722,0.09659303631598652,0.09135155372519656,0.09771621115687008,0.10614002246349681,0.04904530138524897,0.05035567203294646,0.05204043429427181,0.05709472107824785,0.2997004867090977,0.0,0.0,0.0,0.0,0.0,0.0
gcc,6.86404612638997e-05,0.08333333333333333,0.0,0.0,0.16666666666666666,0.08333333333333333,0.08333333333333333,0.08333333333333333,0.08333333333333333,0.08333333333333333,0.3333333333333333,0.0,0.0,0.0,0.0,0.0,0.0
icc,0.001003255965680029,0.8404907975460123,0.012269938650306749,0.006134969325153374,0.018404907975460124,0.018404907975460124,0.012269938650306749,0.024539877300613498,0.03067484662576687,0.012269938650306749,0.024539877300613498,0.0,0.0,0.0,0.0,0.0,0.0
icc,0.0009224189738787718,0.8636363636363636,0.010101010101010102,0.005050505050505051,0.020202020202020204,0.015151515151515152,0.010101010101010102,0.020202020202020204,0.020202020202020204,0.010101010101010102,0.025252525252525252,0.0,0.0,0.0,0.0,0.0,0.0
clang,0.020143000782035528,0.1035311517840636,0.1022370123867628,0.09188389720835645,0.09299315954889999,0.10038824181919023,0.04769828064337216,0.04991680532445923,0.052874838232575334,0.056017748197448695,0.3024588648548715,0.0,0.0,0.0,0.0,0.0,0.0
icc,0.0009643149592725079,0.8547486033519553,0.0111731843575419,0.00558659217877095,0.01675977653631285,0.01675977653631285,0.0111731843575419,0.0223463687150838,0.027932960893854747,0.0111731843575419,0.0223463687150838,0.0,0.0,0.0,0.0,0.0,0.0
gcc,0.007045871559633028,0.9933712121212122,0.0,0.0,0.0014204545454545455,0.000946969696969697,0.0004734848484848485,0.0004734848484848485,0.0004734848484848485,0.0004734848484848485,0.0023674242424242425,0.0,0.0,0.0,0.0,0.0,0.0
gcc,0.04581495141143012,0.05330116253564378,0.048036850186444394,0.09190611976310595,0.08400965123930687,0.0851063829787234,0.1079184031585874,0.09453827593770564,0.33209037069532793,0.04759815749067778,0.055494626014476856,0.0,0.0,0.0,0.0,0.0,0.0
gcc,0.0503160762308346,0.04627487274409996,0.040953262378528456,0.0948634891254049,0.07936140675613142,0.08028690421101342,0.10273021749190189,0.09301249421564091,0.35053216103655715,0.04766311892642295,0.06432207311429894,0.0,0.0,0.0,0.0,0.0,0.0
icc,0.0005457137810078986,0.9132947976878613,0.005780346820809248,0.0,0.017341040462427744,0.005780346820809248,0.005780346820809248,0.005780346820809248,0.011560693641618497,0.005780346820809248,0.028901734104046242,0.0,0.0,0.0,0.0,0.0,0.0
clang,0.01634077040198535,0.11518708730741012,0.10198092443140132,0.08950843727072634,0.1012472487160675,0.10638297872340426,0.03888481291269259,0.04402054292002935,0.04768892149669846,0.0425531914893617,0.31254585473220836,0.0,0.0,0.0,0.0,0.0,0.0
clang,0.02681894602585657,0.0933852140077821,0.10030263726761782,0.09165585819282317,0.09792477302204929,0.10376134889753567,0.048205793341980115,0.051232166018158234,0.06268914829226113,0.050799827064418504,0.30004323389537396,0.0,0.0,0.0,0.0,0.0,0.0
gcc,0.038504040794045985,0.07595666205624711,0.07261410788381743,0.12828492392807744,0.12701705855232825,0.11698939603503919,0.11837252189949285,0.11076532964499769,0.06131857999077916,0.0656984785615491,0.12298294144767173,0.0,0.0,0.0,0.0,0.0,0.0
icc,0.010462464108863046,0.0913671481357071,0.03963721867651999,0.08632851864292912,0.08599261001007726,0.12059119919381928,0.03627813234800134,0.2720859926100101,0.15586160564326504,0.060127645280483706,0.013436345314074572,0.0030231776956667787,0.001007725898555593,0.007725898555592879,0.001007725898555593,0.025529056096741685,0.0
gcc,0.00016954283984256735,0.07142857142857142,0.0,0.0,0.21428571428571427,0.07142857142857142,0.07142857142857142,0.07142857142857142,0.07142857142857142,0.07142857142857142,0.35714285714285715,0.0,0.0,0.0,0.0,0.0,0.0
clang,0.020090732339598186,0.10140897293288839,0.09399332591768632,0.09566184649610679,0.09992584352984799,0.10622914349276974,0.04968483500185391,0.05024100852799407,0.04579162031887282,0.05042639970337412,0.30663700407860583,0.0,0.0,0.0,0.0,0.0,0.0
gcc,0.03898116426943226,0.07352312558775755,0.07189877746430709,0.12806702573309395,0.12712661366162264,0.11541420877147987,0.12062922116782081,0.1104556723946311,0.07275369752928101,0.06557236898350004,0.11455928870650595,0.0,0.0,0.0,0.0,0.0,0.0
icc,0.010305923557690696,0.08821614583333333,0.039713541666666664,0.08821614583333333,0.08821614583333333,0.11946614583333333,0.0361328125,0.2766927083333333,0.154296875,0.05859375,0.013346354166666666,0.0029296875,0.0009765625,0.007486979166666667,0.0009765625,0.024739583333333332,0.0
icc,0.0005062746950331342,0.9217877094972067,0.00558659217877095,0.0,0.01675977653631285,0.00558659217877095,0.00558659217877095,0.00558659217877095,0.00558659217877095,0.00558659217877095,0.027932960893854747,0.0,0.0,0.0,0.0,0.0,0.0
icc,0.010494732035881891,0.08930323846908735,0.03925417075564279,0.08701341184167484,0.08766764802093556,0.12103369316323193,0.038272816486751716,0.2741249591102388,0.15472685639515865,0.05920837422309454,0.012103369316323193,0.002944062806673209,0.0009813542688910696,0.007523716061498201,0.0009813542688910696,0.024860974811907098,0.0
gcc,0.00010990218705352236,0.11764705882352941,0.0,0.0,0.17647058823529413,0.11764705882352941,0.058823529411764705,0.058823529411764705,0.058823529411764705,0.058823529411764705,0.35294117647058826,0.0,0.0,0.0,0.0,0.0,0.0
icc,0.010473715206635469,0.09158249158249158,0.03939393939393939,0.08653198653198653,0.08585858585858586,0.12087542087542087,0.03636363636363636,0.2723905723905724,0.1558922558922559,0.06026936026936027,0.012457912457912458,0.0030303030303030303,0.00101010101010101,0.007744107744107744,0.00101010101010101,0.02558922558922559,0.0
clang,0.010162196210172694,0.1046831955922865,0.09366391184573003,0.09400826446280992,0.10433884297520661,0.09538567493112948,0.060261707988980714,0.040633608815427,0.05612947658402204,0.05612947658402204,0.29476584022038566,0.0,0.0,0.0,0.0,0.0,0.0
clang,0.027010349265678166,0.08926240208877284,0.10476501305483028,0.09546344647519582,0.09774804177545691,0.10133812010443864,0.04993472584856397,0.0527088772845953,0.06380548302872063,0.048302872062663184,0.2966710182767624,0.0,0.0,0.0,0.0,0.0,0.0
clang,0.026256659481882143,0.09332042594385286,0.1004840271055179,0.09196515004840271,0.10009680542110358,0.10358180058083252,0.0484027105517909,0.05150048402710552,0.06098741529525654,0.05208131655372701,0.29757986447241047,0.0,0.0,0.0,0.0,0.0,0.0
icc,0.010492491773012662,0.0913364674278039,0.039959704499664205,0.08629952988582941,0.08529214237743452,0.12055070517125588,0.03626595030221625,0.2719946272666219,0.15614506380120888,0.06044325050369376,0.013431833445265278,0.0030221625251846875,0.0010073875083948958,0.007723304231027535,0.0010073875083948958,0.02552048354600403,0.0
icc,0.0010134886120734133,0.8424242424242424,0.012121212121212121,0.006060606060606061,0.01818181818181818,0.01818181818181818,0.012121212121212121,0.024242424242424242,0.030303030303030304,0.012121212121212121,0.024242424242424242,0.0,0.0,0.0,0.0,0.0,0.0
gcc,0.03865176457444386,0.07526403557531962,0.07226236798221233,0.12918287937743192,0.12773763201778765,0.11573096164535854,0.11773207337409672,0.11306281267370762,0.06336853807670928,0.06481378543635354,0.12084491384102279,0.0,0.0,0.0,0.0,0.0,0.0
gcc,0.042389927735975566,0.07742628392892013,0.06883421206795548,0.12409685608279633,0.12673305994922868,0.12028900605350518,0.110232376488967,0.11413786369849639,0.06502636203866433,0.061804335090802576,0.13141964460066394,0.0,0.0,0.0,0.0,0.0,0.0
clang,0.0005629281847362622,0.24468085106382978,0.3191489361702128,0.2765957446808511,0.0425531914893617,0.010638297872340425,0.010638297872340425,0.010638297872340425,0.010638297872340425,0.010638297872340425,0.06382978723404255,0.0,0.0,0.0,0.0,0.0,0.0
icc,0.0010696911871422045,0.8542713567839196,0.01507537688442211,0.005025125628140704,0.020100502512562814,0.01507537688442211,0.010050251256281407,0.020100502512562814,0.020100502512562814,0.010050251256281407,0.03015075376884422,0.0,0.0,0.0,0.0,0.0,0.0
clang,0.010171126334639149,0.10299261562378546,0.09327633113097551,0.09249902837155072,0.10843373493975904,0.0948309366498251,0.06101826661484648,0.04080839486980179,0.0575204041974349,0.0575204041974349,0.2910998834045861,0.0,0.0,0.0,0.0,0.0,0.0
icc,0.009792757913914825,0.3488372093023256,0.046511627906976744,0.023255813953488372,0.11627906976744186,0.06976744186046512,0.046511627906976744,0.09302325581395349,0.09302325581395349,0.046511627906976744,0.11627906976744186,0.0,0.0,0.0,0.0,0.0,0.0
gcc,0.00010990147655866153,0.11764705882352941,0.0,0.0,0.17647058823529413,0.11764705882352941,0.058823529411764705,0.058823529411764705,0.058823529411764705,0.058823529411764705,0.35294117647058826,0.0,0.0,0.0,0.0,0.0,0.0
gcc,0.04222367393763643,0.07849056603773585,0.07182389937106919,0.12603773584905661,0.13270440251572327,0.11773584905660377,0.10666666666666667,0.10955974842767295,0.06276729559748427,0.060125786163522016,0.1340880503144654,0.0,0.0,0.0,0.0,0.0,0.0
clang,0.0004499817194926456,0.28125,0.21875,0.03125,0.125,0.03125,0.03125,0.03125,0.03125,0.03125,0.1875,0.0,0.0,0.0,0.0,0.0,0.0
gcc,0.03801777495635614,0.07399290336046754,0.07367981632227093,0.12711333750782716,0.12648716343143393,0.11845126278438739,0.11563347944061783,0.11010227509914423,0.06720935086620747,0.06439156752243791,0.12293884366520559,0.0,0.0,0.0,0.0,0.0,0.0
gcc,0.00024629828170728173,0.058823529411764705,0.0,0.0,0.23529411764705882,0.11764705882352941,0.058823529411764705,0.058823529411764705,0.058823529411764705,0.058823529411764705,0.35294117647058826,0.0,0.0,0.0,0.0,0.0,0.0
icc,0.009376231612360328,0.0849190570860551,0.040613462084635045,0.08577108775915933,0.09003124112468049,0.12042033513206475,0.039477421187162735,0.2857142857142857,0.15166145981255325,0.05850610621982391,0.010508378301618859,0.0025560920193126954,0.0008520306731042318,0.006532235160465777,0.0008520306731042318,0.021584777051973873,0.0
clang,0.01937037936238176,0.1042025067584173,0.09879577291717867,0.09191447530105677,0.09289751781764562,0.1039567461292701,0.04521995576308675,0.050626689604325384,0.04644875890882281,0.05210125337920865,0.31383632342098794,0.0,0.0,0.0,0.0,0.0,0.0
icc,0.010483423631485855,0.0908485856905158,0.04059900166389351,0.08585690515806989,0.08452579034941764,0.1211314475873544,0.03693843594009984,0.2718801996672213,0.15707154742096505,0.05956738768718802,0.013643926788685524,0.002995008319467554,0.0009983361064891847,0.007653910149750416,0.0009983361064891847,0.02529118136439268,0.0
icc,0.010985290383362713,0.08944723618090453,0.03785594639865997,0.08944723618090453,0.08576214405360134,0.11892797319932999,0.037520938023450585,0.27537688442211056,0.15611390284757118,0.05795644891122278,0.01340033500837521,0.003015075376884422,0.0010050251256281408,0.007705192629815745,0.0010050251256281408,0.025460636515912898,0.0
icc,0.0010300449746381368,0.8488372093023255,0.011627906976744186,0.005813953488372093,0.01744186046511628,0.01744186046511628,0.011627906976744186,0.023255813953488372,0.029069767441860465,0.011627906976744186,0.023255813953488372,0.0,0.0,0.0,0.0,0.0,0.0
gcc,0.04139933296542458,0.07731540512344963,0.0717514779181639,0.12854990147212242,0.13225918627564623,0.11579923496000927,0.10397588964877709,0.10872841080329199,0.06954909006607164,0.05958038715660137,0.13249101657586645,0.0,0.0,0.0,0.0,0.0,0.0
clang,0.010639056418788437,0.09913432002234013,0.0963418039653728,0.09131527506283162,0.1117006422786931,0.0963418039653728,0.06171460485897794,0.04244624406590338,0.05166154705389556,0.054454063110862885,0.2948896956157498,0.0,0.0,0.0,0.0,0.0,0.0
gcc,8.01993526766534e-05,0.07142857142857142,0.07142857142857142,0.0,0.14285714285714285,0.07142857142857142,0.07142857142857142,0.07142857142857142,0.07142857142857142,0.07142857142857142,0.35714285714285715,0.0,0.0,0.0,0.0,0.0,0.0
icc,0.0005192526631856312,0.9130434782608695,0.006211180124223602,0.0,0.018633540372670808,0.006211180124223602,0.006211180124223602,0.006211180124223602,0.006211180124223602,0.006211180124223602,0.031055900621118012,0.0,0.0,0.0,0.0,0.0,0.0
icc,0.0325276420673695,0.13965744400527008,0.034255599472990776,0.05401844532279315,0.01844532279314888,0.07378129117259552,0.05665349143610013,0.15151515151515152,0.17654808959156784,0.09749670619235837,0.05138339920948617,0.011857707509881422,0.002635046113306983,0.02766798418972332,0.003952569169960474,0.10013175230566534,0.0
icc,0.011057837674398514,0.087890625,0.0380859375,0.09049479166666667,0.0869140625,0.11946614583333333,0.039388020833333336,0.2763671875,0.15462239583333334,0.056640625,0.013020833333333334,0.0029296875,0.0009765625,0.007486979166666667,0.0009765625,0.024739583333333332,0.0
gcc,7.523443587607814e-05,0.14285714285714285,0.0,0.0,0.14285714285714285,0.07142857142857142,0.07142857142857142,0.07142857142857142,0.07142857142857142,0.07142857142857142,0.35714285714285715,0.0,0.0,0.0,0.0,0.0,0.0
gcc,0.04139933296542458,0.07731540512344963,0.0717514779181639,0.12854990147212242,0.13225918627564623,0.11579923496000927,0.10397588964877709,0.10872841080329199,0.06954909006607164,0.05958038715660137,0.13249101657586645,0.0,0.0,0.0,0.0,0.0,0.0
gcc,7.253654726035041e-05,0.07692307692307693,0.0,0.07692307692307693,0.15384615384615385,0.07692307692307693,0.07692307692307693,0.07692307692307693,0.07692307692307693,0.07692307692307693,0.3076923076923077,0.0,0.0,0.0,0.0,0.0,0.0
clang,0.019361880058397472,0.10297706198145437,0.09956076134699854,0.09126403123474866,0.09321620302586628,0.10370912640312348,0.04538799414348463,0.050268423621278674,0.04636408003904344,0.0529526598340654,0.31429965836993656,0.0,0.0,0.0,0.0,0.0,0.0
gcc,0.005376344086021506,0.0625,0.0,0.0,0.1875,0.125,0.0625,0.0625,0.125,0.0625,0.3125,0.0,0.0,0.0,0.0,0.0,0.0
icc,0.0010970893422980038,0.8491620111731844,0.0111731843575419,0.00558659217877095,0.0223463687150838,0.01675977653631285,0.0111731843575419,0.0223463687150838,0.0223463687150838,0.0111731843575419,0.027932960893854747,0.0,0.0,0.0,0.0,0.0,0.0
icc,0.01039577225736769,0.08136761197985688,0.04214153193745031,0.08057248873575404,0.09567983037370792,0.12032865094089584,0.03896103896103896,0.2851842035515505,0.15451895043731778,0.061224489795918366,0.009806520010601644,0.0023853697323085077,0.0007951232441028359,0.0060959448714550755,0.0007951232441028359,0.02014312218393851,0.0
gcc,8.465756016911593e-05,0.11764705882352941,0.0,0.0,0.17647058823529413,0.11764705882352941,0.058823529411764705,0.058823529411764705,0.058823529411764705,0.058823529411764705,0.35294117647058826,0.0,0.0,0.0,0.0,0.0,0.0
icc,0.0011038204452075795,0.8444444444444444,0.011111111111111112,0.005555555555555556,0.027777777777777776,0.016666666666666666,0.011111111111111112,0.022222222222222223,0.022222222222222223,0.011111111111111112,0.027777777777777776,0.0,0.0,0.0,0.0,0.0,0.0
icc,0.0005169561621174524,0.9,0.0125,0.0,0.01875,0.00625,0.00625,0.00625,0.00625,0.00625,0.0375,0.0,0.0,0.0,0.0,0.0,0.0
icc,0.010494768064595863,0.08930323846908735,0.03925417075564279,0.08701341184167484,0.08766764802093556,0.12103369316323193,0.038272816486751716,0.2741249591102388,0.15472685639515865,0.05920837422309454,0.012103369316323193,0.002944062806673209,0.0009813542688910696,0.007523716061498201,0.0009813542688910696,0.024860974811907098,0.0
clang,0.01973466852178445,0.10587125677906155,0.09761848620608347,0.09148785663758548,0.09337420419712332,0.10186276821504363,0.045979721763734965,0.05069559066257958,0.04880924310304174,0.0516387644423485,0.3126621079933978,0.0,0.0,0.0,0.0,0.0,0.0
gcc,0.05397653194263364,0.06763285024154589,0.057971014492753624,0.07729468599033816,0.14492753623188406,0.13043478260869565,0.18840579710144928,0.08695652173913043,0.043478260869565216,0.0821256038647343,0.12077294685990338,0.0,0.0,0.0,0.0,0.0,0.0
icc,0.010421950818467739,0.09130580731789191,0.04028197381671702,0.0866062437059416,0.08526351124538435,0.12051023833501175,0.036589459550184625,0.2715676401477006,0.15575696542463915,0.06042296072507553,0.01342732460557234,0.0030211480362537764,0.0010070493454179255,0.007720711648204095,0.0010070493454179255,0.025511916750587445,0.0
clang,0.020355914187420707,0.09938236945536216,0.09096013475575519,0.09545199326221224,0.0965749578888265,0.10555867490174059,0.04959760434212989,0.05315365899307505,0.05090772973984653,0.05689687441512259,0.3015160022459292,0.0,0.0,0.0,0.0,0.0,0.0
gcc,0.04220390188949767,0.07704440669740355,0.07279786459597185,0.12606163552535793,0.13443338995389467,0.11768988109682116,0.10640621208444552,0.11174472215481679,0.06381946129580199,0.0589662703227372,0.13103615627274934,0.0,0.0,0.0,0.0,0.0,0.0
clang,0.019301536390841794,0.10385756676557864,0.09915924826904056,0.09198813056379822,0.09223541048466864,0.10410484668644907,0.04549950544015826,0.050939663699307615,0.04648862512363996,0.052176063303659745,0.3135509396636993,0.0,0.0,0.0,0.0,0.0,0.0
clang,0.01964308407312601,0.10129390018484288,0.09704251386321626,0.09260628465804066,0.0944547134935305,0.10314232902033271,0.046580406654343806,0.05120147874306839,0.05304990757855822,0.05619223659889094,0.3044362292051756,0.0,0.0,0.0,0.0,0.0,0.0
clang,0.010162196210172694,0.1046831955922865,0.09366391184573003,0.09400826446280992,0.10433884297520661,0.09538567493112948,0.060261707988980714,0.040633608815427,0.05612947658402204,0.05612947658402204,0.29476584022038566,0.0,0.0,0.0,0.0,0.0,0.0
icc,0.0005062746950331342,0.9217877094972067,0.00558659217877095,0.0,0.01675977653631285,0.00558659217877095,0.00558659217877095,0.00558659217877095,0.00558659217877095,0.00558659217877095,0.027932960893854747,0.0,0.0,0.0,0.0,0.0,0.0
icc,0.010380291184899536,0.08464142813173284,0.03847337642351493,0.08987380732533087,0.0855647891658972,0.11972914742997845,0.038781163434903045,0.27977839335180055,0.15789473684210525,0.05878731917513081,0.01138811942136042,0.002770083102493075,0.0009233610341643582,0.007079101261926747,0.0009233610341643582,0.023391812865497075,0.0
gcc,0.042124053705447286,0.07803617571059432,0.07209302325581396,0.1264857881136951,0.1338501291989664,0.11770025839793281,0.10465116279069768,0.11162790697674418,0.0631782945736434,0.059560723514211884,0.13281653746770025,0.0,0.0,0.0,0.0,0.0,0.0
gcc,0.007045871559633028,0.9933712121212122,0.0,0.0,0.0014204545454545455,0.000946969696969697,0.0004734848484848485,0.0004734848484848485,0.0004734848484848485,0.0004734848484848485,0.0023674242424242425,0.0,0.0,0.0,0.0,0.0,0.0
clang,0.0005046611060489241,0.25925925925925924,0.35185185185185186,0.25,0.037037037037037035,0.009259259259259259,0.009259259259259259,0.009259259259259259,0.009259259259259259,0.009259259259259259,0.05555555555555555,0.0,0.0,0.0,0.0,0.0,0.0
clang,0.026765678858121082,0.09312878133102852,0.10047536732929992,0.09140017286084702,0.09788245462402766,0.10436473638720829,0.04883318928262748,0.05099394987035436,0.06266205704407951,0.05077787381158168,0.2994814174589456,0.0,0.0,0.0,0.0,0.0,0.0
gcc,0.05356676247713614,0.06829268292682927,0.05853658536585366,0.07317073170731707,0.14634146341463414,0.13170731707317074,0.1902439024390244,0.08780487804878048,0.04390243902439024,0.08292682926829269,0.11707317073170732,0.0,0.0,0.0,0.0,0.0,0.0
gcc,7.999268638295927e-05,0.07142857142857142,0.0,0.0,0.21428571428571427,0.07142857142857142,0.07142857142857142,0.07142857142857142,0.07142857142857142,0.07142857142857142,0.35714285714285715,0.0,0.0,0.0,0.0,0.0,0.0
icc,0.010380291184899536,0.08464142813173284,0.03847337642351493,0.08987380732533087,0.0855647891658972,0.11972914742997845,0.038781163434903045,0.27977839335180055,0.15789473684210525,0.05878731917513081,0.01138811942136042,0.002770083102493075,0.0009233610341643582,0.007079101261926747,0.0009233610341643582,0.023391812865497075,0.0
gcc,8.366141732283464e-05,0.11764705882352941,0.058823529411764705,0.058823529411764705,0.17647058823529413,0.058823529411764705,0.058823529411764705,0.058823529411764705,0.058823529411764705,0.058823529411764705,0.29411764705882354,0.0,0.0,0.0,0.0,0.0,0.0
gcc,0.007320286036883703,0.9928020565552699,0.0,0.0,0.0015424164524421595,0.0005141388174807198,0.0010282776349614395,0.0005141388174807198,0.0005141388174807198,0.0005141388174807198,0.002570694087403599,0.0,0.0,0.0,0.0,0.0,0.0
icc,0.010917925132578927,0.08086680761099366,0.042283298097251586,0.08403805496828752,0.09460887949260043,0.11892177589852009,0.03964059196617336,0.28752642706131076,0.1543340380549683,0.05787526427061311,0.009778012684989429,0.0023784355179704017,0.0007928118393234672,0.006078224101479916,0.0007928118393234672,0.0200845665961945,0.0
icc,0.0003964834963744634,0.7115384615384616,0.019230769230769232,0.0,0.07692307692307693,0.019230769230769232,0.019230769230769232,0.019230769230769232,0.019230769230769232,0.019230769230769232,0.09615384615384616,0.0,0.0,0.0,0.0,0.0,0.0
icc,0.0011214128576418464,0.8415300546448088,0.01639344262295082,0.00546448087431694,0.02185792349726776,0.01639344262295082,0.01092896174863388,0.02185792349726776,0.02185792349726776,0.01092896174863388,0.03278688524590164,0.0,0.0,0.0,0.0,0.0,0.0
gcc,7.253614252794036e-05,0.07692307692307693,0.0,0.07692307692307693,0.15384615384615385,0.07692307692307693,0.07692307692307693,0.07692307692307693,0.07692307692307693,0.07692307692307693,0.3076923076923077,0.0,0.0,0.0,0.0,0.0,0.0
clang,0.01925672922593972,0.10045998160073596,0.10137994480220791,0.09880404783808648,0.09365225390984361,0.10413983440662374,0.04415823367065318,0.050597976080956765,0.048390064397424104,0.04967801287948482,0.30873965041398344,0.0,0.0,0.0,0.0,0.0,0.0
icc,0.0009910079706223894,0.8466257668711656,0.012269938650306749,0.006134969325153374,0.018404907975460124,0.018404907975460124,0.012269938650306749,0.024539877300613498,0.024539877300613498,0.012269938650306749,0.024539877300613498,0.0,0.0,0.0,0.0,0.0,0.0
gcc,0.007305949829967198,0.9927835051546392,0.0,0.0,0.0015463917525773195,0.0005154639175257732,0.0010309278350515464,0.0005154639175257732,0.0005154639175257732,0.0005154639175257732,0.002577319587628866,0.0,0.0,0.0,0.0,0.0,0.0
gcc,0.007391459822531234,0.9930174563591022,0.0,0.0,0.00199501246882793,0.0004987531172069825,0.0004987531172069825,0.0004987531172069825,0.0004987531172069825,0.0004987531172069825,0.0024937655860349127,0.0,0.0,0.0,0.0,0.0,0.0
clang,0.027103720332149164,0.09665487294950145,0.0992280476037311,0.09697651978128015,0.09504663879060792,0.10324863300096494,0.049211965262142165,0.051785139916371827,0.060791251206175616,0.051945963332261175,0.29511096815696364,0.0,0.0,0.0,0.0,0.0,0.0
clang,0.01994379339295859,0.1008318628686665,0.09024451726745651,0.09251323418200151,0.09805898663977818,0.10587345601209983,0.05117217040584825,0.053440887320393246,0.04638265691958659,0.055205444920594905,0.3062767834635745,0.0,0.0,0.0,0.0,0.0,0.0
icc,0.010473715206635469,0.09158249158249158,0.03939393939393939,0.08653198653198653,0.08585858585858586,0.12087542087542087,0.03636363636363636,0.2723905723905724,0.1558922558922559,0.06026936026936027,0.012457912457912458,0.0030303030303030303,0.00101010101010101,0.007744107744107744,0.00101010101010101,0.02558922558922559,0.0
clang,0.0005285155395718417,0.26436781609195403,0.3218390804597701,0.26436781609195403,0.034482758620689655,0.011494252873563218,0.011494252873563218,0.011494252873563218,0.011494252873563218,0.011494252873563218,0.05747126436781609,0.0,0.0,0.0,0.0,0.0,0.0
clang,0.026838795404300165,0.09282970550576185,0.0998719590268886,0.09154929577464789,0.09752454118651302,0.10413999146393513,0.049082373026035,0.051002987622705935,0.06252667520273154,0.050789586000853607,0.3006828851899274,0.0,0.0,0.0,0.0,0.0,0.0
clang,0.019743148294634964,0.1058213528164035,0.09757247230732972,0.09168041480084846,0.09333019090266322,0.10181475371199623,0.045958048550553854,0.05067169455573886,0.04878623615366486,0.051614423756775864,0.31275041244402546,0.0,0.0,0.0,0.0,0.0,0.0
clang,0.01949239029152061,0.10015934441156385,0.09401320282267243,0.09424083769633508,0.09515137719098565,0.10630548600045527,0.05053494195310722,0.05235602094240838,0.04734805372183019,0.053949465058046896,0.30594127020259504,0.0,0.0,0.0,0.0,0.0,0.0
icc,0.0011247113440300562,0.851063829787234,0.010638297872340425,0.005319148936170213,0.026595744680851064,0.015957446808510637,0.010638297872340425,0.02127659574468085,0.02127659574468085,0.010638297872340425,0.026595744680851064,0.0,0.0,0.0,0.0,0.0,0.0
clang,0.01949239029152061,0.10015934441156385,0.09401320282267243,0.09424083769633508,0.09515137719098565,0.10630548600045527,0.05053494195310722,0.05235602094240838,0.04734805372183019,0.053949465058046896,0.30594127020259504,0.0,0.0,0.0,0.0,0.0,0.0
icc,0.0325276420673695,0.13965744400527008,0.034255599472990776,0.05401844532279315,0.01844532279314888,0.07378129117259552,0.05665349143610013,0.15151515151515152,0.17654808959156784,0.09749670619235837,0.05138339920948617,0.011857707509881422,0.002635046113306983,0.02766798418972332,0.003952569169960474,0.10013175230566534,0.0
icc,0.00045431023801483433,0.9197860962566845,0.0053475935828877,0.0,0.016042780748663103,0.0053475935828877,0.0053475935828877,0.0053475935828877,0.0106951871657754,0.0053475935828877,0.026737967914438502,0.0,0.0,0.0,0.0,0.0,0.0
gcc,0.04023349428103734,0.07471852610030706,0.07258614807233026,0.1269191402251791,0.13084271579665643,0.11676902081200956,0.12018082565677243,0.11438075742067554,0.06277720914363698,0.06397134083930399,0.11685431593312863,0.0,0.0,0.0,0.0,0.0,0.0
clang,0.019361595772535763,0.10425374969264814,0.0988443570199164,0.09171379395131547,0.09294320137693632,0.10400786820752397,0.045242193262847306,0.05065158593557905,0.04647160068846816,0.05212687484632407,0.3137447750184411,0.0,0.0,0.0,0.0,0.0,0.0
clang,0.019987066606974083,0.09980089596814336,0.09109009457441514,0.09183673469387756,0.09905425584868094,0.1052762568442011,0.05102040816326531,0.05375808860129418,0.04604280736684918,0.05599800895968143,0.30612244897959184,0.0,0.0,0.0,0.0,0.0,0.0
clang,0.01927873721891125,0.1037037037037037,0.09851851851851852,0.09185185185185185,0.09234567901234568,0.10395061728395062,0.04518518518518518,0.050617283950617285,0.04716049382716049,0.05234567901234568,0.314320987654321,0.0,0.0,0.0,0.0,0.0,0.0
icc,0.0005252879415802466,0.9141104294478528,0.006134969325153374,0.0,0.018404907975460124,0.006134969325153374,0.006134969325153374,0.006134969325153374,0.006134969325153374,0.006134969325153374,0.03067484662576687,0.0,0.0,0.0,0.0,0.0,0.0
icc,0.0010984476082972242,0.850828729281768,0.011049723756906077,0.0055248618784530384,0.022099447513812154,0.016574585635359115,0.011049723756906077,0.022099447513812154,0.022099447513812154,0.011049723756906077,0.027624309392265192,0.0,0.0,0.0,0.0,0.0,0.0
icc,0.009922741528340856,0.08695652173913043,0.039777983348751156,0.08664816527906259,0.08633980881899475,0.12056737588652482,0.03731113166820845,0.27813752698119026,0.15664508171446193,0.06105457909343201,0.011409189022510022,0.0027752081406105457,0.0009250693802035153,0.0070921985815602835,0.0009250693802035153,0.02343509096515572,0.0
icc,0.0010067155292008889,0.8475609756097561,0.012195121951219513,0.006097560975609756,0.018292682926829267,0.018292682926829267,0.012195121951219513,0.024390243902439025,0.024390243902439025,0.012195121951219513,0.024390243902439025,0.0,0.0,0.0,0.0,0.0,0.0
clang,0.027010349265678166,0.08926240208877284,0.10476501305483028,0.09546344647519582,0.09774804177545691,0.10133812010443864,0.04993472584856397,0.0527088772845953,0.06380548302872063,0.048302872062663184,0.2966710182767624,0.0,0.0,0.0,0.0,0.0,0.0
icc,0.0005203661078849831,0.9079754601226994,0.006134969325153374,0.0,0.018404907975460124,0.006134969325153374,0.006134969325153374,0.006134969325153374,0.012269938650306749,0.006134969325153374,0.03067484662576687,0.0,0.0,0.0,0.0,0.0,0.0
gcc,0.03845349957289035,0.07538697861278507,0.0729055890346213,0.12915041947300013,0.1272598369372563,0.11627082594824531,0.11697979439914924,0.11237149946827366,0.061562093820158335,0.06605222734254992,0.12206073496396078,0.0,0.0,0.0,0.0,0.0,0.0
clang,0.028949799815214044,0.10638297872340426,0.05319148936170213,0.07446808510638298,0.0851063829787234,0.06382978723404255,0.10638297872340426,0.0425531914893617,0.06382978723404255,0.06382978723404255,0.3404255319148936,0.0,0.0,0.0,0.0,0.0,0.0
gcc,0.03801777495635614,0.07399290336046754,0.07367981632227093,0.12711333750782716,0.12648716343143393,0.11845126278438739,0.11563347944061783,0.11010227509914423,0.06720935086620747,0.06439156752243791,0.12293884366520559,0.0,0.0,0.0,0.0,0.0,0.0
gcc,0.00730679086198242,0.9932851239669421,0.0,0.0,0.0015495867768595042,0.0005165289256198347,0.0005165289256198347,0.0005165289256198347,0.0005165289256198347,0.0005165289256198347,0.0025826446280991736,0.0,0.0,0.0,0.0,0.0,0.0
icc,0.0009435525443699831,0.8634146341463415,0.00975609756097561,0.004878048780487805,0.024390243902439025,0.014634146341463415,0.00975609756097561,0.01951219512195122,0.01951219512195122,0.00975609756097561,0.024390243902439025,0.0,0.0,0.0,0.0,0.0,0.0
gcc,0.03803250064485406,0.07449916527545909,0.07387312186978297,0.12698247078464106,0.12625208681135225,0.11842654424040067,0.11540066777963272,0.11007929883138565,0.06740400667779632,0.06406510851419031,0.12301752921535893,0.0,0.0,0.0,0.0,0.0,0.0
clang,0.019290090347803285,0.10331191300049432,0.09911023232822541,0.09218981710331191,0.09243697478991597,0.10405338606030648,0.045477014335145824,0.050914483440435,0.046465645081562035,0.05239742956005932,0.31364310430054376,0.0,0.0,0.0,0.0,0.0,0.0
icc,0.0010696911871422045,0.8542713567839196,0.01507537688442211,0.005025125628140704,0.020100502512562814,0.01507537688442211,0.010050251256281407,0.020100502512562814,0.020100502512562814,0.010050251256281407,0.03015075376884422,0.0,0.0,0.0,0.0,0.0,0.0
clang,0.010158989239511546,0.1088961618565903,0.09134186254091044,0.09580481999404938,0.10770603986908658,0.09044927105028265,0.05653079440642666,0.04314192204700982,0.06010116036893782,0.05474561142517108,0.2912823564415353,0.0,0.0,0.0,0.0,0.0,0.0
icc,0.009224632261281476,0.15151515151515152,0.031122031122031123,0.06715806715806716,0.043407043407043405,0.08517608517608517,0.05323505323505324,0.2031122031122031,0.16216216216216217,0.07698607698607698,0.03276003276003276,0.007371007371007371,0.002457002457002457,0.018837018837018837,0.002457002457002457,0.062244062244062245,0.0
gcc,0.040202246111839084,0.07423208191126279,0.07261092150170649,0.12687713310580204,0.13063139931740614,0.11706484641638225,0.12081911262798635,0.11433447098976109,0.06237201365187713,0.0643344709897611,0.1167235494880546,0.0,0.0,0.0,0.0,0.0,0.0
icc,0.010462464108863046,0.0913671481357071,0.03963721867651999,0.08632851864292912,0.08599261001007726,0.12059119919381928,0.03627813234800134,0.2720859926100101,0.15586160564326504,0.060127645280483706,0.013436345314074572,0.0030231776956667787,0.001007725898555593,0.007725898555592879,0.001007725898555593,0.025529056096741685,0.0
icc,0.0005457155024210211,0.9132947976878613,0.005780346820809248,0.0,0.017341040462427744,0.005780346820809248,0.005780346820809248,0.005780346820809248,0.011560693641618497,0.005780346820809248,0.028901734104046242,0.0,0.0,0.0,0.0,0.0,0.0
gcc,0.038662670338967794,0.0758933767896636,0.07321615644278896,0.12862297753462926,0.12839017576533582,0.11523687580025609,0.11663368641601676,0.11116284483762076,0.0623908741706437,0.06553369805610523,0.12291933418693982,0.0,0.0,0.0,0.0,0.0,0.0
clang,0.02014984843858225,0.1034928848641656,0.10219922380336352,0.09203474403991868,0.0929587876547773,0.10035113657364628,0.04768065052670486,0.04989835520236555,0.05285529476991314,0.055997043060432454,0.3025318795047126,0.0,0.0,0.0,0.0,0.0,0.0
clang,0.010170909148294854,0.10356865787432118,0.09309542280837858,0.09154383242823895,0.10822342901474011,0.09581070597362297,0.06089992242048099,0.04034134988363072,0.057408844065166796,0.05663304887509697,0.2924747866563227,0.0,0.0,0.0,0.0,0.0,0.0
icc,0.0009016393442622951,0.6212121212121212,0.030303030303030304,0.015151515151515152,0.045454545454545456,0.045454545454545456,0.030303030303030304,0.06060606060606061,0.06060606060606061,0.030303030303030304,0.06060606060606061,0.0,0.0,0.0,0.0,0.0,0.0
icc,0.01039577225736769,0.08136761197985688,0.04214153193745031,0.08057248873575404,0.09567983037370792,0.12032865094089584,0.03896103896103896,0.2851842035515505,0.15451895043731778,0.061224489795918366,0.009806520010601644,0.0023853697323085077,0.0007951232441028359,0.0060959448714550755,0.0007951232441028359,0.02014312218393851,0.0
icc,0.0005615628538380074,0.9021739130434783,0.010869565217391304,0.005434782608695652,0.016304347826086956,0.005434782608695652,0.005434782608695652,0.010869565217391304,0.005434782608695652,0.005434782608695652,0.03260869565217391,0.0,0.0,0.0,0.0,0.0,0.0
icc,0.0005222184613896813,0.9074074074074074,0.006172839506172839,0.0,0.018518518518518517,0.006172839506172839,0.006172839506172839,0.006172839506172839,0.012345679012345678,0.006172839506172839,0.030864197530864196,0.0,0.0,0.0,0.0,0.0,0.0
gcc,0.00010619026797426448,0.11764705882352941,0.0,0.058823529411764705,0.17647058823529413,0.058823529411764705,0.11764705882352941,0.058823529411764705,0.058823529411764705,0.058823529411764705,0.29411764705882354,0.0,0.0,0.0,0.0,0.0,0.0
gcc,0.007286961543809113,0.9926614481409002,0.0,0.0004892367906066536,0.0014677103718199608,0.0004892367906066536,0.0004892367906066536,0.0004892367906066536,0.0004892367906066536,0.0004892367906066536,0.0029354207436399216,0.0,0.0,0.0,0.0,0.0,0.0
clang,0.01974324016211513,0.1058213528164035,0.09757247230732972,0.09168041480084846,0.09333019090266322,0.10181475371199623,0.045958048550553854,0.05067169455573886,0.04878623615366486,0.051614423756775864,0.31275041244402546,0.0,0.0,0.0,0.0,0.0,0.0
clang,0.018868640850417617,0.10194500335345406,0.10082718533422759,0.09233176838810642,0.09054325955734406,0.10552202101497876,0.04404202995752292,0.05119606528057232,0.0482897384305835,0.05141962888441762,0.31388329979879276,0.0,0.0,0.0,0.0,0.0,0.0
clang,0.018876440514957734,0.10189944134078212,0.10078212290502793,0.09251396648044692,0.09050279329608939,0.10547486033519553,0.04402234636871508,0.0511731843575419,0.04826815642458101,0.05139664804469274,0.3139664804469274,0.0,0.0,0.0,0.0,0.0,0.0
clang,0.006110416627796332,0.07633587786259542,0.12061068702290076,0.08854961832061069,0.16946564885496182,0.08549618320610687,0.04122137404580153,0.042748091603053436,0.044274809160305344,0.04580152671755725,0.28549618320610687,0.0,0.0,0.0,0.0,0.0,0.0
clang,0.02014984843858225,0.1034928848641656,0.10219922380336352,0.09203474403991868,0.0929587876547773,0.10035113657364628,0.04768065052670486,0.04989835520236555,0.05285529476991314,0.055997043060432454,0.3025318795047126,0.0,0.0,0.0,0.0,0.0,0.0
gcc,0.045713139015702606,0.05267778753292362,0.04784899034240562,0.09218612818261633,0.08450395083406496,0.08494293239683934,0.10798946444249341,0.0937225636523266,0.33274802458296754,0.04741000877963126,0.055970149253731345,0.0,0.0,0.0,0.0,0.0,0.0
clang,0.000539410693817005,0.26136363636363635,0.3068181818181818,0.26136363636363635,0.045454545454545456,0.011363636363636364,0.011363636363636364,0.011363636363636364,0.011363636363636364,0.011363636363636364,0.06818181818181818,0.0,0.0,0.0,0.0,0.0,0.0
icc,0.010483423631485855,0.0908485856905158,0.04059900166389351,0.08585690515806989,0.08452579034941764,0.1211314475873544,0.03693843594009984,0.2718801996672213,0.15707154742096505,0.05956738768718802,0.013643926788685524,0.002995008319467554,0.0009983361064891847,0.007653910149750416,0.0009983361064891847,0.02529118136439268,0.0
gcc,6.518218420485256e-05,0.07692307692307693,0.0,0.0,0.15384615384615385,0.07692307692307693,0.07692307692307693,0.07692307692307693,0.07692307692307693,0.07692307692307693,0.38461538461538464,0.0,0.0,0.0,0.0,0.0,0.0
icc,0.011057877477853648,0.087890625,0.0380859375,0.09049479166666667,0.0869140625,0.11946614583333333,0.039388020833333336,0.2763671875,0.15462239583333334,0.056640625,0.013020833333333334,0.0029296875,0.0009765625,0.007486979166666667,0.0009765625,0.024739583333333332,0.0
icc,0.0009643149592725079,0.8547486033519553,0.0111731843575419,0.00558659217877095,0.01675977653631285,0.01675977653631285,0.0111731843575419,0.0223463687150838,0.027932960893854747,0.0111731843575419,0.0223463687150838,0.0,0.0,0.0,0.0,0.0,0.0
gcc,0.03847045296515618,0.07595983461311281,0.07312463083284111,0.12900177200236268,0.12699350265800355,0.11624335499113998,0.1167158889545186,0.1123449497932664,0.06178381571175428,0.06568222090962789,0.12215002953337271,0.0,0.0,0.0,0.0,0.0,0.0
clang,0.019734576690770677,0.10587125677906155,0.09761848620608347,0.09148785663758548,0.09337420419712332,0.10186276821504363,0.045979721763734965,0.05069559066257958,0.04880924310304174,0.0516387644423485,0.3126621079933978,0.0,0.0,0.0,0.0,0.0,0.0
gcc,0.00011269547693388753,0.11764705882352941,0.0,0.0,0.23529411764705882,0.058823529411764705,0.058823529411764705,0.058823529411764705,0.058823529411764705,0.058823529411764705,0.35294117647058826,0.0,0.0,0.0,0.0,0.0,0.0
icc,0.0010789927080976662,0.8602150537634409,0.010752688172043012,0.005376344086021506,0.021505376344086023,0.016129032258064516,0.010752688172043012,0.021505376344086023,0.021505376344086023,0.010752688172043012,0.021505376344086023,0.0,0.0,0.0,0.0,0.0,0.0
gcc,0.005215645075817443,0.9750445632798574,0.0,0.0017825311942959,0.0053475935828877,0.0017825311942959,0.0017825311942959,0.0017825311942959,0.0017825311942959,0.0017825311942959,0.008912655971479501,0.0,0.0,0.0,0.0,0.0,0.0
clang,0.017020284448589416,0.0821917808219178,0.0958904109589041,0.1095890410958904,0.0684931506849315,0.0684931506849315,0.1232876712328767,0.0547945205479452,0.0684931506849315,0.0547945205479452,0.273972602739726,0.0,0.0,0.0,0.0,0.0,0.0
gcc,5.631728290770464e-05,0.15384615384615385,0.0,0.0,0.15384615384615385,0.07692307692307693,0.07692307692307693,0.07692307692307693,0.07692307692307693,0.07692307692307693,0.3076923076923077,0.0,0.0,0.0,0.0,0.0,0.0
clang,0.025699131899284446,0.09435580717104135,0.09864470749699777,0.09435580717104135,0.09950248756218906,0.10207582775776292,0.048378795676788475,0.05301080802882141,0.05970149253731343,0.05249613998970664,0.2974781266083376,0.0,0.0,0.0,0.0,0.0,0.0
gcc,0.03850386991408081,0.07595666205624711,0.07261410788381743,0.12828492392807744,0.12701705855232825,0.11698939603503919,0.11837252189949285,0.11076532964499769,0.06131857999077916,0.0656984785615491,0.12298294144767173,0.0,0.0,0.0,0.0,0.0,0.0
icc,0.0004819383758184961,0.923469387755102,0.00510204081632653,0.0,0.015306122448979591,0.00510204081632653,0.00510204081632653,0.00510204081632653,0.01020408163265306,0.00510204081632653,0.025510204081632654,0.0,0.0,0.0,0.0,0.0,0.0
gcc,0.0386458431758973,0.07532890906974037,0.07300034928396787,0.12876935615321924,0.12865292816393062,0.11526370939573874,0.11689370124577948,0.11118872977063686,0.062172546280125744,0.06589824193736174,0.12283152869949936,0.0,0.0,0.0,0.0,0.0,0.0
gcc,0.03803250064485406,0.07449916527545909,0.07387312186978297,0.12698247078464106,0.12625208681135225,0.11842654424040067,0.11540066777963272,0.11007929883138565,0.06740400667779632,0.06406510851419031,0.12301752921535893,0.0,0.0,0.0,0.0,0.0,0.0
gcc,0.04214172712890731,0.07741100323624596,0.07197411003236245,0.12673139158576052,0.13423948220064724,0.11779935275080906,0.10459546925566343,0.11171521035598705,0.06304207119741101,0.05954692556634304,0.13294498381877023,0.0,0.0,0.0,0.0,0.0,0.0
gcc,0.007313050810778541,0.9923469387755102,0.0005102040816326531,0.0,0.001530612244897959,0.0005102040816326531,0.0005102040816326531,0.0005102040816326531,0.0005102040816326531,0.0005102040816326531,0.003061224489795918,0.0,0.0,0.0,0.0,0.0,0.0
gcc,5.517428708454823e-05,0.07692307692307693,0.0,0.0,0.15384615384615385,0.07692307692307693,0.15384615384615385,0.07692307692307693,0.07692307692307693,0.07692307692307693,0.3076923076923077,0.0,0.0,0.0,0.0,0.0,0.0
gcc,0.05698421975452952,0.08717948717948718,0.07179487179487179,0.09743589743589744,0.13333333333333333,0.14358974358974358,0.13333333333333333,0.10256410256410256,0.046153846153846156,0.07692307692307693,0.1076923076923077,0.0,0.0,0.0,0.0,0.0,0.0
clang,0.019287523086003695,0.10365251727541955,0.09846989141164857,0.0920533070088845,0.09230009871668311,0.10389930898321817,0.04516288252714709,0.05059230009871668,0.04713721618953603,0.05231984205330701,0.3144126357354393,0.0,0.0,0.0,0.0,0.0,0.0
clang,0.010172622736621046,0.10360884749708964,0.09351959642995732,0.0919674039580908,0.10787737679472255,0.0946837407838572,0.06169965075669383,0.0403570042685293,0.05743112145906092,0.05665502522312767,0.29220023282887075,0.0,0.0,0.0,0.0,0.0,0.0
icc,0.010291013901425039,0.08868601238995762,0.03977828496902511,0.08933811542223671,0.08770785784153896,0.11966090642321486,0.03619171829149005,0.27714378871861756,0.15357026410172808,0.05868927290511901,0.012063906097163351,0.0029344636452559502,0.00097815454841865,0.007499184871209651,0.00097815454841865,0.024779915226605803,0.0
icc,0.00925615297813291,0.15403624382207579,0.030477759472817133,0.06177924217462932,0.03789126853377265,0.085667215815486,0.05518945634266886,0.20757825370675453,0.1630971993410214,0.07907742998352553,0.03130148270181219,0.007413509060955519,0.002471169686985173,0.018945634266886325,0.002471169686985173,0.06260296540362438,0.0
clang,0.026813359801373945,0.09324411828189079,0.10058277573926182,0.09151737535074465,0.09777681847614936,0.10403626160155408,0.04856464493848478,0.05115475933520397,0.06259443125404705,0.050938916468810706,0.2995898985538528,0.0,0.0,0.0,0.0,0.0,0.0
clang,0.026256659481882143,0.09332042594385286,0.1004840271055179,0.09196515004840271,0.10009680542110358,0.10358180058083252,0.0484027105517909,0.05150048402710552,0.06098741529525654,0.05208131655372701,0.29757986447241047,0.0,0.0,0.0,0.0,0.0,0.0
gcc,0.0077997764196501024,0.9949072389959985,0.0,0.0,0.0014550745725718443,0.0003637686431429611,0.0003637686431429611,0.0003637686431429611,0.0003637686431429611,0.0003637686431429611,0.0018188432157148053,0.0,0.0,0.0,0.0,0.0,0.0
gcc,0.039489414214646565,0.07155539772727272,0.07279829545454546,0.12642045454545456,0.12535511363636365,0.12118252840909091,0.11949573863636363,0.11239346590909091,0.06400923295454546,0.06596235795454546,0.12082741477272728,0.0,0.0,0.0,0.0,0.0,0.0
icc,0.010972178346569496,0.08938734516237028,0.03850016739203214,0.08972212922664881,0.08503515232674924,0.11918312688316036,0.03783059926347506,0.2748577167726816,0.1560093739537998,0.057917643120187476,0.013391362571141614,0.003013056578506863,0.001004352192835621,0.0077000334784064275,0.001004352192835621,0.025443588885169066,0.0
icc,0.0010495584063211832,0.8777292576419214,0.008733624454148471,0.004366812227074236,0.017467248908296942,0.013100436681222707,0.008733624454148471,0.017467248908296942,0.021834061135371178,0.008733624454148471,0.021834061135371178,0.0,0.0,0.0,0.0,0.0,0.0
clang,0.019920798034989223,0.10090588827377957,0.09008555611474585,0.09209864116758933,0.09813789632611977,0.10568696527428284,0.050830397584297936,0.05334675390035229,0.046804227478610974,0.055359838953195774,0.30674383492702567,0.0,0.0,0.0,0.0,0.0,0.0
clang,0.009750174324941692,0.1001849568434032,0.09864364981504316,0.094019728729963,0.10419235511713934,0.09186189889025893,0.061960542540073986,0.040690505548705305,0.05456226880394575,0.05579531442663378,0.2980887792848335,0.0,0.0,0.0,0.0,0.0,0.0
clang,0.0004962186302527958,0.2962962962962963,0.3055555555555556,0.25925925925925924,0.027777777777777776,0.018518518518518517,0.009259259259259259,0.009259259259259259,0.009259259259259259,0.009259259259259259,0.05555555555555555,0.0,0.0,0.0,0.0,0.0,0.0
gcc,0.00010442288949737782,0.16666666666666666,0.0,0.0,0.16666666666666666,0.05555555555555555,0.05555555555555555,0.05555555555555555,0.05555555555555555,0.1111111111111111,0.3333333333333333,0.0,0.0,0.0,0.0,0.0,0.0
gcc,8.4088896803138e-05,0.17647058823529413,0.0,0.0,0.17647058823529413,0.11764705882352941,0.058823529411764705,0.058823529411764705,0.058823529411764705,0.058823529411764705,0.29411764705882354,0.0,0.0,0.0,0.0,0.0,0.0
icc,0.010421950818467739,0.09130580731789191,0.04028197381671702,0.0866062437059416,0.08526351124538435,0.12051023833501175,0.036589459550184625,0.2715676401477006,0.15575696542463915,0.06042296072507553,0.01342732460557234,0.0030211480362537764,0.0010070493454179255,0.007720711648204095,0.0010070493454179255,0.025511916750587445,0.0
gcc,0.00398066533977822,0.07142857142857142,0.0,0.0,0.14285714285714285,0.14285714285714285,0.07142857142857142,0.07142857142857142,0.07142857142857142,0.07142857142857142,0.35714285714285715,0.0,0.0,0.0,0.0,0.0,0.0
gcc,0.03896272565911944,0.07307692307692308,0.07179487179487179,0.12803418803418803,0.12692307692307692,0.11521367521367522,0.12042735042735042,0.1105982905982906,0.07299145299145299,0.06598290598290599,0.11495726495726495,0.0,0.0,0.0,0.0,0.0,0.0
gcc,0.038491812527583526,0.07588652482269503,0.07293144208037824,0.12872340425531914,0.12789598108747044,0.11607565011820331,0.116548463356974,0.11217494089834515,0.06182033096926714,0.0657210401891253,0.12222222222222222,0.0,0.0,0.0,0.0,0.0,0.0
icc,0.01101812492620144,0.08941728064300067,0.038178164768921635,0.08941728064300067,0.08506363027461487,0.1188881446751507,0.03750837240455459,0.275284661754856,0.15639651707970528,0.05827193569993302,0.013395847287340924,0.003014065639651708,0.0010046885465505692,0.007702612190221032,0.0010046885465505692,0.025452109845947757,0.0
clang,0.02689357151431159,0.09271657537025765,0.09981740718198417,0.09332521809697708,0.09717995536620004,0.10570095354027186,0.04808277541083384,0.05234327449786975,0.05964698721850274,0.0505173463177115,0.3006695069993914,0.0,0.0,0.0,0.0,0.0,0.0
clang,0.0193531621347067,0.10302734375,0.099609375,0.091064453125,0.09326171875,0.103759765625,0.04541015625,0.05029296875,0.04638671875,0.052978515625,0.314208984375,0.0,0.0,0.0,0.0,0.0,0.0
clang,0.0005397680224249079,0.2727272727272727,0.3181818181818182,0.26136363636363635,0.03409090909090909,0.011363636363636364,0.011363636363636364,0.011363636363636364,0.011363636363636364,0.011363636363636364,0.056818181818181816,0.0,0.0,0.0,0.0,0.0,0.0
icc,0.005291005291005291,0.5,0.0625,0.0,0.09375,0.03125,0.03125,0.03125,0.03125,0.03125,0.1875,0.0,0.0,0.0,0.0,0.0,0.0
clang,0.027123640429641174,0.0932750364355611,0.10035394545075994,0.09119300437226734,0.09806371018113678,0.10264418072038309,0.04851134707474495,0.0508015823443681,0.0637101811367895,0.05100978555069748,0.3004372267332917,0.0,0.0,0.0,0.0,0.0,0.0
gcc,0.0001181040365335153,0.1111111111111111,0.0,0.0,0.16666666666666666,0.1111111111111111,0.05555555555555555,0.1111111111111111,0.05555555555555555,0.05555555555555555,0.3333333333333333,0.0,0.0,0.0,0.0,0.0,0.0
clang,0.019943863947900924,0.10070493454179255,0.09063444108761329,0.09239677744209467,0.09818731117824774,0.10624370594159113,0.05085599194360524,0.05362537764350453,0.04607250755287009,0.0553877139979859,0.30589123867069484,0.0,0.0,0.0,0.0,0.0,0.0
clang,0.010115303196360743,0.10166975881261596,0.09461966604823747,0.09202226345083488,0.10871985157699443,0.09387755102040816,0.06085343228200371,0.04155844155844156,0.05602968460111317,0.05417439703153989,0.2964749536178108,0.0,0.0,0.0,0.0,0.0,0.0
icc,0.010492491773012662,0.0913364674278039,0.039959704499664205,0.08629952988582941,0.08529214237743452,0.12055070517125588,0.03626595030221625,0.2719946272666219,0.15614506380120888,0.06044325050369376,0.013431833445265278,0.0030221625251846875,0.0010073875083948958,0.007723304231027535,0.0010073875083948958,0.02552048354600403,0.0
icc,0.010289998561431122,0.08086622807017543,0.042214912280701754,0.08854166666666667,0.08908991228070176,0.11842105263157894,0.03782894736842105,0.28810307017543857,0.15789473684210525,0.05537280701754386,0.010416666666666666,0.0024671052631578946,0.0008223684210526315,0.006304824561403508,0.0008223684210526315,0.020833333333333332,0.0
gcc,0.00011940298507462687,0.1111111111111111,0.05555555555555555,0.0,0.2222222222222222,0.05555555555555555,0.05555555555555555,0.05555555555555555,0.05555555555555555,0.05555555555555555,0.3333333333333333,0.0,0.0,0.0,0.0,0.0,0.0
gcc,0.0078125,0.6388888888888888,0.0,0.0,0.08333333333333333,0.027777777777777776,0.027777777777777776,0.027777777777777776,0.027777777777777776,0.027777777777777776,0.1388888888888889,0.0,0.0,0.0,0.0,0.0,0.0
icc,0.0008353074890109138,0.5409836065573771,0.03278688524590164,0.01639344262295082,0.08196721311475409,0.04918032786885246,0.03278688524590164,0.06557377049180328,0.06557377049180328,0.03278688524590164,0.08196721311475409,0.0,0.0,0.0,0.0,0.0,0.0
clang,0.0005453899231551726,0.25842696629213485,0.30337078651685395,0.2696629213483146,0.0449438202247191,0.011235955056179775,0.011235955056179775,0.011235955056179775,0.011235955056179775,0.011235955056179775,0.06741573033707865,0.0,0.0,0.0,0.0,0.0,0.0
clang,0.01034967845659164,0.10343539955190441,0.09410007468259896,0.0929798356982823,0.10866318147871545,0.0948469006721434,0.06011949215832711,0.04070201643017177,0.05563853622106049,0.05675877520537715,0.292755787901419,0.0,0.0,0.0,0.0,0.0,0.0
gcc,0.03848662463339205,0.07551302743832142,0.07251556375374683,0.1285450772423334,0.12727691952962877,0.11667050956882638,0.11863038967027899,0.1106755821996772,0.06121743140419645,0.06605948812543233,0.12289601106755822,0.0,0.0,0.0,0.0,0.0,0.0
clang,0.020387464722483536,0.10237923576063446,0.08916125931266522,0.0920451814467676,0.09877433309300648,0.10454217736121124,0.0509492910358087,0.05287190579187695,0.047825042057197786,0.0547945205479452,0.3066570535928863,0.0,0.0,0.0,0.0,0.0,0.0
clang,0.018876440514957734,0.10189944134078212,0.10078212290502793,0.09251396648044692,0.09050279329608939,0.10547486033519553,0.04402234636871508,0.0511731843575419,0.04826815642458101,0.05139664804469274,0.3139664804469274,0.0,0.0,0.0,0.0,0.0,0.0
clang,0.00044823769404575683,0.25510204081632654,0.35714285714285715,0.24489795918367346,0.030612244897959183,0.01020408163265306,0.01020408163265306,0.01020408163265306,0.01020408163265306,0.01020408163265306,0.061224489795918366,0.0,0.0,0.0,0.0,0.0,0.0
clang,0.010197562995386253,0.10247486465583913,0.09358081979891725,0.0920340293890178,0.10866202629543696,0.09590100541376644,0.06071152358855375,0.04060324825986079,0.05723124516627997,0.05645784996133024,0.2923433874709977,0.0,0.0,0.0,0.0,0.0,0.0
icc,0.0010250177997102943,0.8383233532934131,0.017964071856287425,0.005988023952095809,0.017964071856287425,0.017964071856287425,0.011976047904191617,0.023952095808383235,0.023952095808383235,0.011976047904191617,0.029940119760479042,0.0,0.0,0.0,0.0,0.0,0.0
gcc,0.03847642994119442,0.07470107730555227,0.0728069136971706,0.12927666627204926,0.12761927311471527,0.11649106191547295,0.11696460281756836,0.11222919379661418,0.061678702497928256,0.06605895584231088,0.12217355274061797,0.0,0.0,0.0,0.0,0.0,0.0
gcc,5.5155559892573943e-05,0.07692307692307693,0.0,0.0,0.15384615384615385,0.07692307692307693,0.07692307692307693,0.07692307692307693,0.07692307692307693,0.07692307692307693,0.38461538461538464,0.0,0.0,0.0,0.0,0.0,0.0
icc,0.010494768064595863,0.08930323846908735,0.03925417075564279,0.08701341184167484,0.08766764802093556,0.12103369316323193,0.038272816486751716,0.2741249591102388,0.15472685639515865,0.05920837422309454,0.012103369316323193,0.002944062806673209,0.0009813542688910696,0.007523716061498201,0.0009813542688910696,0.024860974811907098,0.0
icc,0.009792535720720096,0.08236626096801584,0.03962637984715539,0.08831021794508916,0.08831021794508916,0.1202943673931503,0.040475516558165864,0.2864421171808661,0.15341069912255872,0.05689215963770167,0.011604868383809794,0.002547410133031418,0.0008491367110104727,0.006510048117746957,0.0008491367110104727,0.02151146334559864,0.0
icc,0.009922741528340856,0.08695652173913043,0.039777983348751156,0.08664816527906259,0.08633980881899475,0.12056737588652482,0.03731113166820845,0.27813752698119026,0.15664508171446193,0.06105457909343201,0.011409189022510022,0.0027752081406105457,0.0009250693802035153,0.0070921985815602835,0.0009250693802035153,0.02343509096515572,0.0
gcc,7.356519574000928e-05,0.15384615384615385,0.0,0.0,0.15384615384615385,0.07692307692307693,0.07692307692307693,0.07692307692307693,0.07692307692307693,0.07692307692307693,0.3076923076923077,0.0,0.0,0.0,0.0,0.0,0.0
clang,0.01928129037794953,0.10336300692383778,0.09915924826904056,0.09198813056379822,0.09248269040553907,0.10410484668644907,0.04549950544015826,0.050939663699307615,0.04648862512363996,0.05242334322453017,0.3135509396636993,0.0,0.0,0.0,0.0,0.0,0.0
icc,0.009386446886446886,0.36585365853658536,0.04878048780487805,0.024390243902439025,0.07317073170731707,0.07317073170731707,0.04878048780487805,0.0975609756097561,0.12195121951219512,0.04878048780487805,0.0975609756097561,0.0,0.0,0.0,0.0,0.0,0.0
clang,0.02877697841726619,0.09375,0.08333333333333333,0.0625,0.07291666666666667,0.08333333333333333,0.08333333333333333,0.052083333333333336,0.08333333333333333,0.052083333333333336,0.3333333333333333,0.0,0.0,0.0,0.0,0.0,0.0
clang,0.02930622009569378,0.09183673469387756,0.08163265306122448,0.07142857142857142,0.07142857142857142,0.08163265306122448,0.08163265306122448,0.05102040816326531,0.08163265306122448,0.05102040816326531,0.336734693877551,0.0,0.0,0.0,0.0,0.0,0.0
clang,0.019250188675234117,0.10049696300386526,0.10141726486287503,0.09865635928584576,0.09368672924719308,0.1041781704399043,0.04417448923246825,0.05061660224553654,0.048407877783913124,0.04969630038652678,0.3086692435118719,0.0,0.0,0.0,0.0,0.0,0.0
clang,0.010244323800366623,0.10301411674933232,0.09347577260587563,0.09156810377718429,0.106829454406715,0.0950019076688287,0.06066386875238459,0.041968714231209465,0.05799313239221671,0.05646699732926364,0.2930179320869897,0.0,0.0,0.0,0.0,0.0,0.0
icc,0.010998954766890856,0.08965748824714574,0.03760913364674278,0.08965748824714574,0.08562793821356615,0.11920752182672935,0.03760913364674278,0.2756883814640698,0.15614506380120888,0.05809267965077233,0.012424445936870383,0.0030221625251846875,0.0010073875083948958,0.007723304231027535,0.0010073875083948958,0.02552048354600403,0.0
gcc,0.007332245679212368,0.9928057553956835,0.0,0.0,0.001541623843782117,0.0005138746145940391,0.0005138746145940391,0.0005138746145940391,0.0005138746145940391,0.0005138746145940391,0.003083247687564234,0.0,0.0,0.0,0.0,0.0,0.0
clang,0.0005855411907936692,0.2871287128712871,0.3069306930693069,0.26732673267326734,0.0297029702970297,0.009900990099009901,0.009900990099009901,0.009900990099009901,0.009900990099009901,0.009900990099009901,0.0594059405940594,0.0,0.0,0.0,0.0,0.0,0.0
clang,0.0005167040738886826,0.2708333333333333,0.3333333333333333,0.25,0.03125,0.010416666666666666,0.010416666666666666,0.010416666666666666,0.010416666666666666,0.010416666666666666,0.0625,0.0,0.0,0.0,0.0,0.0,0.0
gcc,0.042921186179613144,0.07649447539899897,0.06875059023514968,0.12494097648503164,0.13145717253753897,0.11502502597034658,0.10954764378128247,0.11020870714892814,0.0763056001511002,0.06081782982340164,0.12645197846822173,0.0,0.0,0.0,0.0,0.0,0.0
clang,0.027123487257099937,0.0932750364355611,0.10035394545075994,0.09119300437226734,0.09806371018113678,0.10264418072038309,0.04851134707474495,0.0508015823443681,0.0637101811367895,0.05100978555069748,0.3004372267332917,0.0,0.0,0.0,0.0,0.0,0.0
gcc,0.038486795399687634,0.07551302743832142,0.07251556375374683,0.1285450772423334,0.12727691952962877,0.11667050956882638,0.11863038967027899,0.1106755821996772,0.06121743140419645,0.06605948812543233,0.12289601106755822,0.0,0.0,0.0,0.0,0.0,0.0
icc,0.0010557335512122576,0.8869565217391304,0.008695652173913044,0.004347826086956522,0.017391304347826087,0.013043478260869565,0.008695652173913044,0.017391304347826087,0.017391304347826087,0.008695652173913044,0.017391304347826087,0.0,0.0,0.0,0.0,0.0,0.0
icc,0.009816407809953482,0.0810885101704233,0.04123144584936778,0.08823529411764706,0.08768554150632216,0.12012094557449148,0.0365585486531061,0.28669598680593733,0.1605277625068719,0.056074766355140186,0.010445299615173173,0.002473886750962067,0.0008246289169873557,0.0063221550302363936,0.0008246289169873557,0.020890599230346345,0.0
gcc,0.00011963869115271879,0.1111111111111111,0.0,0.0,0.2222222222222222,0.1111111111111111,0.05555555555555555,0.05555555555555555,0.05555555555555555,0.05555555555555555,0.3333333333333333,0.0,0.0,0.0,0.0,0.0,0.0
icc,0.010989131387501096,0.08906613492854769,0.0385510136257893,0.08906613492854769,0.0847457627118644,0.11964107676969092,0.0385510136257893,0.27517447657028915,0.15719508142239946,0.05749418411432369,0.012628780325689598,0.0029910269192422734,0.0009970089730807576,0.007643735460285809,0.0009970089730807576,0.025257560651379195,0.0
clang,0.01997702291186932,0.10145655449522853,0.09040683073832245,0.09191361125062783,0.0976896032144651,0.10572576594676042,0.050979407332998494,0.053239578101456554,0.04645906579608237,0.055750878955298844,0.3063787041687594,0.0,0.0,0.0,0.0,0.0,0.0
icc,0.009376231612360328,0.0849190570860551,0.040613462084635045,0.08577108775915933,0.09003124112468049,0.12042033513206475,0.039477421187162735,0.2857142857142857,0.15166145981255325,0.05850610621982391,0.010508378301618859,0.0025560920193126954,0.0008520306731042318,0.006532235160465777,0.0008520306731042318,0.021584777051973873,0.0
gcc,0.042134158297204856,0.07807652533609101,0.0718717683557394,0.1264219234746639,0.1346949327817994,0.11737331954498449,0.10444674250258532,0.11168562564632885,0.06295243019648397,0.05959152016546019,0.1328852119958635,0.0,0.0,0.0,0.0,0.0,0.0
clang,0.015244853850510281,0.10841546626231995,0.10159211523881728,0.10310841546626232,0.09021986353297953,0.09704321455648218,0.04700530705079606,0.05458680818802123,0.04852160727824109,0.047763457164518575,0.3017437452615618,0.0,0.0,0.0,0.0,0.0,0.0
clang,0.0005167040738886826,0.2708333333333333,0.3333333333333333,0.25,0.03125,0.010416666666666666,0.010416666666666666,0.010416666666666666,0.010416666666666666,0.010416666666666666,0.0625,0.0,0.0,0.0,0.0,0.0,0.0
gcc,0.03871674289763577,0.07465335551858014,0.07254575707154742,0.12889628397115918,0.1283416528008874,0.11602884082085413,0.1180255130338325,0.11236827509706046,0.06289517470881864,0.06511369938990572,0.1211314475873544,0.0,0.0,0.0,0.0,0.0,0.0
gcc,0.038468349429921944,0.07589707271010387,0.07282813975448536,0.12901322001888574,0.1273607176581681,0.11626534466477809,0.11709159584513693,0.11189801699716714,0.06220491029272899,0.0653918791312559,0.12204910292728989,0.0,0.0,0.0,0.0,0.0,0.0
gcc,0.006980878089189562,0.9942315615986815,0.0,0.0,0.0012360939431396785,0.00041203131437989287,0.00041203131437989287,0.00041203131437989287,0.0008240626287597857,0.00041203131437989287,0.0020601565718994645,0.0,0.0,0.0,0.0,0.0,0.0
gcc,0.007391487071349048,0.9930174563591022,0.0,0.0,0.00199501246882793,0.0004987531172069825,0.0004987531172069825,0.0004987531172069825,0.0004987531172069825,0.0004987531172069825,0.0024937655860349127,0.0,0.0,0.0,0.0,0.0,0.0
clang,0.019649775073250962,0.10125646711012565,0.09700665188470066,0.09275683665927568,0.09441980783444198,0.10310421286031042,0.04656319290465632,0.05118255728011826,0.05303030303030303,0.05617147080561715,0.30450849963045085,0.0,0.0,0.0,0.0,0.0,0.0
clang,0.020811824794199803,0.09996256083863722,0.09659303631598652,0.09135155372519656,0.09771621115687008,0.10614002246349681,0.04904530138524897,0.05035567203294646,0.05204043429427181,0.05709472107824785,0.2997004867090977,0.0,0.0,0.0,0.0,0.0,0.0
clang,0.0005405936701395715,0.2727272727272727,0.3068181818181818,0.25,0.045454545454545456,0.011363636363636364,0.011363636363636364,0.011363636363636364,0.011363636363636364,0.011363636363636364,0.06818181818181818,0.0,0.0,0.0,0.0,0.0,0.0
gcc,0.03847483532879654,0.07531331283991487,0.0727122251123197,0.12887207377630647,0.12816268621423504,0.11610309765902105,0.11681248522109246,0.11220146606762828,0.06159848663986758,0.06609127453298652,0.12213289193662805,0.0,0.0,0.0,0.0,0.0,0.0
clang,0.015301051658384376,0.10800604229607251,0.10045317220543806,0.1042296072507553,0.09138972809667674,0.09743202416918428,0.045317220543806644,0.05362537764350453,0.04833836858006042,0.04607250755287009,0.30513595166163143,0.0,0.0,0.0,0.0,0.0,0.0
clang,0.007211538461538462,0.19047619047619047,0.14285714285714285,0.0,0.14285714285714285,0.047619047619047616,0.047619047619047616,0.047619047619047616,0.047619047619047616,0.09523809523809523,0.23809523809523808,0.0,0.0,0.0,0.0,0.0,0.0
clang,0.021061830893598428,0.1313969571230982,0.08022130013831259,0.08921161825726141,0.10096818810511757,0.08852005532503458,0.050484094052558784,0.051175656984785614,0.06431535269709543,0.04426002766251729,0.2994467496542185,0.0,0.0,0.0,0.0,0.0,0.0
clang,0.02021679856354326,0.09774436090225563,0.09257518796992481,0.09586466165413533,0.09868421052631579,0.10408834586466166,0.052396616541353386,0.05263157894736842,0.046992481203007516,0.05568609022556391,0.30333646616541354,0.0,0.0,0.0,0.0,0.0,0.0
icc,0.0008913363044543482,0.8638743455497382,0.010471204188481676,0.005235602094240838,0.020942408376963352,0.015706806282722512,0.010471204188481676,0.020942408376963352,0.020942408376963352,0.010471204188481676,0.020942408376963352,0.0,0.0,0.0,0.0,0.0,0.0
gcc,7.425770852135766e-05,0.15384615384615385,0.0,0.0,0.15384615384615385,0.07692307692307693,0.07692307692307693,0.07692307692307693,0.07692307692307693,0.07692307692307693,0.3076923076923077,0.0,0.0,0.0,0.0,0.0,0.0
clang,0.0005046611060489241,0.25925925925925924,0.35185185185185186,0.25,0.037037037037037035,0.009259259259259259,0.009259259259259259,0.009259259259259259,0.009259259259259259,0.009259259259259259,0.05555555555555555,0.0,0.0,0.0,0.0,0.0,0.0
icc,0.0010300388061131606,0.8488372093023255,0.011627906976744186,0.005813953488372093,0.01744186046511628,0.01744186046511628,0.011627906976744186,0.023255813953488372,0.029069767441860465,0.011627906976744186,0.023255813953488372,0.0,0.0,0.0,0.0,0.0,0.0
icc,0.009922741528340856,0.08695652173913043,0.039777983348751156,0.08664816527906259,0.08633980881899475,0.12056737588652482,0.03731113166820845,0.27813752698119026,0.15664508171446193,0.06105457909343201,0.011409189022510022,0.0027752081406105457,0.0009250693802035153,0.0070921985815602835,0.0009250693802035153,0.02343509096515572,0.0
clang,0.010349638458298067,0.10343539955190441,0.09410007468259896,0.0929798356982823,0.10866318147871545,0.0948469006721434,0.06011949215832711,0.04070201643017177,0.05563853622106049,0.05675877520537715,0.292755787901419,0.0,0.0,0.0,0.0,0.0,0.0
clang,0.018868640850417617,0.10194500335345406,0.10082718533422759,0.09233176838810642,0.09054325955734406,0.10552202101497876,0.04404202995752292,0.05119606528057232,0.0482897384305835,0.05141962888441762,0.31388329979879276,0.0,0.0,0.0,0.0,0.0,0.0
clang,0.020143000782035528,0.1035311517840636,0.1022370123867628,0.09188389720835645,0.09299315954889999,0.10038824181919023,0.04769828064337216,0.04991680532445923,0.052874838232575334,0.056017748197448695,0.3024588648548715,0.0,0.0,0.0,0.0,0.0,0.0
gcc,0.0384590940867781,0.07530689329556185,0.07271010387157696,0.12924929178470254,0.1275967894239849,0.11626534466477809,0.11720963172804533,0.11189801699716714,0.06196883852691218,0.06574598677998111,0.12204910292728989,0.0,0.0,0.0,0.0,0.0,0.0
gcc,0.008124299754442387,0.9953554841014648,0.0,0.0,0.0010718113612004287,0.0003572704537334762,0.0003572704537334762,0.0003572704537334762,0.0003572704537334762,0.0003572704537334762,0.0017863522686673813,0.0,0.0,0.0,0.0,0.0,0.0
clang,0.010158989239511546,0.1088961618565903,0.09134186254091044,0.09580481999404938,0.10770603986908658,0.09044927105028265,0.05653079440642666,0.04314192204700982,0.06010116036893782,0.05474561142517108,0.2912823564415353,0.0,0.0,0.0,0.0,0.0,0.0
icc,0.009922741528340856,0.08695652173913043,0.039777983348751156,0.08664816527906259,0.08633980881899475,0.12056737588652482,0.03731113166820845,0.27813752698119026,0.15664508171446193,0.06105457909343201,0.011409189022510022,0.0027752081406105457,0.0009250693802035153,0.0070921985815602835,0.0009250693802035153,0.02343509096515572,0.0
gcc,0.00011924478304074197,0.1111111111111111,0.0,0.05555555555555555,0.2222222222222222,0.05555555555555555,0.05555555555555555,0.05555555555555555,0.05555555555555555,0.05555555555555555,0.3333333333333333,0.0,0.0,0.0,0.0,0.0,0.0
icc,0.000900139867887164,0.8666666666666667,0.010256410256410256,0.005128205128205128,0.020512820512820513,0.015384615384615385,0.010256410256410256,0.020512820512820513,0.020512820512820513,0.010256410256410256,0.020512820512820513,0.0,0.0,0.0,0.0,0.0,0.0
clang,0.026814007818101913,0.09294802674142764,0.10028035367694631,0.0914384300194091,0.0983394436057796,0.10416217381927971,0.04830709510459349,0.051110631874056504,0.06275609230105672,0.050894975199482426,0.2997627776579685,0.0,0.0,0.0,0.0,0.0,0.0
clang,0.031259867382380804,0.1111111111111111,0.0707070707070707,0.06060606060606061,0.0707070707070707,0.08080808080808081,0.0707070707070707,0.08080808080808081,0.0707070707070707,0.050505050505050504,0.3333333333333333,0.0,0.0,0.0,0.0,0.0,0.0
icc,0.010841753455985375,0.08723958333333333,0.038736979166666664,0.09212239583333333,0.0888671875,0.11881510416666667,0.037760416666666664,0.27734375,0.1533203125,0.056315104166666664,0.012369791666666666,0.0029296875,0.0009765625,0.007486979166666667,0.0009765625,0.024739583333333332,0.0
gcc,0.04222344968239468,0.07849056603773585,0.07182389937106919,0.12603773584905661,0.13270440251572327,0.11773584905660377,0.10666666666666667,0.10955974842767295,0.06276729559748427,0.060125786163522016,0.1340880503144654,0.0,0.0,0.0,0.0,0.0,0.0
icc,0.03248879696656325,0.14058355437665782,0.033156498673740056,0.054376657824933686,0.015915119363395226,0.07559681697612732,0.05968169761273209,0.15119363395225463,0.17506631299734748,0.09814323607427056,0.04907161803713528,0.011936339522546418,0.002652519893899204,0.027851458885941646,0.003978779840848806,0.10079575596816977,0.0
clang,0.019476040412783856,0.10092592592592593,0.10162037037037037,0.09444444444444444,0.09212962962962963,0.1025462962962963,0.046296296296296294,0.05138888888888889,0.046296296296296294,0.052083333333333336,0.3122685185185185,0.0,0.0,0.0,0.0,0.0,0.0
icc,0.0005416858413867157,0.9336283185840708,0.004424778761061947,0.0,0.017699115044247787,0.004424778761061947,0.004424778761061947,0.004424778761061947,0.004424778761061947,0.004424778761061947,0.022123893805309734,0.0,0.0,0.0,0.0,0.0,0.0
icc,0.0011247180726639665,0.851063829787234,0.010638297872340425,0.005319148936170213,0.026595744680851064,0.015957446808510637,0.010638297872340425,0.02127659574468085,0.02127659574468085,0.010638297872340425,0.026595744680851064,0.0,0.0,0.0,0.0,0.0,0.0
gcc,0.00010442288949737782,0.16666666666666666,0.0,0.0,0.16666666666666666,0.05555555555555555,0.05555555555555555,0.05555555555555555,0.05555555555555555,0.1111111111111111,0.3333333333333333,0.0,0.0,0.0,0.0,0.0,0.0
clang,0.02038756461451775,0.10237923576063446,0.08916125931266522,0.0920451814467676,0.09877433309300648,0.10454217736121124,0.0509492910358087,0.05287190579187695,0.047825042057197786,0.0547945205479452,0.3066570535928863,0.0,0.0,0.0,0.0,0.0,0.0
icc,0.0010937355986359028,0.848314606741573,0.011235955056179775,0.0056179775280898875,0.02247191011235955,0.016853932584269662,0.011235955056179775,0.02247191011235955,0.02247191011235955,0.011235955056179775,0.028089887640449437,0.0,0.0,0.0,0.0,0.0,0.0
gcc,0.042144718445862504,0.07809474635342713,0.07164063508454886,0.12675874532076933,0.13372918549115786,0.11759390731896217,0.10507293145733833,0.11165612495159416,0.06337937266038467,0.059377823673680136,0.13269652768813733,0.0,0.0,0.0,0.0,0.0,0.0
gcc,0.039496337542208555,0.07199928977272728,0.07306463068181818,0.12633167613636365,0.125,0.12109375,0.11922940340909091,0.1123046875,0.06436434659090909,0.06560724431818182,0.12100497159090909,0.0,0.0,0.0,0.0,0.0,0.0
gcc,0.038493430284475064,0.0752751804947331,0.07302639365605397,0.12912770742099658,0.12735234939046042,0.11646348680317198,0.11670020120724346,0.11220262752988519,0.06190081666469405,0.06568824712983785,0.12226298970292342,0.0,0.0,0.0,0.0,0.0,0.0
icc,0.009202036838367508,0.15188834154351397,0.030377668308702793,0.0665024630541872,0.04351395730706076,0.08538587848932677,0.055008210180623976,0.20279146141215107,0.1625615763546798,0.07717569786535304,0.031198686371100164,0.007389162561576354,0.0024630541871921183,0.018883415435139574,0.0024630541871921183,0.06239737274220033,0.0
gcc,0.04242456896551724,0.07785115570231141,0.07188214376428753,0.12585725171450343,0.13538227076454154,0.11684023368046736,0.10375920751841504,0.11099822199644399,0.06299212598425197,0.059690119380238764,0.134747269494539,0.0,0.0,0.0,0.0,0.0,0.0
icc,0.0011989435396056807,0.855072463768116,0.00966183574879227,0.00966183574879227,0.01932367149758454,0.014492753623188406,0.00966183574879227,0.024154589371980676,0.024154589371980676,0.00966183574879227,0.024154589371980676,0.0,0.0,0.0,0.0,0.0,0.0
icc,0.009819106107867157,0.08106622698543556,0.041220115416323165,0.08848584776037373,0.08766144545204727,0.1200879362462215,0.036273701566364384,0.2868920032976092,0.1604836493542182,0.05605935696619951,0.010442429238801869,0.00247320692497939,0.0008244023083264633,0.006320417697169552,0.0008244023083264633,0.020884858477603737,0.0
gcc,6.518218420485256e-05,0.07692307692307693,0.0,0.0,0.15384615384615385,0.07692307692307693,0.07692307692307693,0.07692307692307693,0.07692307692307693,0.07692307692307693,0.38461538461538464,0.0,0.0,0.0,0.0,0.0,0.0
clang,0.01929272728140557,0.10390895596239486,0.099208312716477,0.0917862444334488,0.09228104898565066,0.1041563582384958,0.045522018802572985,0.05096486887679367,0.046511627906976744,0.05220188025729837,0.31345868381989117,0.0,0.0,0.0,0.0,0.0,0.0
clang,0.019478353378171262,0.10043971302939135,0.1015968525804212,0.09465401527424207,0.09257116408238833,0.10252256422124509,0.04535987040037028,0.051608423975931496,0.046285582041194165,0.05230270770654941,0.31265910668826663,0.0,0.0,0.0,0.0,0.0,0.0
clang,0.0005629248136060126,0.24468085106382978,0.3191489361702128,0.2765957446808511,0.0425531914893617,0.010638297872340425,0.010638297872340425,0.010638297872340425,0.010638297872340425,0.010638297872340425,0.06382978723404255,0.0,0.0,0.0,0.0,0.0,0.0
